[DB DEBUG BOOT] SPRING_PROFILES_ACTIVE=local
[DB DEBUG BOOT] DB_URL=jdbc:postgresql://localhost:5433/aanirai
[DB DEBUG BOOT] DB_USERNAME=aanirai_user

  .   ____          _            __ _ _
 /\\ / ___'_ __ _ _(_)_ __  __ _ \ \ \ \
( ( )\___ | '_ | '_| | '_ \/ _` | \ \ \ \
 \\/  ___)| |_)| | | | | || (_| |  ) ) ) )
  '  |____| .__|_| |_|_| |_\__, | / / / /
 =========|_|==============|___/=/_/_/_/

 :: Spring Boot ::                (v3.5.6)

2025-10-14T17:30:01.045+05:30  INFO 2988 --- [midtier] [           main] com.aanirai.midtier.MidtierApplication   : Starting MidtierApplication v0.0.1-SNAPSHOT using Java 21.0.7 with PID 2988 (/Users/janani/Downloads/aaniraikaaththal/midtier/target/midtier-0.0.1-SNAPSHOT.jar started by janani in /Users/janani/Downloads/aaniraikaaththal/midtier)
2025-10-14T17:30:01.047+05:30  INFO 2988 --- [midtier] [           main] com.aanirai.midtier.MidtierApplication   : The following 1 profile is active: "local"
2025-10-14T17:30:01.916+05:30  INFO 2988 --- [midtier] [           main] .s.d.r.c.RepositoryConfigurationDelegate : Bootstrapping Spring Data JPA repositories in DEFAULT mode.
2025-10-14T17:30:01.978+05:30  INFO 2988 --- [midtier] [           main] .s.d.r.c.RepositoryConfigurationDelegate : Finished Spring Data repository scanning in 52 ms. Found 1 JPA repository interface.
2025-10-14T17:30:02.754+05:30  INFO 2988 --- [midtier] [           main] o.s.b.w.embedded.tomcat.TomcatWebServer  : Tomcat initialized with port 8080 (http)
2025-10-14T17:30:02.770+05:30  INFO 2988 --- [midtier] [           main] o.apache.catalina.core.StandardService   : Starting service [Tomcat]
2025-10-14T17:30:02.770+05:30  INFO 2988 --- [midtier] [           main] o.apache.catalina.core.StandardEngine    : Starting Servlet engine: [Apache Tomcat/10.1.46]
2025-10-14T17:30:02.801+05:30  INFO 2988 --- [midtier] [           main] o.a.c.c.C.[Tomcat].[localhost].[/]       : Initializing Spring embedded WebApplicationContext
2025-10-14T17:30:02.803+05:30  INFO 2988 --- [midtier] [           main] w.s.c.ServletWebServerApplicationContext : Root WebApplicationContext: initialization completed in 1695 ms
2025-10-14T17:30:02.901+05:30 DEBUG 2988 --- [midtier] [           main] com.zaxxer.hikari.HikariConfig           : Class org.postgresql.Driver found in Thread context class loader org.springframework.boot.loader.launch.LaunchedClassLoader@568db2f2
2025-10-14T17:30:03.009+05:30  INFO 2988 --- [midtier] [           main] o.hibernate.jpa.internal.util.LogHelper  : HHH000204: Processing PersistenceUnitInfo [name: default]
2025-10-14T17:30:03.101+05:30  INFO 2988 --- [midtier] [           main] org.hibernate.Version                    : HHH000412: Hibernate ORM core version 6.6.29.Final
2025-10-14T17:30:03.154+05:30  INFO 2988 --- [midtier] [           main] o.h.c.internal.RegionFactoryInitiator    : HHH000026: Second-level cache disabled
2025-10-14T17:30:03.558+05:30  INFO 2988 --- [midtier] [           main] o.s.o.j.p.SpringPersistenceUnitInfo      : No LoadTimeWeaver setup: ignoring JPA class transformer
2025-10-14T17:30:03.608+05:30 DEBUG 2988 --- [midtier] [           main] com.zaxxer.hikari.HikariConfig           : HikariPool-1 - configuration:
2025-10-14T17:30:03.613+05:30 DEBUG 2988 --- [midtier] [           main] com.zaxxer.hikari.HikariConfig           : allowPoolSuspension.............false
2025-10-14T17:30:03.613+05:30 DEBUG 2988 --- [midtier] [           main] com.zaxxer.hikari.HikariConfig           : autoCommit......................true
2025-10-14T17:30:03.614+05:30 DEBUG 2988 --- [midtier] [           main] com.zaxxer.hikari.HikariConfig           : catalog.........................none
2025-10-14T17:30:03.614+05:30 DEBUG 2988 --- [midtier] [           main] com.zaxxer.hikari.HikariConfig           : connectionInitSql...............none
2025-10-14T17:30:03.614+05:30 DEBUG 2988 --- [midtier] [           main] com.zaxxer.hikari.HikariConfig           : connectionTestQuery.............none
2025-10-14T17:30:03.615+05:30 DEBUG 2988 --- [midtier] [           main] com.zaxxer.hikari.HikariConfig           : connectionTimeout...............30000
2025-10-14T17:30:03.615+05:30 DEBUG 2988 --- [midtier] [           main] com.zaxxer.hikari.HikariConfig           : credentials.....................com.zaxxer.hikari.util.Credentials@2aa6bbad
2025-10-14T17:30:03.615+05:30 DEBUG 2988 --- [midtier] [           main] com.zaxxer.hikari.HikariConfig           : dataSource......................none
2025-10-14T17:30:03.615+05:30 DEBUG 2988 --- [midtier] [           main] com.zaxxer.hikari.HikariConfig           : dataSourceClassName.............none
2025-10-14T17:30:03.615+05:30 DEBUG 2988 --- [midtier] [           main] com.zaxxer.hikari.HikariConfig           : dataSourceJNDI..................none
2025-10-14T17:30:03.616+05:30 DEBUG 2988 --- [midtier] [           main] com.zaxxer.hikari.HikariConfig           : dataSourceProperties............{password=<masked>}
2025-10-14T17:30:03.616+05:30 DEBUG 2988 --- [midtier] [           main] com.zaxxer.hikari.HikariConfig           : driverClassName................."org.postgresql.Driver"
2025-10-14T17:30:03.616+05:30 DEBUG 2988 --- [midtier] [           main] com.zaxxer.hikari.HikariConfig           : exceptionOverride...............none
2025-10-14T17:30:03.616+05:30 DEBUG 2988 --- [midtier] [           main] com.zaxxer.hikari.HikariConfig           : exceptionOverrideClassName......none
2025-10-14T17:30:03.617+05:30 DEBUG 2988 --- [midtier] [           main] com.zaxxer.hikari.HikariConfig           : healthCheckProperties...........{}
2025-10-14T17:30:03.617+05:30 DEBUG 2988 --- [midtier] [           main] com.zaxxer.hikari.HikariConfig           : healthCheckRegistry.............none
2025-10-14T17:30:03.617+05:30 DEBUG 2988 --- [midtier] [           main] com.zaxxer.hikari.HikariConfig           : idleTimeout.....................600000
2025-10-14T17:30:03.617+05:30 DEBUG 2988 --- [midtier] [           main] com.zaxxer.hikari.HikariConfig           : initializationFailTimeout.......1
2025-10-14T17:30:03.617+05:30 DEBUG 2988 --- [midtier] [           main] com.zaxxer.hikari.HikariConfig           : isolateInternalQueries..........false
2025-10-14T17:30:03.618+05:30 DEBUG 2988 --- [midtier] [           main] com.zaxxer.hikari.HikariConfig           : jdbcUrl.........................jdbc:postgresql://localhost:5433/aanirai
2025-10-14T17:30:03.618+05:30 DEBUG 2988 --- [midtier] [           main] com.zaxxer.hikari.HikariConfig           : keepaliveTime...................120000
2025-10-14T17:30:03.618+05:30 DEBUG 2988 --- [midtier] [           main] com.zaxxer.hikari.HikariConfig           : leakDetectionThreshold..........0
2025-10-14T17:30:03.618+05:30 DEBUG 2988 --- [midtier] [           main] com.zaxxer.hikari.HikariConfig           : maxLifetime.....................1800000
2025-10-14T17:30:03.618+05:30 DEBUG 2988 --- [midtier] [           main] com.zaxxer.hikari.HikariConfig           : maximumPoolSize.................10
2025-10-14T17:30:03.618+05:30 DEBUG 2988 --- [midtier] [           main] com.zaxxer.hikari.HikariConfig           : metricRegistry..................none
2025-10-14T17:30:03.619+05:30 DEBUG 2988 --- [midtier] [           main] com.zaxxer.hikari.HikariConfig           : metricsTrackerFactory...........none
2025-10-14T17:30:03.619+05:30 DEBUG 2988 --- [midtier] [           main] com.zaxxer.hikari.HikariConfig           : minimumIdle.....................10
2025-10-14T17:30:03.619+05:30 DEBUG 2988 --- [midtier] [           main] com.zaxxer.hikari.HikariConfig           : password........................<masked>
2025-10-14T17:30:03.619+05:30 DEBUG 2988 --- [midtier] [           main] com.zaxxer.hikari.HikariConfig           : poolName........................"HikariPool-1"
2025-10-14T17:30:03.619+05:30 DEBUG 2988 --- [midtier] [           main] com.zaxxer.hikari.HikariConfig           : readOnly........................false
2025-10-14T17:30:03.619+05:30 DEBUG 2988 --- [midtier] [           main] com.zaxxer.hikari.HikariConfig           : registerMbeans..................false
2025-10-14T17:30:03.620+05:30 DEBUG 2988 --- [midtier] [           main] com.zaxxer.hikari.HikariConfig           : scheduledExecutor...............none
2025-10-14T17:30:03.620+05:30 DEBUG 2988 --- [midtier] [           main] com.zaxxer.hikari.HikariConfig           : schema..........................none
2025-10-14T17:30:03.620+05:30 DEBUG 2988 --- [midtier] [           main] com.zaxxer.hikari.HikariConfig           : threadFactory...................internal
2025-10-14T17:30:03.620+05:30 DEBUG 2988 --- [midtier] [           main] com.zaxxer.hikari.HikariConfig           : transactionIsolation............default
2025-10-14T17:30:03.620+05:30 DEBUG 2988 --- [midtier] [           main] com.zaxxer.hikari.HikariConfig           : username........................"aanirai_user"
2025-10-14T17:30:03.621+05:30 DEBUG 2988 --- [midtier] [           main] com.zaxxer.hikari.HikariConfig           : validationTimeout...............5000
2025-10-14T17:30:03.621+05:30  INFO 2988 --- [midtier] [           main] com.zaxxer.hikari.HikariDataSource       : HikariPool-1 - Starting...
2025-10-14T17:30:03.637+05:30 DEBUG 2988 --- [midtier] [           main] com.zaxxer.hikari.pool.PoolBase          : HikariPool-1 - Attempting to create/setup new connection (a7fde398-dba6-4cfd-a3d1-86394d77a8be)
2025-10-14T17:30:03.892+05:30 DEBUG 2988 --- [midtier] [           main] com.zaxxer.hikari.pool.PoolBase          : HikariPool-1 - Established new connection (a7fde398-dba6-4cfd-a3d1-86394d77a8be)
2025-10-14T17:30:03.893+05:30  INFO 2988 --- [midtier] [           main] com.zaxxer.hikari.pool.HikariPool        : HikariPool-1 - Added connection org.postgresql.jdbc.PgConnection@42ff9a77
2025-10-14T17:30:03.894+05:30  INFO 2988 --- [midtier] [           main] com.zaxxer.hikari.HikariDataSource       : HikariPool-1 - Start completed.
2025-10-14T17:30:03.919+05:30  WARN 2988 --- [midtier] [           main] org.hibernate.orm.deprecation            : HHH90000025: PostgreSQLDialect does not need to be specified explicitly using 'hibernate.dialect' (remove the property setting and it will be selected by default)
2025-10-14T17:30:03.950+05:30  INFO 2988 --- [midtier] [           main] org.hibernate.orm.connections.pooling    : HHH10001005: Database info:
	Database JDBC URL [Connecting through datasource 'HikariDataSource (HikariPool-1)']
	Database driver: undefined/unknown
	Database version: 17.5
	Autocommit mode: undefined/unknown
	Isolation level: undefined/unknown
	Minimum pool size: undefined/unknown
	Maximum pool size: undefined/unknown
2025-10-14T17:30:03.998+05:30 DEBUG 2988 --- [midtier] [l-1:housekeeper] com.zaxxer.hikari.pool.HikariPool        : HikariPool-1 - Pool stats (total=1/10, idle=1/10, active=0, waiting=0)
2025-10-14T17:30:03.999+05:30 DEBUG 2988 --- [midtier] [onnection-adder] com.zaxxer.hikari.pool.PoolBase          : HikariPool-1 - Attempting to create/setup new connection (7d5b37bd-e4f7-4085-b67e-321969fe1768)
2025-10-14T17:30:04.066+05:30 DEBUG 2988 --- [midtier] [onnection-adder] com.zaxxer.hikari.pool.PoolBase          : HikariPool-1 - Established new connection (7d5b37bd-e4f7-4085-b67e-321969fe1768)
2025-10-14T17:30:04.066+05:30 DEBUG 2988 --- [midtier] [onnection-adder] com.zaxxer.hikari.pool.HikariPool        : HikariPool-1 - Added connection org.postgresql.jdbc.PgConnection@3435263b
2025-10-14T17:30:04.098+05:30 DEBUG 2988 --- [midtier] [onnection-adder] com.zaxxer.hikari.pool.HikariPool        : HikariPool-1 - After adding stats (total=2/10, idle=2/10, active=0, waiting=0)
2025-10-14T17:30:04.099+05:30 DEBUG 2988 --- [midtier] [onnection-adder] com.zaxxer.hikari.pool.PoolBase          : HikariPool-1 - Attempting to create/setup new connection (b1ba2471-17eb-4709-8fa5-c24ea7bbc730)
2025-10-14T17:30:04.146+05:30 DEBUG 2988 --- [midtier] [onnection-adder] com.zaxxer.hikari.pool.PoolBase          : HikariPool-1 - Established new connection (b1ba2471-17eb-4709-8fa5-c24ea7bbc730)
2025-10-14T17:30:04.147+05:30 DEBUG 2988 --- [midtier] [onnection-adder] com.zaxxer.hikari.pool.HikariPool        : HikariPool-1 - Added connection org.postgresql.jdbc.PgConnection@3af2decd
2025-10-14T17:30:04.178+05:30 DEBUG 2988 --- [midtier] [onnection-adder] com.zaxxer.hikari.pool.HikariPool        : HikariPool-1 - After adding stats (total=3/10, idle=3/10, active=0, waiting=0)
2025-10-14T17:30:04.179+05:30 DEBUG 2988 --- [midtier] [onnection-adder] com.zaxxer.hikari.pool.PoolBase          : HikariPool-1 - Attempting to create/setup new connection (5043b35e-5a6d-4a66-9b26-5258b8d73c26)
2025-10-14T17:30:04.237+05:30 DEBUG 2988 --- [midtier] [onnection-adder] com.zaxxer.hikari.pool.PoolBase          : HikariPool-1 - Established new connection (5043b35e-5a6d-4a66-9b26-5258b8d73c26)
2025-10-14T17:30:04.237+05:30 DEBUG 2988 --- [midtier] [onnection-adder] com.zaxxer.hikari.pool.HikariPool        : HikariPool-1 - Added connection org.postgresql.jdbc.PgConnection@3ecd4d4b
2025-10-14T17:30:04.271+05:30 DEBUG 2988 --- [midtier] [onnection-adder] com.zaxxer.hikari.pool.HikariPool        : HikariPool-1 - After adding stats (total=4/10, idle=4/10, active=0, waiting=0)
2025-10-14T17:30:04.272+05:30 DEBUG 2988 --- [midtier] [onnection-adder] com.zaxxer.hikari.pool.PoolBase          : HikariPool-1 - Attempting to create/setup new connection (b9f86324-c8c8-4b4c-acf5-a38f76fe0748)
2025-10-14T17:30:04.309+05:30 DEBUG 2988 --- [midtier] [onnection-adder] com.zaxxer.hikari.pool.PoolBase          : HikariPool-1 - Established new connection (b9f86324-c8c8-4b4c-acf5-a38f76fe0748)
2025-10-14T17:30:04.309+05:30 DEBUG 2988 --- [midtier] [onnection-adder] com.zaxxer.hikari.pool.HikariPool        : HikariPool-1 - Added connection org.postgresql.jdbc.PgConnection@7bcfd4f6
2025-10-14T17:30:04.399+05:30 DEBUG 2988 --- [midtier] [onnection-adder] com.zaxxer.hikari.pool.HikariPool        : HikariPool-1 - After adding stats (total=5/10, idle=5/10, active=0, waiting=0)
2025-10-14T17:30:04.399+05:30 DEBUG 2988 --- [midtier] [onnection-adder] com.zaxxer.hikari.pool.PoolBase          : HikariPool-1 - Attempting to create/setup new connection (6e13a374-0d36-49f5-8624-ee20ff9545d7)
2025-10-14T17:30:04.453+05:30 DEBUG 2988 --- [midtier] [onnection-adder] com.zaxxer.hikari.pool.PoolBase          : HikariPool-1 - Established new connection (6e13a374-0d36-49f5-8624-ee20ff9545d7)
2025-10-14T17:30:04.454+05:30 DEBUG 2988 --- [midtier] [onnection-adder] com.zaxxer.hikari.pool.HikariPool        : HikariPool-1 - Added connection org.postgresql.jdbc.PgConnection@6656314a
2025-10-14T17:30:04.484+05:30 DEBUG 2988 --- [midtier] [onnection-adder] com.zaxxer.hikari.pool.HikariPool        : HikariPool-1 - After adding stats (total=6/10, idle=6/10, active=0, waiting=0)
2025-10-14T17:30:04.485+05:30 DEBUG 2988 --- [midtier] [onnection-adder] com.zaxxer.hikari.pool.PoolBase          : HikariPool-1 - Attempting to create/setup new connection (3197c96b-18ca-46c4-8104-0d9c7a443a86)
2025-10-14T17:30:04.519+05:30 DEBUG 2988 --- [midtier] [onnection-adder] com.zaxxer.hikari.pool.PoolBase          : HikariPool-1 - Established new connection (3197c96b-18ca-46c4-8104-0d9c7a443a86)
2025-10-14T17:30:04.519+05:30 DEBUG 2988 --- [midtier] [onnection-adder] com.zaxxer.hikari.pool.HikariPool        : HikariPool-1 - Added connection org.postgresql.jdbc.PgConnection@4a7e8ffb
2025-10-14T17:30:04.551+05:30 DEBUG 2988 --- [midtier] [onnection-adder] com.zaxxer.hikari.pool.HikariPool        : HikariPool-1 - After adding stats (total=7/10, idle=7/10, active=0, waiting=0)
2025-10-14T17:30:04.551+05:30 DEBUG 2988 --- [midtier] [onnection-adder] com.zaxxer.hikari.pool.PoolBase          : HikariPool-1 - Attempting to create/setup new connection (a8af0c62-94ec-43e4-a50f-4980fc43c688)
2025-10-14T17:30:04.588+05:30 DEBUG 2988 --- [midtier] [onnection-adder] com.zaxxer.hikari.pool.PoolBase          : HikariPool-1 - Established new connection (a8af0c62-94ec-43e4-a50f-4980fc43c688)
2025-10-14T17:30:04.588+05:30 DEBUG 2988 --- [midtier] [onnection-adder] com.zaxxer.hikari.pool.HikariPool        : HikariPool-1 - Added connection org.postgresql.jdbc.PgConnection@1e0d34ea
2025-10-14T17:30:04.618+05:30 DEBUG 2988 --- [midtier] [onnection-adder] com.zaxxer.hikari.pool.HikariPool        : HikariPool-1 - After adding stats (total=8/10, idle=8/10, active=0, waiting=0)
2025-10-14T17:30:04.619+05:30 DEBUG 2988 --- [midtier] [onnection-adder] com.zaxxer.hikari.pool.PoolBase          : HikariPool-1 - Attempting to create/setup new connection (3e23898d-7c52-4624-9353-f10eb9d2f73e)
2025-10-14T17:30:04.658+05:30 DEBUG 2988 --- [midtier] [onnection-adder] com.zaxxer.hikari.pool.PoolBase          : HikariPool-1 - Established new connection (3e23898d-7c52-4624-9353-f10eb9d2f73e)
2025-10-14T17:30:04.659+05:30 DEBUG 2988 --- [midtier] [onnection-adder] com.zaxxer.hikari.pool.HikariPool        : HikariPool-1 - Added connection org.postgresql.jdbc.PgConnection@1be02bb9
2025-10-14T17:30:04.694+05:30 DEBUG 2988 --- [midtier] [onnection-adder] com.zaxxer.hikari.pool.HikariPool        : HikariPool-1 - After adding stats (total=9/10, idle=9/10, active=0, waiting=0)
2025-10-14T17:30:04.694+05:30 DEBUG 2988 --- [midtier] [onnection-adder] com.zaxxer.hikari.pool.PoolBase          : HikariPool-1 - Attempting to create/setup new connection (77f7098f-430e-4b44-bd45-8fa82d52218c)
2025-10-14T17:30:04.715+05:30 DEBUG 2988 --- [midtier] [onnection-adder] com.zaxxer.hikari.pool.PoolBase          : HikariPool-1 - Established new connection (77f7098f-430e-4b44-bd45-8fa82d52218c)
2025-10-14T17:30:04.715+05:30 DEBUG 2988 --- [midtier] [onnection-adder] com.zaxxer.hikari.pool.HikariPool        : HikariPool-1 - Added connection org.postgresql.jdbc.PgConnection@4ceb95ee
2025-10-14T17:30:04.747+05:30 DEBUG 2988 --- [midtier] [onnection-adder] com.zaxxer.hikari.pool.HikariPool        : HikariPool-1 - After adding stats (total=10/10, idle=10/10, active=0, waiting=0)
2025-10-14T17:30:05.115+05:30  INFO 2988 --- [midtier] [           main] o.h.e.t.j.p.i.JtaPlatformInitiator       : HHH000489: No JTA platform available (set 'hibernate.transaction.jta.platform' to enable JTA platform integration)
2025-10-14T17:30:05.171+05:30  INFO 2988 --- [midtier] [           main] j.LocalContainerEntityManagerFactoryBean : Initialized JPA EntityManagerFactory for persistence unit 'default'
Loaded jwt.secret: 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 (length=35)
2025-10-14T17:30:05.572+05:30  WARN 2988 --- [midtier] [           main] JpaBaseConfiguration$JpaWebConfiguration : spring.jpa.open-in-view is enabled by default. Therefore, database queries may be performed during view rendering. Explicitly configure spring.jpa.open-in-view to disable this warning
2025-10-14T17:30:06.176+05:30  WARN 2988 --- [midtier] [           main] ion$DefaultTemplateResolverConfiguration : Cannot find template location: classpath:/templates/ (please add some templates, check your Thymeleaf configuration, or set spring.thymeleaf.check-template-location=false)
2025-10-14T17:30:06.403+05:30  INFO 2988 --- [midtier] [           main] o.s.b.w.embedded.tomcat.TomcatWebServer  : Tomcat started on port 8080 (http) with context path '/'
2025-10-14T17:30:06.414+05:30  INFO 2988 --- [midtier] [           main] com.aanirai.midtier.MidtierApplication   : Started MidtierApplication in 5.871 seconds (process running for 6.485)
2025-10-14T17:30:06.418+05:30  INFO 2988 --- [midtier] [           main] c.a.midtier.config.DbConnectionLogger    : [DB DEBUG] Active profiles: local
2025-10-14T17:30:06.418+05:30  INFO 2988 --- [midtier] [           main] c.a.midtier.config.DbConnectionLogger    : [DB DEBUG] spring.datasource.url: jdbc:postgresql://localhost:5433/aanirai
2025-10-14T17:30:06.418+05:30  INFO 2988 --- [midtier] [           main] c.a.midtier.config.DbConnectionLogger    : [DB DEBUG] spring.datasource.username: aanirai_user
2025-10-14T17:30:06.418+05:30  INFO 2988 --- [midtier] [           main] c.a.midtier.config.DbConnectionLogger    : [DB DEBUG] env DB_URL: jdbc:postgresql://localhost:5433/aanirai
2025-10-14T17:30:06.418+05:30  INFO 2988 --- [midtier] [           main] c.a.midtier.config.DbConnectionLogger    : [DB DEBUG] env DB_USERNAME: aanirai_user
2025-10-14T17:30:06.418+05:30  INFO 2988 --- [midtier] [           main] c.a.midtier.config.DbConnectionLogger    : [DB DEBUG] DataSource implementation: com.zaxxer.hikari.HikariDataSource
2025-10-14T17:30:06.418+05:30  INFO 2988 --- [midtier] [           main] c.a.midtier.config.DbConnectionLogger    : [DB DEBUG] Hikari jdbcUrl: jdbc:postgresql://localhost:5433/aanirai
2025-10-14T17:30:06.418+05:30  INFO 2988 --- [midtier] [           main] c.a.midtier.config.DbConnectionLogger    : [DB DEBUG] Hikari username: aanirai_user
2025-10-14T17:30:17.154+05:30  INFO 2988 --- [midtier] [nio-8080-exec-1] o.a.c.c.C.[Tomcat].[localhost].[/]       : Initializing Spring DispatcherServlet 'dispatcherServlet'
2025-10-14T17:30:17.154+05:30  INFO 2988 --- [midtier] [nio-8080-exec-1] o.s.web.servlet.DispatcherServlet        : Initializing Servlet 'dispatcherServlet'
2025-10-14T17:30:17.155+05:30  INFO 2988 --- [midtier] [nio-8080-exec-1] o.s.web.servlet.DispatcherServlet        : Completed initialization in 1 ms
2025-10-14T17:30:34.003+05:30 DEBUG 2988 --- [midtier] [l-1:housekeeper] com.zaxxer.hikari.pool.HikariPool        : HikariPool-1 - Pool stats (total=10/10, idle=10/10, active=0, waiting=0)
2025-10-14T17:30:34.004+05:30 DEBUG 2988 --- [midtier] [l-1:housekeeper] com.zaxxer.hikari.pool.HikariPool        : HikariPool-1 - Fill pool skipped, pool has sufficient level or currently being filled.
2025-10-14T17:31:04.009+05:30 DEBUG 2988 --- [midtier] [l-1:housekeeper] com.zaxxer.hikari.pool.HikariPool        : HikariPool-1 - Pool stats (total=10/10, idle=10/10, active=0, waiting=0)
2025-10-14T17:31:04.010+05:30 DEBUG 2988 --- [midtier] [l-1:housekeeper] com.zaxxer.hikari.pool.HikariPool        : HikariPool-1 - Fill pool skipped, pool has sufficient level or currently being filled.
2025-10-14T17:31:34.014+05:30 DEBUG 2988 --- [midtier] [l-1:housekeeper] com.zaxxer.hikari.pool.HikariPool        : HikariPool-1 - Pool stats (total=10/10, idle=10/10, active=0, waiting=0)
2025-10-14T17:31:34.015+05:30 DEBUG 2988 --- [midtier] [l-1:housekeeper] com.zaxxer.hikari.pool.HikariPool        : HikariPool-1 - Fill pool skipped, pool has sufficient level or currently being filled.
2025-10-14T17:31:42.383+05:30 DEBUG 2988 --- [midtier] [l-1:housekeeper] com.zaxxer.hikari.pool.HikariPool        : HikariPool-1 - keepalive: connection org.postgresql.jdbc.PgConnection@4a7e8ffb is alive
2025-10-14T17:31:44.594+05:30 DEBUG 2988 --- [midtier] [l-1:housekeeper] com.zaxxer.hikari.pool.HikariPool        : HikariPool-1 - keepalive: connection org.postgresql.jdbc.PgConnection@4ceb95ee is alive
2025-10-14T17:31:46.887+05:30 DEBUG 2988 --- [midtier] [l-1:housekeeper] com.zaxxer.hikari.pool.HikariPool        : HikariPool-1 - keepalive: connection org.postgresql.jdbc.PgConnection@42ff9a77 is alive
2025-10-14T17:31:48.265+05:30 DEBUG 2988 --- [midtier] [l-1:housekeeper] com.zaxxer.hikari.pool.HikariPool        : HikariPool-1 - keepalive: connection org.postgresql.jdbc.PgConnection@1be02bb9 is alive
2025-10-14T17:31:49.498+05:30 DEBUG 2988 --- [midtier] [l-1:housekeeper] com.zaxxer.hikari.pool.HikariPool        : HikariPool-1 - keepalive: connection org.postgresql.jdbc.PgConnection@3ecd4d4b is alive
2025-10-14T17:31:53.194+05:30 DEBUG 2988 --- [midtier] [l-1:housekeeper] com.zaxxer.hikari.pool.HikariPool        : HikariPool-1 - keepalive: connection org.postgresql.jdbc.PgConnection@6656314a is alive
2025-10-14T17:31:53.534+05:30 DEBUG 2988 --- [midtier] [l-1:housekeeper] com.zaxxer.hikari.pool.HikariPool        : HikariPool-1 - keepalive: connection org.postgresql.jdbc.PgConnection@1e0d34ea is alive
2025-10-14T17:31:58.122+05:30 DEBUG 2988 --- [midtier] [l-1:housekeeper] com.zaxxer.hikari.pool.HikariPool        : HikariPool-1 - keepalive: connection org.postgresql.jdbc.PgConnection@7bcfd4f6 is alive
2025-10-14T17:31:58.733+05:30 DEBUG 2988 --- [midtier] [l-1:housekeeper] com.zaxxer.hikari.pool.HikariPool        : HikariPool-1 - keepalive: connection org.postgresql.jdbc.PgConnection@3435263b is alive
2025-10-14T17:32:00.648+05:30 DEBUG 2988 --- [midtier] [l-1:housekeeper] com.zaxxer.hikari.pool.HikariPool        : HikariPool-1 - keepalive: connection org.postgresql.jdbc.PgConnection@3af2decd is alive
2025-10-14T17:32:04.020+05:30 DEBUG 2988 --- [midtier] [l-1:housekeeper] com.zaxxer.hikari.pool.HikariPool        : HikariPool-1 - Pool stats (total=10/10, idle=10/10, active=0, waiting=0)
2025-10-14T17:32:04.020+05:30 DEBUG 2988 --- [midtier] [l-1:housekeeper] com.zaxxer.hikari.pool.HikariPool        : HikariPool-1 - Fill pool skipped, pool has sufficient level or currently being filled.
2025-10-14T17:32:34.026+05:30 DEBUG 2988 --- [midtier] [l-1:housekeeper] com.zaxxer.hikari.pool.HikariPool        : HikariPool-1 - Pool stats (total=10/10, idle=10/10, active=0, waiting=0)
2025-10-14T17:32:34.027+05:30 DEBUG 2988 --- [midtier] [l-1:housekeeper] com.zaxxer.hikari.pool.HikariPool        : HikariPool-1 - Fill pool skipped, pool has sufficient level or currently being filled.
2025-10-14T17:33:04.032+05:30 DEBUG 2988 --- [midtier] [l-1:housekeeper] com.zaxxer.hikari.pool.HikariPool        : HikariPool-1 - Pool stats (total=10/10, idle=10/10, active=0, waiting=0)
2025-10-14T17:33:04.032+05:30 DEBUG 2988 --- [midtier] [l-1:housekeeper] com.zaxxer.hikari.pool.HikariPool        : HikariPool-1 - Fill pool skipped, pool has sufficient level or currently being filled.
2025-10-14T17:33:20.246+05:30 DEBUG 2988 --- [midtier] [l-1:housekeeper] com.zaxxer.hikari.pool.HikariPool        : HikariPool-1 - keepalive: connection org.postgresql.jdbc.PgConnection@4a7e8ffb is alive
2025-10-14T17:33:24.476+05:30 DEBUG 2988 --- [midtier] [l-1:housekeeper] com.zaxxer.hikari.pool.HikariPool        : HikariPool-1 - keepalive: connection org.postgresql.jdbc.PgConnection@4ceb95ee is alive
2025-10-14T17:33:29.882+05:30 DEBUG 2988 --- [midtier] [l-1:housekeeper] com.zaxxer.hikari.pool.HikariPool        : HikariPool-1 - keepalive: connection org.postgresql.jdbc.PgConnection@42ff9a77 is alive
2025-10-14T17:33:31.868+05:30 DEBUG 2988 --- [midtier] [l-1:housekeeper] com.zaxxer.hikari.pool.HikariPool        : HikariPool-1 - keepalive: connection org.postgresql.jdbc.PgConnection@1be02bb9 is alive
2025-10-14T17:33:34.038+05:30 DEBUG 2988 --- [midtier] [l-1:housekeeper] com.zaxxer.hikari.pool.HikariPool        : HikariPool-1 - Pool stats (total=10/10, idle=10/10, active=0, waiting=0)
2025-10-14T17:33:34.039+05:30 DEBUG 2988 --- [midtier] [l-1:housekeeper] com.zaxxer.hikari.pool.HikariPool        : HikariPool-1 - Fill pool skipped, pool has sufficient level or currently being filled.
2025-10-14T17:33:34.758+05:30 DEBUG 2988 --- [midtier] [l-1:housekeeper] com.zaxxer.hikari.pool.HikariPool        : HikariPool-1 - keepalive: connection org.postgresql.jdbc.PgConnection@3ecd4d4b is alive
2025-10-14T17:33:41.933+05:30 DEBUG 2988 --- [midtier] [l-1:housekeeper] com.zaxxer.hikari.pool.HikariPool        : HikariPool-1 - keepalive: connection org.postgresql.jdbc.PgConnection@6656314a is alive
2025-10-14T17:33:42.480+05:30 DEBUG 2988 --- [midtier] [l-1:housekeeper] com.zaxxer.hikari.pool.HikariPool        : HikariPool-1 - keepalive: connection org.postgresql.jdbc.PgConnection@1e0d34ea is alive
2025-10-14T17:33:51.922+05:30 DEBUG 2988 --- [midtier] [l-1:housekeeper] com.zaxxer.hikari.pool.HikariPool        : HikariPool-1 - keepalive: connection org.postgresql.jdbc.PgConnection@7bcfd4f6 is alive
2025-10-14T17:33:53.389+05:30 DEBUG 2988 --- [midtier] [l-1:housekeeper] com.zaxxer.hikari.pool.HikariPool        : HikariPool-1 - keepalive: connection org.postgresql.jdbc.PgConnection@3435263b is alive
2025-10-14T17:33:57.149+05:30 DEBUG 2988 --- [midtier] [l-1:housekeeper] com.zaxxer.hikari.pool.HikariPool        : HikariPool-1 - keepalive: connection org.postgresql.jdbc.PgConnection@3af2decd is alive
2025-10-14T17:34:04.043+05:30 DEBUG 2988 --- [midtier] [l-1:housekeeper] com.zaxxer.hikari.pool.HikariPool        : HikariPool-1 - Pool stats (total=10/10, idle=10/10, active=0, waiting=0)
2025-10-14T17:34:04.043+05:30 DEBUG 2988 --- [midtier] [l-1:housekeeper] com.zaxxer.hikari.pool.HikariPool        : HikariPool-1 - Fill pool skipped, pool has sufficient level or currently being filled.
2025-10-14T17:34:34.048+05:30 DEBUG 2988 --- [midtier] [l-1:housekeeper] com.zaxxer.hikari.pool.HikariPool        : HikariPool-1 - Pool stats (total=10/10, idle=10/10, active=0, waiting=0)
2025-10-14T17:34:34.048+05:30 DEBUG 2988 --- [midtier] [l-1:housekeeper] com.zaxxer.hikari.pool.HikariPool        : HikariPool-1 - Fill pool skipped, pool has sufficient level or currently being filled.
2025-10-14T17:34:58.109+05:30 DEBUG 2988 --- [midtier] [l-1:housekeeper] com.zaxxer.hikari.pool.HikariPool        : HikariPool-1 - keepalive: connection org.postgresql.jdbc.PgConnection@4a7e8ffb is alive
2025-10-14T17:35:04.054+05:30 DEBUG 2988 --- [midtier] [l-1:housekeeper] com.zaxxer.hikari.pool.HikariPool        : HikariPool-1 - Pool stats (total=10/10, idle=10/10, active=0, waiting=0)
2025-10-14T17:35:04.054+05:30 DEBUG 2988 --- [midtier] [l-1:housekeeper] com.zaxxer.hikari.pool.HikariPool        : HikariPool-1 - Fill pool skipped, pool has sufficient level or currently being filled.
2025-10-14T17:35:04.359+05:30 DEBUG 2988 --- [midtier] [l-1:housekeeper] com.zaxxer.hikari.pool.HikariPool        : HikariPool-1 - keepalive: connection org.postgresql.jdbc.PgConnection@4ceb95ee is alive
2025-10-14T17:35:12.879+05:30 DEBUG 2988 --- [midtier] [l-1:housekeeper] com.zaxxer.hikari.pool.HikariPool        : HikariPool-1 - keepalive: connection org.postgresql.jdbc.PgConnection@42ff9a77 is alive
2025-10-14T17:35:15.476+05:30 DEBUG 2988 --- [midtier] [l-1:housekeeper] com.zaxxer.hikari.pool.HikariPool        : HikariPool-1 - keepalive: connection org.postgresql.jdbc.PgConnection@1be02bb9 is alive
2025-10-14T17:35:20.018+05:30 DEBUG 2988 --- [midtier] [l-1:housekeeper] com.zaxxer.hikari.pool.HikariPool        : HikariPool-1 - keepalive: connection org.postgresql.jdbc.PgConnection@3ecd4d4b is alive
2025-10-14T17:35:30.668+05:30 DEBUG 2988 --- [midtier] [l-1:housekeeper] com.zaxxer.hikari.pool.HikariPool        : HikariPool-1 - keepalive: connection org.postgresql.jdbc.PgConnection@6656314a is alive
2025-10-14T17:35:31.427+05:30 DEBUG 2988 --- [midtier] [l-1:housekeeper] com.zaxxer.hikari.pool.HikariPool        : HikariPool-1 - keepalive: connection org.postgresql.jdbc.PgConnection@1e0d34ea is alive
2025-10-14T17:35:34.059+05:30 DEBUG 2988 --- [midtier] [l-1:housekeeper] com.zaxxer.hikari.pool.HikariPool        : HikariPool-1 - Pool stats (total=10/10, idle=10/10, active=0, waiting=0)
2025-10-14T17:35:34.060+05:30 DEBUG 2988 --- [midtier] [l-1:housekeeper] com.zaxxer.hikari.pool.HikariPool        : HikariPool-1 - Fill pool skipped, pool has sufficient level or currently being filled.
2025-10-14T17:35:45.721+05:30 DEBUG 2988 --- [midtier] [l-1:housekeeper] com.zaxxer.hikari.pool.HikariPool        : HikariPool-1 - keepalive: connection org.postgresql.jdbc.PgConnection@7bcfd4f6 is alive
2025-10-14T17:35:48.044+05:30 DEBUG 2988 --- [midtier] [l-1:housekeeper] com.zaxxer.hikari.pool.HikariPool        : HikariPool-1 - keepalive: connection org.postgresql.jdbc.PgConnection@3435263b is alive
2025-10-14T17:35:53.650+05:30 DEBUG 2988 --- [midtier] [l-1:housekeeper] com.zaxxer.hikari.pool.HikariPool        : HikariPool-1 - keepalive: connection org.postgresql.jdbc.PgConnection@3af2decd is alive
2025-10-14T17:36:04.065+05:30 DEBUG 2988 --- [midtier] [l-1:housekeeper] com.zaxxer.hikari.pool.HikariPool        : HikariPool-1 - Pool stats (total=10/10, idle=10/10, active=0, waiting=0)
2025-10-14T17:36:04.065+05:30 DEBUG 2988 --- [midtier] [l-1:housekeeper] com.zaxxer.hikari.pool.HikariPool        : HikariPool-1 - Fill pool skipped, pool has sufficient level or currently being filled.
2025-10-14T17:36:34.068+05:30 DEBUG 2988 --- [midtier] [l-1:housekeeper] com.zaxxer.hikari.pool.HikariPool        : HikariPool-1 - Pool stats (total=10/10, idle=10/10, active=0, waiting=0)
2025-10-14T17:36:34.069+05:30 DEBUG 2988 --- [midtier] [l-1:housekeeper] com.zaxxer.hikari.pool.HikariPool        : HikariPool-1 - Fill pool skipped, pool has sufficient level or currently being filled.
2025-10-14T17:36:35.973+05:30 DEBUG 2988 --- [midtier] [l-1:housekeeper] com.zaxxer.hikari.pool.HikariPool        : HikariPool-1 - keepalive: connection org.postgresql.jdbc.PgConnection@4a7e8ffb is alive
2025-10-14T17:36:44.242+05:30 DEBUG 2988 --- [midtier] [l-1:housekeeper] com.zaxxer.hikari.pool.HikariPool        : HikariPool-1 - keepalive: connection org.postgresql.jdbc.PgConnection@4ceb95ee is alive
2025-10-14T17:36:55.874+05:30 DEBUG 2988 --- [midtier] [l-1:housekeeper] com.zaxxer.hikari.pool.HikariPool        : HikariPool-1 - keepalive: connection org.postgresql.jdbc.PgConnection@42ff9a77 is alive
2025-10-14T17:36:59.081+05:30 DEBUG 2988 --- [midtier] [l-1:housekeeper] com.zaxxer.hikari.pool.HikariPool        : HikariPool-1 - keepalive: connection org.postgresql.jdbc.PgConnection@1be02bb9 is alive
2025-10-14T17:37:04.073+05:30 DEBUG 2988 --- [midtier] [l-1:housekeeper] com.zaxxer.hikari.pool.HikariPool        : HikariPool-1 - Pool stats (total=10/10, idle=10/10, active=0, waiting=0)
2025-10-14T17:37:04.073+05:30 DEBUG 2988 --- [midtier] [l-1:housekeeper] com.zaxxer.hikari.pool.HikariPool        : HikariPool-1 - Fill pool skipped, pool has sufficient level or currently being filled.
2025-10-14T17:37:05.281+05:30 DEBUG 2988 --- [midtier] [l-1:housekeeper] com.zaxxer.hikari.pool.HikariPool        : HikariPool-1 - keepalive: connection org.postgresql.jdbc.PgConnection@3ecd4d4b is alive
2025-10-14T17:37:19.406+05:30 DEBUG 2988 --- [midtier] [l-1:housekeeper] com.zaxxer.hikari.pool.HikariPool        : HikariPool-1 - keepalive: connection org.postgresql.jdbc.PgConnection@6656314a is alive
2025-10-14T17:37:20.375+05:30 DEBUG 2988 --- [midtier] [l-1:housekeeper] com.zaxxer.hikari.pool.HikariPool        : HikariPool-1 - keepalive: connection org.postgresql.jdbc.PgConnection@1e0d34ea is alive
2025-10-14T17:37:34.089+05:30 DEBUG 2988 --- [midtier] [l-1:housekeeper] com.zaxxer.hikari.pool.HikariPool        : HikariPool-1 - Pool stats (total=10/10, idle=10/10, active=0, waiting=0)
2025-10-14T17:37:34.128+05:30 DEBUG 2988 --- [midtier] [l-1:housekeeper] com.zaxxer.hikari.pool.HikariPool        : HikariPool-1 - Fill pool skipped, pool has sufficient level or currently being filled.
2025-10-14T17:37:39.522+05:30 DEBUG 2988 --- [midtier] [l-1:housekeeper] com.zaxxer.hikari.pool.HikariPool        : HikariPool-1 - keepalive: connection org.postgresql.jdbc.PgConnection@7bcfd4f6 is alive
2025-10-14T17:37:42.700+05:30 DEBUG 2988 --- [midtier] [l-1:housekeeper] com.zaxxer.hikari.pool.HikariPool        : HikariPool-1 - keepalive: connection org.postgresql.jdbc.PgConnection@3435263b is alive
2025-10-14T17:37:50.156+05:30 DEBUG 2988 --- [midtier] [l-1:housekeeper] com.zaxxer.hikari.pool.HikariPool        : HikariPool-1 - keepalive: connection org.postgresql.jdbc.PgConnection@3af2decd is alive
2025-10-14T17:38:04.137+05:30 DEBUG 2988 --- [midtier] [l-1:housekeeper] com.zaxxer.hikari.pool.HikariPool        : HikariPool-1 - Pool stats (total=10/10, idle=10/10, active=0, waiting=0)
2025-10-14T17:38:04.137+05:30 DEBUG 2988 --- [midtier] [l-1:housekeeper] com.zaxxer.hikari.pool.HikariPool        : HikariPool-1 - Fill pool skipped, pool has sufficient level or currently being filled.
2025-10-14T17:38:13.840+05:30 DEBUG 2988 --- [midtier] [l-1:housekeeper] com.zaxxer.hikari.pool.HikariPool        : HikariPool-1 - keepalive: connection org.postgresql.jdbc.PgConnection@4a7e8ffb is alive
2025-10-14T17:38:24.123+05:30 DEBUG 2988 --- [midtier] [l-1:housekeeper] com.zaxxer.hikari.pool.HikariPool        : HikariPool-1 - keepalive: connection org.postgresql.jdbc.PgConnection@4ceb95ee is alive
2025-10-14T17:38:34.145+05:30 DEBUG 2988 --- [midtier] [l-1:housekeeper] com.zaxxer.hikari.pool.HikariPool        : HikariPool-1 - Pool stats (total=10/10, idle=10/10, active=0, waiting=0)
2025-10-14T17:38:34.146+05:30 DEBUG 2988 --- [midtier] [l-1:housekeeper] com.zaxxer.hikari.pool.HikariPool        : HikariPool-1 - Fill pool skipped, pool has sufficient level or currently being filled.
2025-10-14T17:38:38.873+05:30 DEBUG 2988 --- [midtier] [l-1:housekeeper] com.zaxxer.hikari.pool.HikariPool        : HikariPool-1 - keepalive: connection org.postgresql.jdbc.PgConnection@42ff9a77 is alive
2025-10-14T17:38:42.694+05:30 DEBUG 2988 --- [midtier] [l-1:housekeeper] com.zaxxer.hikari.pool.HikariPool        : HikariPool-1 - keepalive: connection org.postgresql.jdbc.PgConnection@1be02bb9 is alive
2025-10-14T17:38:50.546+05:30 DEBUG 2988 --- [midtier] [l-1:housekeeper] com.zaxxer.hikari.pool.HikariPool        : HikariPool-1 - keepalive: connection org.postgresql.jdbc.PgConnection@3ecd4d4b is alive
2025-10-14T17:39:04.145+05:30 DEBUG 2988 --- [midtier] [l-1:housekeeper] com.zaxxer.hikari.pool.HikariPool        : HikariPool-1 - Pool stats (total=10/10, idle=10/10, active=0, waiting=0)
2025-10-14T17:39:04.146+05:30 DEBUG 2988 --- [midtier] [l-1:housekeeper] com.zaxxer.hikari.pool.HikariPool        : HikariPool-1 - Fill pool skipped, pool has sufficient level or currently being filled.
2025-10-14T17:39:08.141+05:30 DEBUG 2988 --- [midtier] [l-1:housekeeper] com.zaxxer.hikari.pool.HikariPool        : HikariPool-1 - keepalive: connection org.postgresql.jdbc.PgConnection@6656314a is alive
2025-10-14T17:39:09.317+05:30 DEBUG 2988 --- [midtier] [l-1:housekeeper] com.zaxxer.hikari.pool.HikariPool        : HikariPool-1 - keepalive: connection org.postgresql.jdbc.PgConnection@1e0d34ea is alive
2025-10-14T17:39:33.308+05:30 DEBUG 2988 --- [midtier] [l-1:housekeeper] com.zaxxer.hikari.pool.HikariPool        : HikariPool-1 - keepalive: connection org.postgresql.jdbc.PgConnection@7bcfd4f6 is alive
2025-10-14T17:39:34.149+05:30 DEBUG 2988 --- [midtier] [l-1:housekeeper] com.zaxxer.hikari.pool.HikariPool        : HikariPool-1 - Pool stats (total=10/10, idle=10/10, active=0, waiting=0)
2025-10-14T17:39:34.150+05:30 DEBUG 2988 --- [midtier] [l-1:housekeeper] com.zaxxer.hikari.pool.HikariPool        : HikariPool-1 - Fill pool skipped, pool has sufficient level or currently being filled.
2025-10-14T17:39:37.345+05:30 DEBUG 2988 --- [midtier] [l-1:housekeeper] com.zaxxer.hikari.pool.HikariPool        : HikariPool-1 - keepalive: connection org.postgresql.jdbc.PgConnection@3435263b is alive
2025-10-14T17:39:46.645+05:30 DEBUG 2988 --- [midtier] [l-1:housekeeper] com.zaxxer.hikari.pool.HikariPool        : HikariPool-1 - keepalive: connection org.postgresql.jdbc.PgConnection@3af2decd is alive
2025-10-14T17:39:51.768+05:30 DEBUG 2988 --- [midtier] [l-1:housekeeper] com.zaxxer.hikari.pool.HikariPool        : HikariPool-1 - keepalive: connection org.postgresql.jdbc.PgConnection@4a7e8ffb is alive
2025-10-14T17:40:04.084+05:30 DEBUG 2988 --- [midtier] [l-1:housekeeper] com.zaxxer.hikari.pool.HikariPool        : HikariPool-1 - keepalive: connection org.postgresql.jdbc.PgConnection@4ceb95ee is alive
2025-10-14T17:40:04.236+05:30 DEBUG 2988 --- [midtier] [l-1:housekeeper] com.zaxxer.hikari.pool.HikariPool        : HikariPool-1 - Pool stats (total=10/10, idle=10/10, active=0, waiting=0)
2025-10-14T17:40:04.236+05:30 DEBUG 2988 --- [midtier] [l-1:housekeeper] com.zaxxer.hikari.pool.HikariPool        : HikariPool-1 - Fill pool skipped, pool has sufficient level or currently being filled.
2025-10-14T17:40:21.936+05:30 DEBUG 2988 --- [midtier] [l-1:housekeeper] com.zaxxer.hikari.pool.HikariPool        : HikariPool-1 - keepalive: connection org.postgresql.jdbc.PgConnection@42ff9a77 is alive
2025-10-14T17:40:26.360+05:30 DEBUG 2988 --- [midtier] [l-1:housekeeper] com.zaxxer.hikari.pool.HikariPool        : HikariPool-1 - keepalive: connection org.postgresql.jdbc.PgConnection@1be02bb9 is alive
2025-10-14T17:40:34.242+05:30 DEBUG 2988 --- [midtier] [l-1:housekeeper] com.zaxxer.hikari.pool.HikariPool        : HikariPool-1 - Pool stats (total=10/10, idle=10/10, active=0, waiting=0)
2025-10-14T17:40:34.242+05:30 DEBUG 2988 --- [midtier] [l-1:housekeeper] com.zaxxer.hikari.pool.HikariPool        : HikariPool-1 - Fill pool skipped, pool has sufficient level or currently being filled.
2025-10-14T17:40:35.873+05:30 DEBUG 2988 --- [midtier] [l-1:housekeeper] com.zaxxer.hikari.pool.HikariPool        : HikariPool-1 - keepalive: connection org.postgresql.jdbc.PgConnection@3ecd4d4b is alive
2025-10-14T17:40:56.952+05:30 DEBUG 2988 --- [midtier] [l-1:housekeeper] com.zaxxer.hikari.pool.HikariPool        : HikariPool-1 - keepalive: connection org.postgresql.jdbc.PgConnection@6656314a is alive
2025-10-14T17:40:58.341+05:30 DEBUG 2988 --- [midtier] [l-1:housekeeper] com.zaxxer.hikari.pool.HikariPool        : HikariPool-1 - keepalive: connection org.postgresql.jdbc.PgConnection@1e0d34ea is alive
2025-10-14T17:41:04.251+05:30 DEBUG 2988 --- [midtier] [l-1:housekeeper] com.zaxxer.hikari.pool.HikariPool        : HikariPool-1 - Pool stats (total=10/10, idle=10/10, active=0, waiting=0)
2025-10-14T17:41:04.251+05:30 DEBUG 2988 --- [midtier] [l-1:housekeeper] com.zaxxer.hikari.pool.HikariPool        : HikariPool-1 - Fill pool skipped, pool has sufficient level or currently being filled.
2025-10-14T17:41:27.187+05:30 DEBUG 2988 --- [midtier] [l-1:housekeeper] com.zaxxer.hikari.pool.HikariPool        : HikariPool-1 - keepalive: connection org.postgresql.jdbc.PgConnection@7bcfd4f6 is alive
2025-10-14T17:41:29.636+05:30 DEBUG 2988 --- [midtier] [l-1:housekeeper] com.zaxxer.hikari.pool.HikariPool        : HikariPool-1 - keepalive: connection org.postgresql.jdbc.PgConnection@4a7e8ffb is alive
2025-10-14T17:41:32.076+05:30 DEBUG 2988 --- [midtier] [l-1:housekeeper] com.zaxxer.hikari.pool.HikariPool        : HikariPool-1 - keepalive: connection org.postgresql.jdbc.PgConnection@3435263b is alive
2025-10-14T17:41:34.262+05:30 DEBUG 2988 --- [midtier] [l-1:housekeeper] com.zaxxer.hikari.pool.HikariPool        : HikariPool-1 - Pool stats (total=10/10, idle=10/10, active=0, waiting=0)
2025-10-14T17:41:34.262+05:30 DEBUG 2988 --- [midtier] [l-1:housekeeper] com.zaxxer.hikari.pool.HikariPool        : HikariPool-1 - Fill pool skipped, pool has sufficient level or currently being filled.
2025-10-14T17:41:43.225+05:30 DEBUG 2988 --- [midtier] [l-1:housekeeper] com.zaxxer.hikari.pool.HikariPool        : HikariPool-1 - keepalive: connection org.postgresql.jdbc.PgConnection@3af2decd is alive
2025-10-14T17:41:43.969+05:30 DEBUG 2988 --- [midtier] [l-1:housekeeper] com.zaxxer.hikari.pool.HikariPool        : HikariPool-1 - keepalive: connection org.postgresql.jdbc.PgConnection@4ceb95ee is alive
2025-10-14T17:42:04.268+05:30 DEBUG 2988 --- [midtier] [l-1:housekeeper] com.zaxxer.hikari.pool.HikariPool        : HikariPool-1 - Pool stats (total=10/10, idle=10/10, active=0, waiting=0)
2025-10-14T17:42:04.269+05:30 DEBUG 2988 --- [midtier] [l-1:housekeeper] com.zaxxer.hikari.pool.HikariPool        : HikariPool-1 - Fill pool skipped, pool has sufficient level or currently being filled.
2025-10-14T17:42:04.939+05:30 DEBUG 2988 --- [midtier] [l-1:housekeeper] com.zaxxer.hikari.pool.HikariPool        : HikariPool-1 - keepalive: connection org.postgresql.jdbc.PgConnection@42ff9a77 is alive
2025-10-14T17:42:09.970+05:30 DEBUG 2988 --- [midtier] [l-1:housekeeper] com.zaxxer.hikari.pool.HikariPool        : HikariPool-1 - keepalive: connection org.postgresql.jdbc.PgConnection@1be02bb9 is alive
2025-10-14T17:42:21.137+05:30 DEBUG 2988 --- [midtier] [l-1:housekeeper] com.zaxxer.hikari.pool.HikariPool        : HikariPool-1 - keepalive: connection org.postgresql.jdbc.PgConnection@3ecd4d4b is alive
2025-10-14T17:42:34.277+05:30 DEBUG 2988 --- [midtier] [l-1:housekeeper] com.zaxxer.hikari.pool.HikariPool        : HikariPool-1 - Pool stats (total=10/10, idle=10/10, active=0, waiting=0)
2025-10-14T17:42:34.279+05:30 DEBUG 2988 --- [midtier] [l-1:housekeeper] com.zaxxer.hikari.pool.HikariPool        : HikariPool-1 - Fill pool skipped, pool has sufficient level or currently being filled.
2025-10-14T17:42:45.700+05:30 DEBUG 2988 --- [midtier] [l-1:housekeeper] com.zaxxer.hikari.pool.HikariPool        : HikariPool-1 - keepalive: connection org.postgresql.jdbc.PgConnection@6656314a is alive
2025-10-14T17:42:47.296+05:30 DEBUG 2988 --- [midtier] [l-1:housekeeper] com.zaxxer.hikari.pool.HikariPool        : HikariPool-1 - keepalive: connection org.postgresql.jdbc.PgConnection@1e0d34ea is alive
2025-10-14T17:43:11.345+05:30 DEBUG 2988 --- [midtier] [l-1:housekeeper] com.zaxxer.hikari.pool.HikariPool        : HikariPool-1 - Pool stats (total=10/10, idle=10/10, active=0, waiting=0)
2025-10-14T17:43:11.697+05:30 DEBUG 2988 --- [midtier] [l-1:housekeeper] com.zaxxer.hikari.pool.HikariPool        : HikariPool-1 - Fill pool skipped, pool has sufficient level or currently being filled.
2025-10-14T17:43:13.587+05:30 DEBUG 2988 --- [midtier] [l-1:housekeeper] com.zaxxer.hikari.pool.HikariPool        : HikariPool-1 - keepalive: connection org.postgresql.jdbc.PgConnection@4a7e8ffb is alive
2025-10-14T17:43:27.084+05:30 DEBUG 2988 --- [midtier] [l-1:housekeeper] com.zaxxer.hikari.pool.HikariPool        : HikariPool-1 - keepalive: connection org.postgresql.jdbc.PgConnection@7bcfd4f6 is alive
2025-10-14T17:43:29.945+05:30 DEBUG 2988 --- [midtier] [l-1:housekeeper] com.zaxxer.hikari.pool.HikariPool        : HikariPool-1 - keepalive: connection org.postgresql.jdbc.PgConnection@4ceb95ee is alive
2025-10-14T17:43:32.821+05:30 DEBUG 2988 --- [midtier] [l-1:housekeeper] com.zaxxer.hikari.pool.HikariPool        : HikariPool-1 - keepalive: connection org.postgresql.jdbc.PgConnection@3435263b is alive
2025-10-14T17:43:41.704+05:30 DEBUG 2988 --- [midtier] [l-1:housekeeper] com.zaxxer.hikari.pool.HikariPool        : HikariPool-1 - Pool stats (total=10/10, idle=10/10, active=0, waiting=0)
2025-10-14T17:43:41.704+05:30 DEBUG 2988 --- [midtier] [l-1:housekeeper] com.zaxxer.hikari.pool.HikariPool        : HikariPool-1 - Fill pool skipped, pool has sufficient level or currently being filled.
2025-10-14T17:43:45.814+05:30 DEBUG 2988 --- [midtier] [l-1:housekeeper] com.zaxxer.hikari.pool.HikariPool        : HikariPool-1 - keepalive: connection org.postgresql.jdbc.PgConnection@3af2decd is alive
2025-10-14T17:43:54.021+05:30 DEBUG 2988 --- [midtier] [l-1:housekeeper] com.zaxxer.hikari.pool.HikariPool        : HikariPool-1 - keepalive: connection org.postgresql.jdbc.PgConnection@42ff9a77 is alive
2025-10-14T17:43:59.670+05:30 DEBUG 2988 --- [midtier] [l-1:housekeeper] com.zaxxer.hikari.pool.HikariPool        : HikariPool-1 - keepalive: connection org.postgresql.jdbc.PgConnection@1be02bb9 is alive
2025-10-14T17:44:17.911+05:30 DEBUG 2988 --- [midtier] [l-1:housekeeper] com.zaxxer.hikari.pool.HikariPool        : HikariPool-1 - Pool stats (total=10/10, idle=10/10, active=0, waiting=0)
2025-10-14T17:44:17.913+05:30 DEBUG 2988 --- [midtier] [l-1:housekeeper] com.zaxxer.hikari.pool.HikariPool        : HikariPool-1 - Fill pool skipped, pool has sufficient level or currently being filled.
2025-10-14T17:44:18.680+05:30 DEBUG 2988 --- [midtier] [l-1:housekeeper] com.zaxxer.hikari.pool.HikariPool        : HikariPool-1 - keepalive: connection org.postgresql.jdbc.PgConnection@3ecd4d4b is alive
2025-10-14T17:44:46.724+05:30 DEBUG 2988 --- [midtier] [l-1:housekeeper] com.zaxxer.hikari.pool.HikariPool        : HikariPool-1 - keepalive: connection org.postgresql.jdbc.PgConnection@6656314a is alive
2025-10-14T17:44:47.914+05:30 DEBUG 2988 --- [midtier] [l-1:housekeeper] com.zaxxer.hikari.pool.HikariPool        : HikariPool-1 - Pool stats (total=10/10, idle=10/10, active=0, waiting=0)
2025-10-14T17:44:47.914+05:30 DEBUG 2988 --- [midtier] [l-1:housekeeper] com.zaxxer.hikari.pool.HikariPool        : HikariPool-1 - Fill pool skipped, pool has sufficient level or currently being filled.
2025-10-14T17:44:48.519+05:30 DEBUG 2988 --- [midtier] [l-1:housekeeper] com.zaxxer.hikari.pool.HikariPool        : HikariPool-1 - keepalive: connection org.postgresql.jdbc.PgConnection@1e0d34ea is alive
2025-10-14T17:44:57.656+05:30 DEBUG 2988 --- [midtier] [l-1:housekeeper] com.zaxxer.hikari.pool.HikariPool        : HikariPool-1 - keepalive: connection org.postgresql.jdbc.PgConnection@4a7e8ffb is alive
2025-10-14T18:00:39.807+05:30 DEBUG 2988 --- [midtier] [l-1:housekeeper] com.zaxxer.hikari.pool.HikariPool        : HikariPool-1 - keepalive: connection org.postgresql.jdbc.PgConnection@4ceb95ee is alive
2025-10-14T18:00:41.706+05:30  WARN 2988 --- [midtier] [l-1:housekeeper] com.zaxxer.hikari.pool.HikariPool        : HikariPool-1 - Thread starvation or clock leap detected (housekeeper delta=15m53s782ms).
2025-10-14T18:00:41.707+05:30 DEBUG 2988 --- [midtier] [l-1:housekeeper] com.zaxxer.hikari.pool.HikariPool        : HikariPool-1 - Pool stats (total=10/10, idle=10/10, active=0, waiting=0)
2025-10-14T18:00:41.707+05:30 DEBUG 2988 --- [midtier] [l-1:housekeeper] com.zaxxer.hikari.pool.HikariPool        : HikariPool-1 - Fill pool skipped, pool has sufficient level or currently being filled.
2025-10-14T18:00:50.862+05:30 DEBUG 2988 --- [midtier] [l-1:housekeeper] com.zaxxer.hikari.pool.HikariPool        : HikariPool-1 - keepalive: connection org.postgresql.jdbc.PgConnection@7bcfd4f6 is alive
2025-10-14T18:00:57.455+05:30 DEBUG 2988 --- [midtier] [l-1:housekeeper] com.zaxxer.hikari.pool.HikariPool        : HikariPool-1 - keepalive: connection org.postgresql.jdbc.PgConnection@3435263b is alive
2025-10-14T18:01:07.005+05:30 DEBUG 2988 --- [midtier] [l-1:housekeeper] com.zaxxer.hikari.pool.HikariPool        : HikariPool-1 - keepalive: connection org.postgresql.jdbc.PgConnection@42ff9a77 is alive
2025-10-14T18:01:11.713+05:30 DEBUG 2988 --- [midtier] [l-1:housekeeper] com.zaxxer.hikari.pool.HikariPool        : HikariPool-1 - Pool stats (total=10/10, idle=10/10, active=0, waiting=0)
2025-10-14T18:01:11.714+05:30 DEBUG 2988 --- [midtier] [l-1:housekeeper] com.zaxxer.hikari.pool.HikariPool        : HikariPool-1 - Fill pool skipped, pool has sufficient level or currently being filled.
2025-10-14T18:01:12.305+05:30 DEBUG 2988 --- [midtier] [l-1:housekeeper] com.zaxxer.hikari.pool.HikariPool        : HikariPool-1 - keepalive: connection org.postgresql.jdbc.PgConnection@3af2decd is alive
2025-10-14T18:01:13.255+05:30 DEBUG 2988 --- [midtier] [l-1:housekeeper] com.zaxxer.hikari.pool.HikariPool        : HikariPool-1 - keepalive: connection org.postgresql.jdbc.PgConnection@1be02bb9 is alive
2025-10-14T18:05:37.369+05:30 DEBUG 2988 --- [midtier] [l-1:housekeeper] com.zaxxer.hikari.pool.HikariPool        : HikariPool-1 - keepalive: connection org.postgresql.jdbc.PgConnection@3ecd4d4b is alive
2025-10-14T18:05:51.367+05:30  WARN 2988 --- [midtier] [l-1:housekeeper] com.zaxxer.hikari.pool.HikariPool        : HikariPool-1 - Thread starvation or clock leap detected (housekeeper delta=4m39s654ms).
2025-10-14T18:05:51.367+05:30 DEBUG 2988 --- [midtier] [l-1:housekeeper] com.zaxxer.hikari.pool.HikariPool        : HikariPool-1 - Pool stats (total=10/10, idle=10/10, active=0, waiting=0)
2025-10-14T18:05:51.367+05:30 DEBUG 2988 --- [midtier] [l-1:housekeeper] com.zaxxer.hikari.pool.HikariPool        : HikariPool-1 - Fill pool skipped, pool has sufficient level or currently being filled.
2025-10-14T18:06:08.883+05:30 DEBUG 2988 --- [midtier] [l-1:housekeeper] com.zaxxer.hikari.pool.HikariPool        : HikariPool-1 - keepalive: connection org.postgresql.jdbc.PgConnection@6656314a is alive
2025-10-14T18:06:08.937+05:30 DEBUG 2988 --- [midtier] [l-1:housekeeper] com.zaxxer.hikari.pool.HikariPool        : HikariPool-1 - keepalive: connection org.postgresql.jdbc.PgConnection@4a7e8ffb is alive
2025-10-14T18:06:10.884+05:30 DEBUG 2988 --- [midtier] [l-1:housekeeper] com.zaxxer.hikari.pool.HikariPool        : HikariPool-1 - keepalive: connection org.postgresql.jdbc.PgConnection@1e0d34ea is alive
2025-10-14T18:08:55.769+05:30  WARN 2988 --- [midtier] [l-1:housekeeper] com.zaxxer.hikari.pool.HikariPool        : HikariPool-1 - Thread starvation or clock leap detected (housekeeper delta=3m4s402ms).
2025-10-14T18:08:55.769+05:30 DEBUG 2988 --- [midtier] [l-1:housekeeper] com.zaxxer.hikari.pool.HikariPool        : HikariPool-1 - Pool stats (total=10/10, idle=10/10, active=0, waiting=0)
2025-10-14T18:08:55.770+05:30 DEBUG 2988 --- [midtier] [l-1:housekeeper] com.zaxxer.hikari.pool.HikariPool        : HikariPool-1 - Fill pool skipped, pool has sufficient level or currently being filled.
2025-10-14T18:09:03.718+05:30 DEBUG 2988 --- [midtier] [l-1:housekeeper] com.zaxxer.hikari.pool.HikariPool        : HikariPool-1 - keepalive: connection org.postgresql.jdbc.PgConnection@4ceb95ee is alive
2025-10-14T18:09:32.087+05:30 DEBUG 2988 --- [midtier] [l-1:housekeeper] com.zaxxer.hikari.pool.HikariPool        : HikariPool-1 - Pool stats (total=10/10, idle=10/10, active=0, waiting=0)
2025-10-14T18:09:32.088+05:30 DEBUG 2988 --- [midtier] [l-1:housekeeper] com.zaxxer.hikari.pool.HikariPool        : HikariPool-1 - Fill pool skipped, pool has sufficient level or currently being filled.
2025-10-14T18:09:35.005+05:30 DEBUG 2988 --- [midtier] [l-1:housekeeper] com.zaxxer.hikari.pool.HikariPool        : HikariPool-1 - keepalive: connection org.postgresql.jdbc.PgConnection@7bcfd4f6 is alive
2025-10-14T18:09:40.350+05:30 DEBUG 2988 --- [midtier] [l-1:housekeeper] com.zaxxer.hikari.pool.HikariPool        : HikariPool-1 - keepalive: connection org.postgresql.jdbc.PgConnection@42ff9a77 is alive
2025-10-14T18:09:42.457+05:30 DEBUG 2988 --- [midtier] [l-1:housekeeper] com.zaxxer.hikari.pool.HikariPool        : HikariPool-1 - keepalive: connection org.postgresql.jdbc.PgConnection@3435263b is alive
2025-10-14T18:09:47.204+05:30 DEBUG 2988 --- [midtier] [l-1:housekeeper] com.zaxxer.hikari.pool.HikariPool        : HikariPool-1 - keepalive: connection org.postgresql.jdbc.PgConnection@1be02bb9 is alive
2025-10-14T18:09:59.159+05:30 DEBUG 2988 --- [midtier] [l-1:housekeeper] com.zaxxer.hikari.pool.HikariPool        : HikariPool-1 - keepalive: connection org.postgresql.jdbc.PgConnection@3af2decd is alive
2025-10-14T18:10:02.095+05:30 DEBUG 2988 --- [midtier] [l-1:housekeeper] com.zaxxer.hikari.pool.HikariPool        : HikariPool-1 - Pool stats (total=10/10, idle=10/10, active=0, waiting=0)
2025-10-14T18:10:02.095+05:30 DEBUG 2988 --- [midtier] [l-1:housekeeper] com.zaxxer.hikari.pool.HikariPool        : HikariPool-1 - Fill pool skipped, pool has sufficient level or currently being filled.
2025-10-14T18:10:03.329+05:30 DEBUG 2988 --- [midtier] [l-1:housekeeper] com.zaxxer.hikari.pool.HikariPool        : HikariPool-1 - keepalive: connection org.postgresql.jdbc.PgConnection@3ecd4d4b is alive
2025-10-14T18:10:33.922+05:30 DEBUG 2988 --- [midtier] [l-1:housekeeper] com.zaxxer.hikari.pool.HikariPool        : HikariPool-1 - keepalive: connection org.postgresql.jdbc.PgConnection@4a7e8ffb is alive
2025-10-14T18:10:38.524+05:30 DEBUG 2988 --- [midtier] [l-1:housekeeper] com.zaxxer.hikari.pool.HikariPool        : HikariPool-1 - Pool stats (total=10/10, idle=10/10, active=0, waiting=0)
2025-10-14T18:10:38.525+05:30 DEBUG 2988 --- [midtier] [l-1:housekeeper] com.zaxxer.hikari.pool.HikariPool        : HikariPool-1 - Fill pool skipped, pool has sufficient level or currently being filled.
2025-10-14T18:10:44.740+05:30 DEBUG 2988 --- [midtier] [l-1:housekeeper] com.zaxxer.hikari.pool.HikariPool        : HikariPool-1 - keepalive: connection org.postgresql.jdbc.PgConnection@6656314a is alive
2025-10-14T18:10:46.954+05:30 DEBUG 2988 --- [midtier] [l-1:housekeeper] com.zaxxer.hikari.pool.HikariPool        : HikariPool-1 - keepalive: connection org.postgresql.jdbc.PgConnection@1e0d34ea is alive
2025-10-14T18:10:56.330+05:30 DEBUG 2988 --- [midtier] [l-1:housekeeper] com.zaxxer.hikari.pool.HikariPool        : HikariPool-1 - keepalive: connection org.postgresql.jdbc.PgConnection@4ceb95ee is alive
2025-10-14T18:11:08.535+05:30 DEBUG 2988 --- [midtier] [l-1:housekeeper] com.zaxxer.hikari.pool.HikariPool        : HikariPool-1 - Pool stats (total=10/10, idle=10/10, active=0, waiting=0)
2025-10-14T18:11:08.536+05:30 DEBUG 2988 --- [midtier] [l-1:housekeeper] com.zaxxer.hikari.pool.HikariPool        : HikariPool-1 - Fill pool skipped, pool has sufficient level or currently being filled.
2025-10-14T18:11:35.877+05:30 DEBUG 2988 --- [midtier] [l-1:housekeeper] com.zaxxer.hikari.pool.HikariPool        : HikariPool-1 - keepalive: connection org.postgresql.jdbc.PgConnection@42ff9a77 is alive
2025-10-14T18:11:41.332+05:30 DEBUG 2988 --- [midtier] [l-1:housekeeper] com.zaxxer.hikari.pool.HikariPool        : HikariPool-1 - keepalive: connection org.postgresql.jdbc.PgConnection@7bcfd4f6 is alive
2025-10-14T18:11:43.337+05:30 DEBUG 2988 --- [midtier] [l-1:housekeeper] com.zaxxer.hikari.pool.HikariPool        : HikariPool-1 - keepalive: connection org.postgresql.jdbc.PgConnection@1be02bb9 is alive
2025-10-14T18:11:44.647+05:30 DEBUG 2988 --- [midtier] [l-1:housekeeper] com.zaxxer.hikari.pool.HikariPool        : HikariPool-1 - Pool stats (total=10/10, idle=10/10, active=0, waiting=0)
2025-10-14T18:11:44.647+05:30 DEBUG 2988 --- [midtier] [l-1:housekeeper] com.zaxxer.hikari.pool.HikariPool        : HikariPool-1 - Fill pool skipped, pool has sufficient level or currently being filled.
2025-10-14T18:11:49.638+05:30 DEBUG 2988 --- [midtier] [l-1:housekeeper] com.zaxxer.hikari.pool.HikariPool        : HikariPool-1 - keepalive: connection org.postgresql.jdbc.PgConnection@3435263b is alive
2025-10-14T18:12:01.117+05:30 DEBUG 2988 --- [midtier] [l-1:housekeeper] com.zaxxer.hikari.pool.HikariPool        : HikariPool-1 - keepalive: connection org.postgresql.jdbc.PgConnection@3ecd4d4b is alive
2025-10-14T18:12:08.182+05:30 DEBUG 2988 --- [midtier] [l-1:housekeeper] com.zaxxer.hikari.pool.HikariPool        : HikariPool-1 - keepalive: connection org.postgresql.jdbc.PgConnection@3af2decd is alive
2025-10-14T18:12:21.078+05:30 DEBUG 2988 --- [midtier] [l-1:housekeeper] com.zaxxer.hikari.pool.HikariPool        : HikariPool-1 - Pool stats (total=10/10, idle=10/10, active=0, waiting=0)
2025-10-14T18:12:21.079+05:30 DEBUG 2988 --- [midtier] [l-1:housekeeper] com.zaxxer.hikari.pool.HikariPool        : HikariPool-1 - Fill pool skipped, pool has sufficient level or currently being filled.
2025-10-14T18:12:24.315+05:30 DEBUG 2988 --- [midtier] [l-1:housekeeper] com.zaxxer.hikari.pool.HikariPool        : HikariPool-1 - keepalive: connection org.postgresql.jdbc.PgConnection@4a7e8ffb is alive
2025-10-14T18:12:46.009+05:30 DEBUG 2988 --- [midtier] [l-1:housekeeper] com.zaxxer.hikari.pool.HikariPool        : HikariPool-1 - keepalive: connection org.postgresql.jdbc.PgConnection@6656314a is alive
2025-10-14T18:12:48.426+05:30 DEBUG 2988 --- [midtier] [l-1:housekeeper] com.zaxxer.hikari.pool.HikariPool        : HikariPool-1 - keepalive: connection org.postgresql.jdbc.PgConnection@1e0d34ea is alive
2025-10-14T18:12:48.741+05:30 DEBUG 2988 --- [midtier] [l-1:housekeeper] com.zaxxer.hikari.pool.HikariPool        : HikariPool-1 - keepalive: connection org.postgresql.jdbc.PgConnection@4ceb95ee is alive
2025-10-14T18:12:51.087+05:30 DEBUG 2988 --- [midtier] [l-1:housekeeper] com.zaxxer.hikari.pool.HikariPool        : HikariPool-1 - Pool stats (total=10/10, idle=10/10, active=0, waiting=0)
2025-10-14T18:12:51.088+05:30 DEBUG 2988 --- [midtier] [l-1:housekeeper] com.zaxxer.hikari.pool.HikariPool        : HikariPool-1 - Fill pool skipped, pool has sufficient level or currently being filled.
2025-10-14T18:13:27.505+05:30 DEBUG 2988 --- [midtier] [l-1:housekeeper] com.zaxxer.hikari.pool.HikariPool        : HikariPool-1 - Pool stats (total=10/10, idle=10/10, active=0, waiting=0)
2025-10-14T18:13:27.507+05:30 DEBUG 2988 --- [midtier] [l-1:housekeeper] com.zaxxer.hikari.pool.HikariPool        : HikariPool-1 - Fill pool skipped, pool has sufficient level or currently being filled.
2025-10-14T18:13:31.714+05:30 DEBUG 2988 --- [midtier] [l-1:housekeeper] com.zaxxer.hikari.pool.HikariPool        : HikariPool-1 - keepalive: connection org.postgresql.jdbc.PgConnection@42ff9a77 is alive
2025-10-14T18:13:39.778+05:30 DEBUG 2988 --- [midtier] [l-1:housekeeper] com.zaxxer.hikari.pool.HikariPool        : HikariPool-1 - keepalive: connection org.postgresql.jdbc.PgConnection@1be02bb9 is alive
2025-10-14T18:13:47.966+05:30 DEBUG 2988 --- [midtier] [l-1:housekeeper] com.zaxxer.hikari.pool.HikariPool        : HikariPool-1 - keepalive: connection org.postgresql.jdbc.PgConnection@7bcfd4f6 is alive
2025-10-14T18:13:57.128+05:30 DEBUG 2988 --- [midtier] [l-1:housekeeper] com.zaxxer.hikari.pool.HikariPool        : HikariPool-1 - keepalive: connection org.postgresql.jdbc.PgConnection@3435263b is alive
2025-10-14T18:13:57.518+05:30 DEBUG 2988 --- [midtier] [l-1:housekeeper] com.zaxxer.hikari.pool.HikariPool        : HikariPool-1 - Pool stats (total=10/10, idle=10/10, active=0, waiting=0)
2025-10-14T18:13:57.518+05:30 DEBUG 2988 --- [midtier] [l-1:housekeeper] com.zaxxer.hikari.pool.HikariPool        : HikariPool-1 - Fill pool skipped, pool has sufficient level or currently being filled.
2025-10-14T18:13:59.217+05:30 DEBUG 2988 --- [midtier] [l-1:housekeeper] com.zaxxer.hikari.pool.HikariPool        : HikariPool-1 - keepalive: connection org.postgresql.jdbc.PgConnection@3ecd4d4b is alive
2025-10-14T18:14:15.477+05:30 DEBUG 2988 --- [midtier] [l-1:housekeeper] com.zaxxer.hikari.pool.HikariPool        : HikariPool-1 - keepalive: connection org.postgresql.jdbc.PgConnection@4a7e8ffb is alive
2025-10-14T18:14:23.940+05:30 DEBUG 2988 --- [midtier] [l-1:housekeeper] com.zaxxer.hikari.pool.HikariPool        : HikariPool-1 - keepalive: connection org.postgresql.jdbc.PgConnection@3af2decd is alive
2025-10-14T18:14:33.945+05:30 DEBUG 2988 --- [midtier] [l-1:housekeeper] com.zaxxer.hikari.pool.HikariPool        : HikariPool-1 - Pool stats (total=10/10, idle=10/10, active=0, waiting=0)
2025-10-14T18:14:33.945+05:30 DEBUG 2988 --- [midtier] [l-1:housekeeper] com.zaxxer.hikari.pool.HikariPool        : HikariPool-1 - Fill pool skipped, pool has sufficient level or currently being filled.
2025-10-14T18:14:41.461+05:30 DEBUG 2988 --- [midtier] [l-1:housekeeper] com.zaxxer.hikari.pool.HikariPool        : HikariPool-1 - keepalive: connection org.postgresql.jdbc.PgConnection@4ceb95ee is alive
2025-10-14T18:14:47.586+05:30 DEBUG 2988 --- [midtier] [l-1:housekeeper] com.zaxxer.hikari.pool.HikariPool        : HikariPool-1 - keepalive: connection org.postgresql.jdbc.PgConnection@6656314a is alive
2025-10-14T18:14:50.205+05:30 DEBUG 2988 --- [midtier] [l-1:housekeeper] com.zaxxer.hikari.pool.HikariPool        : HikariPool-1 - keepalive: connection org.postgresql.jdbc.PgConnection@1e0d34ea is alive
2025-10-14T18:15:03.948+05:30 DEBUG 2988 --- [midtier] [l-1:housekeeper] com.zaxxer.hikari.pool.HikariPool        : HikariPool-1 - Pool stats (total=10/10, idle=10/10, active=0, waiting=0)
2025-10-14T18:15:03.948+05:30 DEBUG 2988 --- [midtier] [l-1:housekeeper] com.zaxxer.hikari.pool.HikariPool        : HikariPool-1 - Fill pool skipped, pool has sufficient level or currently being filled.
2025-10-14T18:15:27.608+05:30 DEBUG 2988 --- [midtier] [l-1:housekeeper] com.zaxxer.hikari.pool.HikariPool        : HikariPool-1 - keepalive: connection org.postgresql.jdbc.PgConnection@42ff9a77 is alive
2025-10-14T18:15:36.278+05:30 DEBUG 2988 --- [midtier] [l-1:housekeeper] com.zaxxer.hikari.pool.HikariPool        : HikariPool-1 - keepalive: connection org.postgresql.jdbc.PgConnection@1be02bb9 is alive
2025-10-14T18:15:40.426+05:30 DEBUG 2988 --- [midtier] [l-1:housekeeper] com.zaxxer.hikari.pool.HikariPool        : HikariPool-1 - Pool stats (total=10/10, idle=10/10, active=0, waiting=0)
2025-10-14T18:15:40.426+05:30 DEBUG 2988 --- [midtier] [l-1:housekeeper] com.zaxxer.hikari.pool.HikariPool        : HikariPool-1 - Fill pool skipped, pool has sufficient level or currently being filled.
2025-10-14T18:15:54.660+05:30 DEBUG 2988 --- [midtier] [l-1:housekeeper] com.zaxxer.hikari.pool.HikariPool        : HikariPool-1 - keepalive: connection org.postgresql.jdbc.PgConnection@7bcfd4f6 is alive
2025-10-14T18:15:57.377+05:30 DEBUG 2988 --- [midtier] [l-1:housekeeper] com.zaxxer.hikari.pool.HikariPool        : HikariPool-1 - keepalive: connection org.postgresql.jdbc.PgConnection@3ecd4d4b is alive
2025-10-14T18:15:59.807+05:30 DEBUG 2988 --- [midtier] [l-1:housekeeper] com.zaxxer.hikari.pool.HikariPool        : HikariPool-1 - keepalive: connection org.postgresql.jdbc.PgConnection@4a7e8ffb is alive
2025-10-14T18:16:11.477+05:30 DEBUG 2988 --- [midtier] [l-1:housekeeper] com.zaxxer.hikari.pool.HikariPool        : HikariPool-1 - keepalive: connection org.postgresql.jdbc.PgConnection@3435263b is alive
2025-10-14T18:16:16.918+05:30 DEBUG 2988 --- [midtier] [l-1:housekeeper] com.zaxxer.hikari.pool.HikariPool        : HikariPool-1 - Pool stats (total=10/10, idle=10/10, active=0, waiting=0)
2025-10-14T18:16:16.918+05:30 DEBUG 2988 --- [midtier] [l-1:housekeeper] com.zaxxer.hikari.pool.HikariPool        : HikariPool-1 - Fill pool skipped, pool has sufficient level or currently being filled.
2025-10-14T18:16:33.396+05:30 DEBUG 2988 --- [midtier] [l-1:housekeeper] com.zaxxer.hikari.pool.HikariPool        : HikariPool-1 - keepalive: connection org.postgresql.jdbc.PgConnection@3af2decd is alive
2025-10-14T18:16:34.298+05:30 DEBUG 2988 --- [midtier] [l-1:housekeeper] com.zaxxer.hikari.pool.HikariPool        : HikariPool-1 - keepalive: connection org.postgresql.jdbc.PgConnection@4ceb95ee is alive
2025-10-14T18:16:46.933+05:30 DEBUG 2988 --- [midtier] [l-1:housekeeper] com.zaxxer.hikari.pool.HikariPool        : HikariPool-1 - Pool stats (total=10/10, idle=10/10, active=0, waiting=0)
2025-10-14T18:16:46.933+05:30 DEBUG 2988 --- [midtier] [l-1:housekeeper] com.zaxxer.hikari.pool.HikariPool        : HikariPool-1 - Fill pool skipped, pool has sufficient level or currently being filled.
2025-10-14T18:16:49.284+05:30 DEBUG 2988 --- [midtier] [l-1:housekeeper] com.zaxxer.hikari.pool.HikariPool        : HikariPool-1 - keepalive: connection org.postgresql.jdbc.PgConnection@6656314a is alive
2025-10-14T18:16:52.114+05:30 DEBUG 2988 --- [midtier] [l-1:housekeeper] com.zaxxer.hikari.pool.HikariPool        : HikariPool-1 - keepalive: connection org.postgresql.jdbc.PgConnection@1e0d34ea is alive
2025-10-14T18:16:54.793+05:30 DEBUG 2988 --- [midtier] [nnection-closer] com.zaxxer.hikari.pool.PoolBase          : HikariPool-1 - Closing connection org.postgresql.jdbc.PgConnection@42ff9a77: (connection has passed maxLifetime)
2025-10-14T18:16:54.804+05:30 DEBUG 2988 --- [midtier] [onnection-adder] com.zaxxer.hikari.pool.PoolBase          : HikariPool-1 - Attempting to create/setup new connection (61206e09-9be0-4fb5-bae8-2809d66173a2)
2025-10-14T18:16:54.892+05:30 DEBUG 2988 --- [midtier] [onnection-adder] com.zaxxer.hikari.pool.PoolBase          : HikariPool-1 - Established new connection (61206e09-9be0-4fb5-bae8-2809d66173a2)
2025-10-14T18:16:54.892+05:30 DEBUG 2988 --- [midtier] [onnection-adder] com.zaxxer.hikari.pool.HikariPool        : HikariPool-1 - Added connection org.postgresql.jdbc.PgConnection@5777b34b
2025-10-14T18:17:23.405+05:30 DEBUG 2988 --- [midtier] [l-1:housekeeper] com.zaxxer.hikari.pool.HikariPool        : HikariPool-1 - Pool stats (total=10/10, idle=10/10, active=0, waiting=0)
2025-10-14T18:17:23.407+05:30 DEBUG 2988 --- [midtier] [l-1:housekeeper] com.zaxxer.hikari.pool.HikariPool        : HikariPool-1 - Fill pool skipped, pool has sufficient level or currently being filled.
2025-10-14T18:17:32.842+05:30 DEBUG 2988 --- [midtier] [l-1:housekeeper] com.zaxxer.hikari.pool.HikariPool        : HikariPool-1 - keepalive: connection org.postgresql.jdbc.PgConnection@1be02bb9 is alive
2025-10-14T18:17:38.272+05:30 DEBUG 2988 --- [midtier] [nnection-closer] com.zaxxer.hikari.pool.PoolBase          : HikariPool-1 - Closing connection org.postgresql.jdbc.PgConnection@3435263b: (connection has passed maxLifetime)
2025-10-14T18:17:38.276+05:30 DEBUG 2988 --- [midtier] [onnection-adder] com.zaxxer.hikari.pool.PoolBase          : HikariPool-1 - Attempting to create/setup new connection (18b012e6-0589-4193-b174-4f14c8808cf3)
2025-10-14T18:17:38.334+05:30 DEBUG 2988 --- [midtier] [onnection-adder] com.zaxxer.hikari.pool.PoolBase          : HikariPool-1 - Established new connection (18b012e6-0589-4193-b174-4f14c8808cf3)
2025-10-14T18:17:38.335+05:30 DEBUG 2988 --- [midtier] [onnection-adder] com.zaxxer.hikari.pool.HikariPool        : HikariPool-1 - Added connection org.postgresql.jdbc.PgConnection@34979682
2025-10-14T18:17:50.629+05:30 DEBUG 2988 --- [midtier] [l-1:housekeeper] com.zaxxer.hikari.pool.HikariPool        : HikariPool-1 - keepalive: connection org.postgresql.jdbc.PgConnection@4a7e8ffb is alive
2025-10-14T18:17:53.415+05:30 DEBUG 2988 --- [midtier] [l-1:housekeeper] com.zaxxer.hikari.pool.HikariPool        : HikariPool-1 - Pool stats (total=10/10, idle=10/10, active=0, waiting=0)
2025-10-14T18:17:53.415+05:30 DEBUG 2988 --- [midtier] [l-1:housekeeper] com.zaxxer.hikari.pool.HikariPool        : HikariPool-1 - Fill pool skipped, pool has sufficient level or currently being filled.
2025-10-14T18:17:55.589+05:30 DEBUG 2988 --- [midtier] [l-1:housekeeper] com.zaxxer.hikari.pool.HikariPool        : HikariPool-1 - keepalive: connection org.postgresql.jdbc.PgConnection@3ecd4d4b is alive
2025-10-14T18:18:07.734+05:30 DEBUG 2988 --- [midtier] [l-1:housekeeper] com.zaxxer.hikari.pool.HikariPool        : HikariPool-1 - keepalive: connection org.postgresql.jdbc.PgConnection@7bcfd4f6 is alive
2025-10-14T18:18:14.074+05:30 DEBUG 2988 --- [midtier] [nnection-closer] com.zaxxer.hikari.pool.PoolBase          : HikariPool-1 - Closing connection org.postgresql.jdbc.PgConnection@4a7e8ffb: (connection has passed maxLifetime)
2025-10-14T18:18:14.075+05:30 DEBUG 2988 --- [midtier] [onnection-adder] com.zaxxer.hikari.pool.PoolBase          : HikariPool-1 - Attempting to create/setup new connection (a0d12fd5-b1ac-4686-ab16-07ca31391303)
2025-10-14T18:18:14.091+05:30 DEBUG 2988 --- [midtier] [onnection-adder] com.zaxxer.hikari.pool.PoolBase          : HikariPool-1 - Established new connection (a0d12fd5-b1ac-4686-ab16-07ca31391303)
2025-10-14T18:18:14.091+05:30 DEBUG 2988 --- [midtier] [onnection-adder] com.zaxxer.hikari.pool.HikariPool        : HikariPool-1 - Added connection org.postgresql.jdbc.PgConnection@8ef32fb
2025-10-14T18:18:18.437+05:30 DEBUG 2988 --- [midtier] [nnection-closer] com.zaxxer.hikari.pool.PoolBase          : HikariPool-1 - Closing connection org.postgresql.jdbc.PgConnection@1e0d34ea: (connection has passed maxLifetime)
2025-10-14T18:18:18.438+05:30 DEBUG 2988 --- [midtier] [onnection-adder] com.zaxxer.hikari.pool.PoolBase          : HikariPool-1 - Attempting to create/setup new connection (3f4d6011-c461-4af9-b0fe-0d9cb0845bd7)
2025-10-14T18:18:18.464+05:30 DEBUG 2988 --- [midtier] [onnection-adder] com.zaxxer.hikari.pool.PoolBase          : HikariPool-1 - Established new connection (3f4d6011-c461-4af9-b0fe-0d9cb0845bd7)
2025-10-14T18:18:18.465+05:30 DEBUG 2988 --- [midtier] [onnection-adder] com.zaxxer.hikari.pool.HikariPool        : HikariPool-1 - Added connection org.postgresql.jdbc.PgConnection@628dd96
2025-10-14T18:18:26.978+05:30 DEBUG 2988 --- [midtier] [l-1:housekeeper] com.zaxxer.hikari.pool.HikariPool        : HikariPool-1 - keepalive: connection org.postgresql.jdbc.PgConnection@4ceb95ee is alive
2025-10-14T18:18:29.743+05:30 DEBUG 2988 --- [midtier] [l-1:housekeeper] com.zaxxer.hikari.pool.HikariPool        : HikariPool-1 - Pool stats (total=10/10, idle=10/10, active=0, waiting=0)
2025-10-14T18:18:29.744+05:30 DEBUG 2988 --- [midtier] [l-1:housekeeper] com.zaxxer.hikari.pool.HikariPool        : HikariPool-1 - Fill pool skipped, pool has sufficient level or currently being filled.
2025-10-14T18:18:42.695+05:30 DEBUG 2988 --- [midtier] [l-1:housekeeper] com.zaxxer.hikari.pool.HikariPool        : HikariPool-1 - keepalive: connection org.postgresql.jdbc.PgConnection@3af2decd is alive
2025-10-14T18:18:50.811+05:30 DEBUG 2988 --- [midtier] [l-1:housekeeper] com.zaxxer.hikari.pool.HikariPool        : HikariPool-1 - keepalive: connection org.postgresql.jdbc.PgConnection@6656314a is alive
2025-10-14T18:18:56.741+05:30 DEBUG 2988 --- [midtier] [nnection-closer] com.zaxxer.hikari.pool.PoolBase          : HikariPool-1 - Closing connection org.postgresql.jdbc.PgConnection@7bcfd4f6: (connection has passed maxLifetime)
2025-10-14T18:18:56.743+05:30 DEBUG 2988 --- [midtier] [onnection-adder] com.zaxxer.hikari.pool.PoolBase          : HikariPool-1 - Attempting to create/setup new connection (16fd8b44-42c6-425c-b19f-9f7c5a416fcf)
2025-10-14T18:18:56.767+05:30 DEBUG 2988 --- [midtier] [onnection-adder] com.zaxxer.hikari.pool.PoolBase          : HikariPool-1 - Established new connection (16fd8b44-42c6-425c-b19f-9f7c5a416fcf)
2025-10-14T18:18:56.767+05:30 DEBUG 2988 --- [midtier] [onnection-adder] com.zaxxer.hikari.pool.HikariPool        : HikariPool-1 - Added connection org.postgresql.jdbc.PgConnection@4359602a
2025-10-14T18:19:06.151+05:30 DEBUG 2988 --- [midtier] [l-1:housekeeper] com.zaxxer.hikari.pool.HikariPool        : HikariPool-1 - Pool stats (total=10/10, idle=10/10, active=0, waiting=0)
2025-10-14T18:19:06.151+05:30 DEBUG 2988 --- [midtier] [l-1:housekeeper] com.zaxxer.hikari.pool.HikariPool        : HikariPool-1 - Fill pool skipped, pool has sufficient level or currently being filled.
2025-10-14T18:19:11.047+05:30 DEBUG 2988 --- [midtier] [l-1:housekeeper] com.zaxxer.hikari.pool.HikariPool        : HikariPool-1 - keepalive: connection org.postgresql.jdbc.PgConnection@5777b34b is alive
2025-10-14T18:19:29.182+05:30 DEBUG 2988 --- [midtier] [l-1:housekeeper] com.zaxxer.hikari.pool.HikariPool        : HikariPool-1 - keepalive: connection org.postgresql.jdbc.PgConnection@1be02bb9 is alive
2025-10-14T18:19:36.153+05:30 DEBUG 2988 --- [midtier] [l-1:housekeeper] com.zaxxer.hikari.pool.HikariPool        : HikariPool-1 - Pool stats (total=10/10, idle=10/10, active=0, waiting=0)
2025-10-14T18:19:36.154+05:30 DEBUG 2988 --- [midtier] [l-1:housekeeper] com.zaxxer.hikari.pool.HikariPool        : HikariPool-1 - Fill pool skipped, pool has sufficient level or currently being filled.
2025-10-14T18:19:40.490+05:30 DEBUG 2988 --- [midtier] [nnection-closer] com.zaxxer.hikari.pool.PoolBase          : HikariPool-1 - Closing connection org.postgresql.jdbc.PgConnection@3af2decd: (connection has passed maxLifetime)
2025-10-14T18:19:40.491+05:30 DEBUG 2988 --- [midtier] [onnection-adder] com.zaxxer.hikari.pool.PoolBase          : HikariPool-1 - Attempting to create/setup new connection (30070c45-7317-43da-acb3-f0c7e65f7444)
2025-10-14T18:19:40.514+05:30 DEBUG 2988 --- [midtier] [onnection-adder] com.zaxxer.hikari.pool.PoolBase          : HikariPool-1 - Established new connection (30070c45-7317-43da-acb3-f0c7e65f7444)
2025-10-14T18:19:40.514+05:30 DEBUG 2988 --- [midtier] [onnection-adder] com.zaxxer.hikari.pool.HikariPool        : HikariPool-1 - Added connection org.postgresql.jdbc.PgConnection@5c1a6f81
2025-10-14T18:19:45.967+05:30 DEBUG 2988 --- [midtier] [l-1:housekeeper] com.zaxxer.hikari.pool.HikariPool        : HikariPool-1 - keepalive: connection org.postgresql.jdbc.PgConnection@34979682 is alive
2025-10-14T18:19:53.039+05:30 DEBUG 2988 --- [midtier] [nnection-closer] com.zaxxer.hikari.pool.PoolBase          : HikariPool-1 - Closing connection org.postgresql.jdbc.PgConnection@1be02bb9: (connection has passed maxLifetime)
2025-10-14T18:19:53.041+05:30 DEBUG 2988 --- [midtier] [onnection-adder] com.zaxxer.hikari.pool.PoolBase          : HikariPool-1 - Attempting to create/setup new connection (01faf4a4-0cb8-4320-bb05-73bca2bff74e)
2025-10-14T18:19:53.059+05:30 DEBUG 2988 --- [midtier] [onnection-adder] com.zaxxer.hikari.pool.PoolBase          : HikariPool-1 - Established new connection (01faf4a4-0cb8-4320-bb05-73bca2bff74e)
2025-10-14T18:19:53.060+05:30 DEBUG 2988 --- [midtier] [onnection-adder] com.zaxxer.hikari.pool.HikariPool        : HikariPool-1 - Added connection org.postgresql.jdbc.PgConnection@2fdc91f0
2025-10-14T18:19:53.575+05:30 DEBUG 2988 --- [midtier] [l-1:housekeeper] com.zaxxer.hikari.pool.HikariPool        : HikariPool-1 - keepalive: connection org.postgresql.jdbc.PgConnection@3ecd4d4b is alive
2025-10-14T18:20:12.575+05:30 DEBUG 2988 --- [midtier] [l-1:housekeeper] com.zaxxer.hikari.pool.HikariPool        : HikariPool-1 - Pool stats (total=10/10, idle=10/10, active=0, waiting=0)
2025-10-14T18:20:12.575+05:30 DEBUG 2988 --- [midtier] [l-1:housekeeper] com.zaxxer.hikari.pool.HikariPool        : HikariPool-1 - Fill pool skipped, pool has sufficient level or currently being filled.
2025-10-14T18:20:19.677+05:30 DEBUG 2988 --- [midtier] [l-1:housekeeper] com.zaxxer.hikari.pool.HikariPool        : HikariPool-1 - keepalive: connection org.postgresql.jdbc.PgConnection@4ceb95ee is alive
2025-10-14T18:20:22.178+05:30 DEBUG 2988 --- [midtier] [l-1:housekeeper] com.zaxxer.hikari.pool.HikariPool        : HikariPool-1 - keepalive: connection org.postgresql.jdbc.PgConnection@8ef32fb is alive
2025-10-14T18:20:29.586+05:30 DEBUG 2988 --- [midtier] [l-1:housekeeper] com.zaxxer.hikari.pool.HikariPool        : HikariPool-1 - keepalive: connection org.postgresql.jdbc.PgConnection@628dd96 is alive
2025-10-14T18:20:42.579+05:30 DEBUG 2988 --- [midtier] [l-1:housekeeper] com.zaxxer.hikari.pool.HikariPool        : HikariPool-1 - Pool stats (total=10/10, idle=10/10, active=0, waiting=0)
2025-10-14T18:20:42.580+05:30 DEBUG 2988 --- [midtier] [l-1:housekeeper] com.zaxxer.hikari.pool.HikariPool        : HikariPool-1 - Fill pool skipped, pool has sufficient level or currently being filled.
2025-10-14T18:20:52.365+05:30 DEBUG 2988 --- [midtier] [l-1:housekeeper] com.zaxxer.hikari.pool.HikariPool        : HikariPool-1 - keepalive: connection org.postgresql.jdbc.PgConnection@6656314a is alive
2025-10-14T18:21:06.688+05:30 DEBUG 2988 --- [midtier] [l-1:housekeeper] com.zaxxer.hikari.pool.HikariPool        : HikariPool-1 - keepalive: connection org.postgresql.jdbc.PgConnection@4359602a is alive
2025-10-14T18:21:12.603+05:30 DEBUG 2988 --- [midtier] [l-1:housekeeper] com.zaxxer.hikari.pool.HikariPool        : HikariPool-1 - Pool stats (total=10/10, idle=10/10, active=0, waiting=0)
2025-10-14T18:21:12.603+05:30 DEBUG 2988 --- [midtier] [l-1:housekeeper] com.zaxxer.hikari.pool.HikariPool        : HikariPool-1 - Fill pool skipped, pool has sufficient level or currently being filled.
2025-10-14T18:21:14.430+05:30 DEBUG 2988 --- [midtier] [l-1:housekeeper] com.zaxxer.hikari.pool.HikariPool        : HikariPool-1 - keepalive: connection org.postgresql.jdbc.PgConnection@5777b34b is alive
2025-10-14T18:21:26.295+05:30 DEBUG 2988 --- [midtier] [l-1:housekeeper] com.zaxxer.hikari.pool.HikariPool        : HikariPool-1 - keepalive: connection org.postgresql.jdbc.PgConnection@5c1a6f81 is alive
2025-10-14T18:21:42.605+05:30 DEBUG 2988 --- [midtier] [l-1:housekeeper] com.zaxxer.hikari.pool.HikariPool        : HikariPool-1 - Pool stats (total=10/10, idle=10/10, active=0, waiting=0)
2025-10-14T18:21:42.605+05:30 DEBUG 2988 --- [midtier] [l-1:housekeeper] com.zaxxer.hikari.pool.HikariPool        : HikariPool-1 - Fill pool skipped, pool has sufficient level or currently being filled.
2025-10-14T18:21:52.516+05:30 DEBUG 2988 --- [midtier] [l-1:housekeeper] com.zaxxer.hikari.pool.HikariPool        : HikariPool-1 - keepalive: connection org.postgresql.jdbc.PgConnection@3ecd4d4b is alive
2025-10-14T18:21:53.327+05:30 DEBUG 2988 --- [midtier] [l-1:housekeeper] com.zaxxer.hikari.pool.HikariPool        : HikariPool-1 - keepalive: connection org.postgresql.jdbc.PgConnection@34979682 is alive
2025-10-14T18:22:03.701+05:30 DEBUG 2988 --- [midtier] [l-1:housekeeper] com.zaxxer.hikari.pool.HikariPool        : HikariPool-1 - keepalive: connection org.postgresql.jdbc.PgConnection@2fdc91f0 is alive
2025-10-14T18:22:05.610+05:30 DEBUG 2988 --- [midtier] [l-1:housekeeper] com.zaxxer.hikari.pool.HikariPool        : HikariPool-1 - keepalive: connection org.postgresql.jdbc.PgConnection@4ceb95ee is alive
2025-10-14T18:22:18.639+05:30 DEBUG 2988 --- [midtier] [l-1:housekeeper] com.zaxxer.hikari.pool.HikariPool        : HikariPool-1 - Pool stats (total=10/10, idle=10/10, active=0, waiting=0)
2025-10-14T18:22:18.639+05:30 DEBUG 2988 --- [midtier] [l-1:housekeeper] com.zaxxer.hikari.pool.HikariPool        : HikariPool-1 - Fill pool skipped, pool has sufficient level or currently being filled.
2025-10-14T18:22:23.500+05:30 DEBUG 2988 --- [midtier] [l-1:housekeeper] com.zaxxer.hikari.pool.HikariPool        : HikariPool-1 - keepalive: connection org.postgresql.jdbc.PgConnection@8ef32fb is alive
2025-10-14T18:22:33.935+05:30 DEBUG 2988 --- [midtier] [l-1:housekeeper] com.zaxxer.hikari.pool.HikariPool        : HikariPool-1 - keepalive: connection org.postgresql.jdbc.PgConnection@628dd96 is alive
2025-10-14T18:22:35.134+05:30 DEBUG 2988 --- [midtier] [nnection-closer] com.zaxxer.hikari.pool.PoolBase          : HikariPool-1 - Closing connection org.postgresql.jdbc.PgConnection@4ceb95ee: (connection has passed maxLifetime)
2025-10-14T18:22:35.136+05:30 DEBUG 2988 --- [midtier] [onnection-adder] com.zaxxer.hikari.pool.PoolBase          : HikariPool-1 - Attempting to create/setup new connection (452ab17a-8ef3-468b-aaf3-0b53f92e5e13)
2025-10-14T18:22:35.152+05:30 DEBUG 2988 --- [midtier] [onnection-adder] com.zaxxer.hikari.pool.PoolBase          : HikariPool-1 - Established new connection (452ab17a-8ef3-468b-aaf3-0b53f92e5e13)
2025-10-14T18:22:35.152+05:30 DEBUG 2988 --- [midtier] [onnection-adder] com.zaxxer.hikari.pool.HikariPool        : HikariPool-1 - Added connection org.postgresql.jdbc.PgConnection@4d7c3c41
2025-10-14T18:22:38.604+05:30 DEBUG 2988 --- [midtier] [nnection-closer] com.zaxxer.hikari.pool.PoolBase          : HikariPool-1 - Closing connection org.postgresql.jdbc.PgConnection@6656314a: (connection has passed maxLifetime)
2025-10-14T18:22:38.605+05:30 DEBUG 2988 --- [midtier] [onnection-adder] com.zaxxer.hikari.pool.PoolBase          : HikariPool-1 - Attempting to create/setup new connection (7fe212fc-8da1-460a-953b-bf4413822c0a)
2025-10-14T18:22:38.625+05:30 DEBUG 2988 --- [midtier] [onnection-adder] com.zaxxer.hikari.pool.PoolBase          : HikariPool-1 - Established new connection (7fe212fc-8da1-460a-953b-bf4413822c0a)
2025-10-14T18:22:38.625+05:30 DEBUG 2988 --- [midtier] [onnection-adder] com.zaxxer.hikari.pool.HikariPool        : HikariPool-1 - Added connection org.postgresql.jdbc.PgConnection@43bbcb9e
2025-10-14T18:22:55.078+05:30 DEBUG 2988 --- [midtier] [l-1:housekeeper] com.zaxxer.hikari.pool.HikariPool        : HikariPool-1 - Pool stats (total=10/10, idle=10/10, active=0, waiting=0)
2025-10-14T18:22:55.078+05:30 DEBUG 2988 --- [midtier] [l-1:housekeeper] com.zaxxer.hikari.pool.HikariPool        : HikariPool-1 - Fill pool skipped, pool has sufficient level or currently being filled.
2025-10-14T18:23:12.626+05:30 DEBUG 2988 --- [midtier] [nnection-closer] com.zaxxer.hikari.pool.PoolBase          : HikariPool-1 - Closing connection org.postgresql.jdbc.PgConnection@3ecd4d4b: (connection has passed maxLifetime)
2025-10-14T18:23:12.630+05:30 DEBUG 2988 --- [midtier] [onnection-adder] com.zaxxer.hikari.pool.PoolBase          : HikariPool-1 - Attempting to create/setup new connection (535c6122-209a-4c93-aeb4-774fc2126fdd)
2025-10-14T18:23:12.646+05:30 DEBUG 2988 --- [midtier] [onnection-adder] com.zaxxer.hikari.pool.PoolBase          : HikariPool-1 - Established new connection (535c6122-209a-4c93-aeb4-774fc2126fdd)
2025-10-14T18:23:12.646+05:30 DEBUG 2988 --- [midtier] [onnection-adder] com.zaxxer.hikari.pool.HikariPool        : HikariPool-1 - Added connection org.postgresql.jdbc.PgConnection@4c9b813c
2025-10-14T18:23:16.246+05:30 DEBUG 2988 --- [midtier] [l-1:housekeeper] com.zaxxer.hikari.pool.HikariPool        : HikariPool-1 - keepalive: connection org.postgresql.jdbc.PgConnection@4359602a is alive
2025-10-14T18:23:18.119+05:30 DEBUG 2988 --- [midtier] [l-1:housekeeper] com.zaxxer.hikari.pool.HikariPool        : HikariPool-1 - keepalive: connection org.postgresql.jdbc.PgConnection@5c1a6f81 is alive
2025-10-14T18:23:23.852+05:30 DEBUG 2988 --- [midtier] [l-1:housekeeper] com.zaxxer.hikari.pool.HikariPool        : HikariPool-1 - keepalive: connection org.postgresql.jdbc.PgConnection@5777b34b is alive
2025-10-14T18:23:25.089+05:30 DEBUG 2988 --- [midtier] [l-1:housekeeper] com.zaxxer.hikari.pool.HikariPool        : HikariPool-1 - Pool stats (total=10/10, idle=10/10, active=0, waiting=0)
2025-10-14T18:23:25.091+05:30 DEBUG 2988 --- [midtier] [l-1:housekeeper] com.zaxxer.hikari.pool.HikariPool        : HikariPool-1 - Fill pool skipped, pool has sufficient level or currently being filled.
2025-10-14T18:24:01.121+05:30 DEBUG 2988 --- [midtier] [l-1:housekeeper] com.zaxxer.hikari.pool.HikariPool        : HikariPool-1 - keepalive: connection org.postgresql.jdbc.PgConnection@34979682 is alive
2025-10-14T18:24:01.553+05:30 DEBUG 2988 --- [midtier] [l-1:housekeeper] com.zaxxer.hikari.pool.HikariPool        : HikariPool-1 - Pool stats (total=10/10, idle=10/10, active=0, waiting=0)
2025-10-14T18:24:01.554+05:30 DEBUG 2988 --- [midtier] [l-1:housekeeper] com.zaxxer.hikari.pool.HikariPool        : HikariPool-1 - Fill pool skipped, pool has sufficient level or currently being filled.
2025-10-14T18:24:14.774+05:30 DEBUG 2988 --- [midtier] [l-1:housekeeper] com.zaxxer.hikari.pool.HikariPool        : HikariPool-1 - keepalive: connection org.postgresql.jdbc.PgConnection@2fdc91f0 is alive
2025-10-14T18:24:31.559+05:30 DEBUG 2988 --- [midtier] [l-1:housekeeper] com.zaxxer.hikari.pool.HikariPool        : HikariPool-1 - Pool stats (total=10/10, idle=10/10, active=0, waiting=0)
2025-10-14T18:24:31.559+05:30 DEBUG 2988 --- [midtier] [l-1:housekeeper] com.zaxxer.hikari.pool.HikariPool        : HikariPool-1 - Fill pool skipped, pool has sufficient level or currently being filled.
2025-10-14T18:24:31.663+05:30 DEBUG 2988 --- [midtier] [l-1:housekeeper] com.zaxxer.hikari.pool.HikariPool        : HikariPool-1 - keepalive: connection org.postgresql.jdbc.PgConnection@8ef32fb is alive
2025-10-14T18:24:31.824+05:30 DEBUG 2988 --- [midtier] [l-1:housekeeper] com.zaxxer.hikari.pool.HikariPool        : HikariPool-1 - keepalive: connection org.postgresql.jdbc.PgConnection@43bbcb9e is alive
2025-10-14T18:24:51.476+05:30 DEBUG 2988 --- [midtier] [l-1:housekeeper] com.zaxxer.hikari.pool.HikariPool        : HikariPool-1 - keepalive: connection org.postgresql.jdbc.PgConnection@628dd96 is alive
2025-10-14T18:24:52.580+05:30 DEBUG 2988 --- [midtier] [l-1:housekeeper] com.zaxxer.hikari.pool.HikariPool        : HikariPool-1 - keepalive: connection org.postgresql.jdbc.PgConnection@4d7c3c41 is alive
2025-10-14T18:25:07.918+05:30 DEBUG 2988 --- [midtier] [l-1:housekeeper] com.zaxxer.hikari.pool.HikariPool        : HikariPool-1 - Pool stats (total=10/10, idle=10/10, active=0, waiting=0)
2025-10-14T18:25:07.920+05:30 DEBUG 2988 --- [midtier] [l-1:housekeeper] com.zaxxer.hikari.pool.HikariPool        : HikariPool-1 - Fill pool skipped, pool has sufficient level or currently being filled.
2025-10-14T18:25:10.282+05:30 DEBUG 2988 --- [midtier] [l-1:housekeeper] com.zaxxer.hikari.pool.HikariPool        : HikariPool-1 - keepalive: connection org.postgresql.jdbc.PgConnection@5c1a6f81 is alive
2025-10-14T18:25:24.405+05:30 DEBUG 2988 --- [midtier] [l-1:housekeeper] com.zaxxer.hikari.pool.HikariPool        : HikariPool-1 - keepalive: connection org.postgresql.jdbc.PgConnection@4c9b813c is alive
2025-10-14T18:25:26.145+05:30 DEBUG 2988 --- [midtier] [l-1:housekeeper] com.zaxxer.hikari.pool.HikariPool        : HikariPool-1 - keepalive: connection org.postgresql.jdbc.PgConnection@4359602a is alive
2025-10-14T18:25:33.620+05:30 DEBUG 2988 --- [midtier] [l-1:housekeeper] com.zaxxer.hikari.pool.HikariPool        : HikariPool-1 - keepalive: connection org.postgresql.jdbc.PgConnection@5777b34b is alive
2025-10-14T18:25:44.509+05:30 DEBUG 2988 --- [midtier] [l-1:housekeeper] com.zaxxer.hikari.pool.HikariPool        : HikariPool-1 - Pool stats (total=10/10, idle=10/10, active=0, waiting=0)
2025-10-14T18:25:44.873+05:30 DEBUG 2988 --- [midtier] [l-1:housekeeper] com.zaxxer.hikari.pool.HikariPool        : HikariPool-1 - Fill pool skipped, pool has sufficient level or currently being filled.
2025-10-14T18:26:08.683+05:30 DEBUG 2988 --- [midtier] [l-1:housekeeper] com.zaxxer.hikari.pool.HikariPool        : HikariPool-1 - keepalive: connection org.postgresql.jdbc.PgConnection@34979682 is alive
2025-10-14T18:26:14.884+05:30 DEBUG 2988 --- [midtier] [l-1:housekeeper] com.zaxxer.hikari.pool.HikariPool        : HikariPool-1 - Pool stats (total=10/10, idle=10/10, active=0, waiting=0)
2025-10-14T18:26:14.884+05:30 DEBUG 2988 --- [midtier] [l-1:housekeeper] com.zaxxer.hikari.pool.HikariPool        : HikariPool-1 - Fill pool skipped, pool has sufficient level or currently being filled.
2025-10-14T18:26:24.800+05:30 DEBUG 2988 --- [midtier] [l-1:housekeeper] com.zaxxer.hikari.pool.HikariPool        : HikariPool-1 - keepalive: connection org.postgresql.jdbc.PgConnection@43bbcb9e is alive
2025-10-14T18:26:25.614+05:30 DEBUG 2988 --- [midtier] [l-1:housekeeper] com.zaxxer.hikari.pool.HikariPool        : HikariPool-1 - keepalive: connection org.postgresql.jdbc.PgConnection@2fdc91f0 is alive
2025-10-14T18:26:46.024+05:30 DEBUG 2988 --- [midtier] [l-1:housekeeper] com.zaxxer.hikari.pool.HikariPool        : HikariPool-1 - keepalive: connection org.postgresql.jdbc.PgConnection@8ef32fb is alive
2025-10-14T18:26:51.329+05:30 DEBUG 2988 --- [midtier] [l-1:housekeeper] com.zaxxer.hikari.pool.HikariPool        : HikariPool-1 - Pool stats (total=10/10, idle=10/10, active=0, waiting=0)
2025-10-14T18:26:51.329+05:30 DEBUG 2988 --- [midtier] [l-1:housekeeper] com.zaxxer.hikari.pool.HikariPool        : HikariPool-1 - Fill pool skipped, pool has sufficient level or currently being filled.
2025-10-14T18:27:02.372+05:30 DEBUG 2988 --- [midtier] [l-1:housekeeper] com.zaxxer.hikari.pool.HikariPool        : HikariPool-1 - keepalive: connection org.postgresql.jdbc.PgConnection@5c1a6f81 is alive
2025-10-14T18:27:02.525+05:30 DEBUG 2988 --- [midtier] [l-1:housekeeper] com.zaxxer.hikari.pool.HikariPool        : HikariPool-1 - keepalive: connection org.postgresql.jdbc.PgConnection@628dd96 is alive
2025-10-14T18:27:03.532+05:30 DEBUG 2988 --- [midtier] [l-1:housekeeper] com.zaxxer.hikari.pool.HikariPool        : HikariPool-1 - keepalive: connection org.postgresql.jdbc.PgConnection@4d7c3c41 is alive
2025-10-14T18:27:21.337+05:30 DEBUG 2988 --- [midtier] [l-1:housekeeper] com.zaxxer.hikari.pool.HikariPool        : HikariPool-1 - Pool stats (total=10/10, idle=10/10, active=0, waiting=0)
2025-10-14T18:27:21.339+05:30 DEBUG 2988 --- [midtier] [l-1:housekeeper] com.zaxxer.hikari.pool.HikariPool        : HikariPool-1 - Fill pool skipped, pool has sufficient level or currently being filled.
2025-10-14T18:27:42.414+05:30 DEBUG 2988 --- [midtier] [l-1:housekeeper] com.zaxxer.hikari.pool.HikariPool        : HikariPool-1 - keepalive: connection org.postgresql.jdbc.PgConnection@4359602a is alive
2025-10-14T18:27:42.527+05:30 DEBUG 2988 --- [midtier] [l-1:housekeeper] com.zaxxer.hikari.pool.HikariPool        : HikariPool-1 - keepalive: connection org.postgresql.jdbc.PgConnection@4c9b813c is alive
2025-10-14T18:27:49.759+05:30 DEBUG 2988 --- [midtier] [l-1:housekeeper] com.zaxxer.hikari.pool.HikariPool        : HikariPool-1 - keepalive: connection org.postgresql.jdbc.PgConnection@5777b34b is alive
2025-10-14T18:27:57.784+05:30 DEBUG 2988 --- [midtier] [l-1:housekeeper] com.zaxxer.hikari.pool.HikariPool        : HikariPool-1 - Pool stats (total=10/10, idle=10/10, active=0, waiting=0)
2025-10-14T18:27:57.784+05:30 DEBUG 2988 --- [midtier] [l-1:housekeeper] com.zaxxer.hikari.pool.HikariPool        : HikariPool-1 - Fill pool skipped, pool has sufficient level or currently being filled.
2025-10-14T18:28:16.463+05:30 DEBUG 2988 --- [midtier] [l-1:housekeeper] com.zaxxer.hikari.pool.HikariPool        : HikariPool-1 - keepalive: connection org.postgresql.jdbc.PgConnection@34979682 is alive
2025-10-14T18:28:17.993+05:30 DEBUG 2988 --- [midtier] [l-1:housekeeper] com.zaxxer.hikari.pool.HikariPool        : HikariPool-1 - keepalive: connection org.postgresql.jdbc.PgConnection@43bbcb9e is alive
2025-10-14T18:28:27.794+05:30 DEBUG 2988 --- [midtier] [l-1:housekeeper] com.zaxxer.hikari.pool.HikariPool        : HikariPool-1 - Pool stats (total=10/10, idle=10/10, active=0, waiting=0)
2025-10-14T18:28:27.795+05:30 DEBUG 2988 --- [midtier] [l-1:housekeeper] com.zaxxer.hikari.pool.HikariPool        : HikariPool-1 - Fill pool skipped, pool has sufficient level or currently being filled.
2025-10-14T18:28:43.123+05:30 DEBUG 2988 --- [midtier] [l-1:housekeeper] com.zaxxer.hikari.pool.HikariPool        : HikariPool-1 - keepalive: connection org.postgresql.jdbc.PgConnection@2fdc91f0 is alive
2025-10-14T18:28:54.184+05:30 DEBUG 2988 --- [midtier] [l-1:housekeeper] com.zaxxer.hikari.pool.HikariPool        : HikariPool-1 - keepalive: connection org.postgresql.jdbc.PgConnection@8ef32fb is alive
2025-10-14T18:28:54.617+05:30 DEBUG 2988 --- [midtier] [l-1:housekeeper] com.zaxxer.hikari.pool.HikariPool        : HikariPool-1 - keepalive: connection org.postgresql.jdbc.PgConnection@5c1a6f81 is alive
2025-10-14T18:29:04.254+05:30 DEBUG 2988 --- [midtier] [l-1:housekeeper] com.zaxxer.hikari.pool.HikariPool        : HikariPool-1 - Pool stats (total=10/10, idle=10/10, active=0, waiting=0)
2025-10-14T18:29:04.254+05:30 DEBUG 2988 --- [midtier] [l-1:housekeeper] com.zaxxer.hikari.pool.HikariPool        : HikariPool-1 - Fill pool skipped, pool has sufficient level or currently being filled.
2025-10-14T18:29:13.724+05:30 DEBUG 2988 --- [midtier] [l-1:housekeeper] com.zaxxer.hikari.pool.HikariPool        : HikariPool-1 - keepalive: connection org.postgresql.jdbc.PgConnection@628dd96 is alive
2025-10-14T18:29:14.612+05:30 DEBUG 2988 --- [midtier] [l-1:housekeeper] com.zaxxer.hikari.pool.HikariPool        : HikariPool-1 - keepalive: connection org.postgresql.jdbc.PgConnection@4d7c3c41 is alive
2025-10-14T18:29:40.726+05:30 DEBUG 2988 --- [midtier] [l-1:housekeeper] com.zaxxer.hikari.pool.HikariPool        : HikariPool-1 - Pool stats (total=10/10, idle=10/10, active=0, waiting=0)
2025-10-14T18:29:40.726+05:30 DEBUG 2988 --- [midtier] [l-1:housekeeper] com.zaxxer.hikari.pool.HikariPool        : HikariPool-1 - Fill pool skipped, pool has sufficient level or currently being filled.
2025-10-14T18:29:52.425+05:30 DEBUG 2988 --- [midtier] [l-1:housekeeper] com.zaxxer.hikari.pool.HikariPool        : HikariPool-1 - keepalive: connection org.postgresql.jdbc.PgConnection@4359602a is alive
2025-10-14T18:29:54.387+05:30 DEBUG 2988 --- [midtier] [l-1:housekeeper] com.zaxxer.hikari.pool.HikariPool        : HikariPool-1 - keepalive: connection org.postgresql.jdbc.PgConnection@4c9b813c is alive
2025-10-14T18:29:59.627+05:30 DEBUG 2988 --- [midtier] [l-1:housekeeper] com.zaxxer.hikari.pool.HikariPool        : HikariPool-1 - keepalive: connection org.postgresql.jdbc.PgConnection@5777b34b is alive
2025-10-14T18:30:10.734+05:30 DEBUG 2988 --- [midtier] [l-1:housekeeper] com.zaxxer.hikari.pool.HikariPool        : HikariPool-1 - Pool stats (total=10/10, idle=10/10, active=0, waiting=0)
2025-10-14T18:30:10.734+05:30 DEBUG 2988 --- [midtier] [l-1:housekeeper] com.zaxxer.hikari.pool.HikariPool        : HikariPool-1 - Fill pool skipped, pool has sufficient level or currently being filled.
2025-10-14T18:30:11.219+05:30 DEBUG 2988 --- [midtier] [l-1:housekeeper] com.zaxxer.hikari.pool.HikariPool        : HikariPool-1 - keepalive: connection org.postgresql.jdbc.PgConnection@43bbcb9e is alive
2025-10-14T18:30:24.279+05:30 DEBUG 2988 --- [midtier] [l-1:housekeeper] com.zaxxer.hikari.pool.HikariPool        : HikariPool-1 - keepalive: connection org.postgresql.jdbc.PgConnection@34979682 is alive
2025-10-14T18:30:46.876+05:30 DEBUG 2988 --- [midtier] [l-1:housekeeper] com.zaxxer.hikari.pool.HikariPool        : HikariPool-1 - keepalive: connection org.postgresql.jdbc.PgConnection@5c1a6f81 is alive
2025-10-14T18:30:47.190+05:30 DEBUG 2988 --- [midtier] [l-1:housekeeper] com.zaxxer.hikari.pool.HikariPool        : HikariPool-1 - Pool stats (total=10/10, idle=10/10, active=0, waiting=0)
2025-10-14T18:30:47.190+05:30 DEBUG 2988 --- [midtier] [l-1:housekeeper] com.zaxxer.hikari.pool.HikariPool        : HikariPool-1 - Fill pool skipped, pool has sufficient level or currently being filled.
2025-10-14T18:30:54.215+05:30 DEBUG 2988 --- [midtier] [l-1:housekeeper] com.zaxxer.hikari.pool.HikariPool        : HikariPool-1 - keepalive: connection org.postgresql.jdbc.PgConnection@2fdc91f0 is alive
2025-10-14T18:31:02.365+05:30 DEBUG 2988 --- [midtier] [l-1:housekeeper] com.zaxxer.hikari.pool.HikariPool        : HikariPool-1 - keepalive: connection org.postgresql.jdbc.PgConnection@8ef32fb is alive
2025-10-14T18:31:17.197+05:30 DEBUG 2988 --- [midtier] [l-1:housekeeper] com.zaxxer.hikari.pool.HikariPool        : HikariPool-1 - Pool stats (total=10/10, idle=10/10, active=0, waiting=0)
2025-10-14T18:31:17.199+05:30 DEBUG 2988 --- [midtier] [l-1:housekeeper] com.zaxxer.hikari.pool.HikariPool        : HikariPool-1 - Fill pool skipped, pool has sufficient level or currently being filled.
2025-10-14T18:31:32.518+05:30 DEBUG 2988 --- [midtier] [l-1:housekeeper] com.zaxxer.hikari.pool.HikariPool        : HikariPool-1 - keepalive: connection org.postgresql.jdbc.PgConnection@628dd96 is alive
2025-10-14T18:31:32.518+05:30 DEBUG 2988 --- [midtier] [l-1:housekeeper] com.zaxxer.hikari.pool.HikariPool        : HikariPool-1 - keepalive: connection org.postgresql.jdbc.PgConnection@4d7c3c41 is alive
2025-10-14T18:31:53.576+05:30 DEBUG 2988 --- [midtier] [l-1:housekeeper] com.zaxxer.hikari.pool.HikariPool        : HikariPool-1 - Pool stats (total=10/10, idle=10/10, active=0, waiting=0)
2025-10-14T18:31:53.578+05:30 DEBUG 2988 --- [midtier] [l-1:housekeeper] com.zaxxer.hikari.pool.HikariPool        : HikariPool-1 - Fill pool skipped, pool has sufficient level or currently being filled.
2025-10-14T18:32:02.346+05:30 DEBUG 2988 --- [midtier] [l-1:housekeeper] com.zaxxer.hikari.pool.HikariPool        : HikariPool-1 - keepalive: connection org.postgresql.jdbc.PgConnection@4359602a is alive
2025-10-14T18:32:04.356+05:30 DEBUG 2988 --- [midtier] [l-1:housekeeper] com.zaxxer.hikari.pool.HikariPool        : HikariPool-1 - keepalive: connection org.postgresql.jdbc.PgConnection@43bbcb9e is alive
2025-10-14T18:32:06.159+05:30 DEBUG 2988 --- [midtier] [l-1:housekeeper] com.zaxxer.hikari.pool.HikariPool        : HikariPool-1 - keepalive: connection org.postgresql.jdbc.PgConnection@4c9b813c is alive
2025-10-14T18:32:09.407+05:30 DEBUG 2988 --- [midtier] [l-1:housekeeper] com.zaxxer.hikari.pool.HikariPool        : HikariPool-1 - keepalive: connection org.postgresql.jdbc.PgConnection@5777b34b is alive
2025-10-14T18:32:30.521+05:30 DEBUG 2988 --- [midtier] [l-1:housekeeper] com.zaxxer.hikari.pool.HikariPool        : HikariPool-1 - Pool stats (total=10/10, idle=10/10, active=0, waiting=0)
2025-10-14T18:32:30.883+05:30 DEBUG 2988 --- [midtier] [l-1:housekeeper] com.zaxxer.hikari.pool.HikariPool        : HikariPool-1 - Fill pool skipped, pool has sufficient level or currently being filled.
2025-10-14T18:32:38.456+05:30 DEBUG 2988 --- [midtier] [l-1:housekeeper] com.zaxxer.hikari.pool.HikariPool        : HikariPool-1 - keepalive: connection org.postgresql.jdbc.PgConnection@34979682 is alive
2025-10-14T18:32:39.065+05:30 DEBUG 2988 --- [midtier] [l-1:housekeeper] com.zaxxer.hikari.pool.HikariPool        : HikariPool-1 - keepalive: connection org.postgresql.jdbc.PgConnection@5c1a6f81 is alive
2025-10-14T18:33:00.887+05:30 DEBUG 2988 --- [midtier] [l-1:housekeeper] com.zaxxer.hikari.pool.HikariPool        : HikariPool-1 - Pool stats (total=10/10, idle=10/10, active=0, waiting=0)
2025-10-14T18:33:00.888+05:30 DEBUG 2988 --- [midtier] [l-1:housekeeper] com.zaxxer.hikari.pool.HikariPool        : HikariPool-1 - Fill pool skipped, pool has sufficient level or currently being filled.
2025-10-14T18:33:05.231+05:30 DEBUG 2988 --- [midtier] [l-1:housekeeper] com.zaxxer.hikari.pool.HikariPool        : HikariPool-1 - keepalive: connection org.postgresql.jdbc.PgConnection@2fdc91f0 is alive
2025-10-14T18:33:10.476+05:30 DEBUG 2988 --- [midtier] [l-1:housekeeper] com.zaxxer.hikari.pool.HikariPool        : HikariPool-1 - keepalive: connection org.postgresql.jdbc.PgConnection@8ef32fb is alive
2025-10-14T18:33:37.267+05:30 DEBUG 2988 --- [midtier] [l-1:housekeeper] com.zaxxer.hikari.pool.HikariPool        : HikariPool-1 - Pool stats (total=10/10, idle=10/10, active=0, waiting=0)
2025-10-14T18:33:37.269+05:30 DEBUG 2988 --- [midtier] [l-1:housekeeper] com.zaxxer.hikari.pool.HikariPool        : HikariPool-1 - Fill pool skipped, pool has sufficient level or currently being filled.
2025-10-14T18:33:43.545+05:30 DEBUG 2988 --- [midtier] [l-1:housekeeper] com.zaxxer.hikari.pool.HikariPool        : HikariPool-1 - keepalive: connection org.postgresql.jdbc.PgConnection@4d7c3c41 is alive
2025-10-14T18:33:43.664+05:30 DEBUG 2988 --- [midtier] [l-1:housekeeper] com.zaxxer.hikari.pool.HikariPool        : HikariPool-1 - keepalive: connection org.postgresql.jdbc.PgConnection@628dd96 is alive
2025-10-14T18:33:57.508+05:30 DEBUG 2988 --- [midtier] [l-1:housekeeper] com.zaxxer.hikari.pool.HikariPool        : HikariPool-1 - keepalive: connection org.postgresql.jdbc.PgConnection@43bbcb9e is alive
2025-10-14T18:34:07.271+05:30 DEBUG 2988 --- [midtier] [l-1:housekeeper] com.zaxxer.hikari.pool.HikariPool        : HikariPool-1 - Pool stats (total=10/10, idle=10/10, active=0, waiting=0)
2025-10-14T18:34:07.271+05:30 DEBUG 2988 --- [midtier] [l-1:housekeeper] com.zaxxer.hikari.pool.HikariPool        : HikariPool-1 - Fill pool skipped, pool has sufficient level or currently being filled.
2025-10-14T18:34:12.275+05:30 DEBUG 2988 --- [midtier] [l-1:housekeeper] com.zaxxer.hikari.pool.HikariPool        : HikariPool-1 - keepalive: connection org.postgresql.jdbc.PgConnection@4359602a is alive
2025-10-14T18:34:17.938+05:30 DEBUG 2988 --- [midtier] [l-1:housekeeper] com.zaxxer.hikari.pool.HikariPool        : HikariPool-1 - keepalive: connection org.postgresql.jdbc.PgConnection@4c9b813c is alive
2025-10-14T18:34:26.527+05:30 DEBUG 2988 --- [midtier] [l-1:housekeeper] com.zaxxer.hikari.pool.HikariPool        : HikariPool-1 - keepalive: connection org.postgresql.jdbc.PgConnection@5777b34b is alive
2025-10-14T18:34:31.239+05:30 DEBUG 2988 --- [midtier] [l-1:housekeeper] com.zaxxer.hikari.pool.HikariPool        : HikariPool-1 - keepalive: connection org.postgresql.jdbc.PgConnection@5c1a6f81 is alive
2025-10-14T18:34:43.718+05:30 DEBUG 2988 --- [midtier] [l-1:housekeeper] com.zaxxer.hikari.pool.HikariPool        : HikariPool-1 - Pool stats (total=10/10, idle=10/10, active=0, waiting=0)
2025-10-14T18:34:43.719+05:30 DEBUG 2988 --- [midtier] [l-1:housekeeper] com.zaxxer.hikari.pool.HikariPool        : HikariPool-1 - Fill pool skipped, pool has sufficient level or currently being filled.
2025-10-14T18:34:46.179+05:30 DEBUG 2988 --- [midtier] [l-1:housekeeper] com.zaxxer.hikari.pool.HikariPool        : HikariPool-1 - keepalive: connection org.postgresql.jdbc.PgConnection@34979682 is alive
2025-10-14T18:35:13.726+05:30 DEBUG 2988 --- [midtier] [l-1:housekeeper] com.zaxxer.hikari.pool.HikariPool        : HikariPool-1 - Pool stats (total=10/10, idle=10/10, active=0, waiting=0)
2025-10-14T18:35:13.726+05:30 DEBUG 2988 --- [midtier] [l-1:housekeeper] com.zaxxer.hikari.pool.HikariPool        : HikariPool-1 - Fill pool skipped, pool has sufficient level or currently being filled.
2025-10-14T18:35:24.524+05:30 DEBUG 2988 --- [midtier] [l-1:housekeeper] com.zaxxer.hikari.pool.HikariPool        : HikariPool-1 - keepalive: connection org.postgresql.jdbc.PgConnection@2fdc91f0 is alive
2025-10-14T18:35:24.982+05:30 DEBUG 2988 --- [midtier] [l-1:housekeeper] com.zaxxer.hikari.pool.HikariPool        : HikariPool-1 - keepalive: connection org.postgresql.jdbc.PgConnection@8ef32fb is alive
2025-10-14T18:35:50.150+05:30 DEBUG 2988 --- [midtier] [l-1:housekeeper] com.zaxxer.hikari.pool.HikariPool        : HikariPool-1 - Pool stats (total=10/10, idle=10/10, active=0, waiting=0)
2025-10-14T18:35:50.150+05:30 DEBUG 2988 --- [midtier] [l-1:housekeeper] com.zaxxer.hikari.pool.HikariPool        : HikariPool-1 - Fill pool skipped, pool has sufficient level or currently being filled.
2025-10-14T18:35:50.678+05:30 DEBUG 2988 --- [midtier] [l-1:housekeeper] com.zaxxer.hikari.pool.HikariPool        : HikariPool-1 - keepalive: connection org.postgresql.jdbc.PgConnection@43bbcb9e is alive
2025-10-14T18:35:54.583+05:30 DEBUG 2988 --- [midtier] [l-1:housekeeper] com.zaxxer.hikari.pool.HikariPool        : HikariPool-1 - keepalive: connection org.postgresql.jdbc.PgConnection@4d7c3c41 is alive
2025-10-14T18:35:54.827+05:30 DEBUG 2988 --- [midtier] [l-1:housekeeper] com.zaxxer.hikari.pool.HikariPool        : HikariPool-1 - keepalive: connection org.postgresql.jdbc.PgConnection@628dd96 is alive
2025-10-14T18:36:23.190+05:30 DEBUG 2988 --- [midtier] [l-1:housekeeper] com.zaxxer.hikari.pool.HikariPool        : HikariPool-1 - keepalive: connection org.postgresql.jdbc.PgConnection@5c1a6f81 is alive
2025-10-14T18:36:26.336+05:30 DEBUG 2988 --- [midtier] [l-1:housekeeper] com.zaxxer.hikari.pool.HikariPool        : HikariPool-1 - Pool stats (total=10/10, idle=10/10, active=0, waiting=0)
2025-10-14T18:36:26.336+05:30 DEBUG 2988 --- [midtier] [l-1:housekeeper] com.zaxxer.hikari.pool.HikariPool        : HikariPool-1 - Fill pool skipped, pool has sufficient level or currently being filled.
2025-10-14T18:36:28.409+05:30 DEBUG 2988 --- [midtier] [l-1:housekeeper] com.zaxxer.hikari.pool.HikariPool        : HikariPool-1 - keepalive: connection org.postgresql.jdbc.PgConnection@4359602a is alive
2025-10-14T18:36:35.925+05:30 DEBUG 2988 --- [midtier] [l-1:housekeeper] com.zaxxer.hikari.pool.HikariPool        : HikariPool-1 - keepalive: connection org.postgresql.jdbc.PgConnection@4c9b813c is alive
2025-10-14T18:36:36.079+05:30 DEBUG 2988 --- [midtier] [l-1:housekeeper] com.zaxxer.hikari.pool.HikariPool        : HikariPool-1 - keepalive: connection org.postgresql.jdbc.PgConnection@5777b34b is alive
2025-10-14T18:36:53.676+05:30 DEBUG 2988 --- [midtier] [l-1:housekeeper] com.zaxxer.hikari.pool.HikariPool        : HikariPool-1 - keepalive: connection org.postgresql.jdbc.PgConnection@34979682 is alive
2025-10-14T18:36:56.342+05:30 DEBUG 2988 --- [midtier] [l-1:housekeeper] com.zaxxer.hikari.pool.HikariPool        : HikariPool-1 - Pool stats (total=10/10, idle=10/10, active=0, waiting=0)
2025-10-14T18:36:56.344+05:30 DEBUG 2988 --- [midtier] [l-1:housekeeper] com.zaxxer.hikari.pool.HikariPool        : HikariPool-1 - Fill pool skipped, pool has sufficient level or currently being filled.
2025-10-14T18:37:32.772+05:30 DEBUG 2988 --- [midtier] [l-1:housekeeper] com.zaxxer.hikari.pool.HikariPool        : HikariPool-1 - Pool stats (total=10/10, idle=10/10, active=0, waiting=0)
2025-10-14T18:37:32.773+05:30 DEBUG 2988 --- [midtier] [l-1:housekeeper] com.zaxxer.hikari.pool.HikariPool        : HikariPool-1 - Fill pool skipped, pool has sufficient level or currently being filled.
2025-10-14T18:37:32.859+05:30 DEBUG 2988 --- [midtier] [l-1:housekeeper] com.zaxxer.hikari.pool.HikariPool        : HikariPool-1 - keepalive: connection org.postgresql.jdbc.PgConnection@8ef32fb is alive
2025-10-14T18:37:35.307+05:30 DEBUG 2988 --- [midtier] [l-1:housekeeper] com.zaxxer.hikari.pool.HikariPool        : HikariPool-1 - keepalive: connection org.postgresql.jdbc.PgConnection@2fdc91f0 is alive
2025-10-14T18:37:43.588+05:30 DEBUG 2988 --- [midtier] [l-1:housekeeper] com.zaxxer.hikari.pool.HikariPool        : HikariPool-1 - keepalive: connection org.postgresql.jdbc.PgConnection@43bbcb9e is alive
2025-10-14T18:38:02.775+05:30 DEBUG 2988 --- [midtier] [l-1:housekeeper] com.zaxxer.hikari.pool.HikariPool        : HikariPool-1 - Pool stats (total=10/10, idle=10/10, active=0, waiting=0)
2025-10-14T18:38:02.775+05:30 DEBUG 2988 --- [midtier] [l-1:housekeeper] com.zaxxer.hikari.pool.HikariPool        : HikariPool-1 - Fill pool skipped, pool has sufficient level or currently being filled.
2025-10-14T18:38:05.373+05:30 DEBUG 2988 --- [midtier] [l-1:housekeeper] com.zaxxer.hikari.pool.HikariPool        : HikariPool-1 - keepalive: connection org.postgresql.jdbc.PgConnection@4d7c3c41 is alive
2025-10-14T18:38:05.728+05:30 DEBUG 2988 --- [midtier] [l-1:housekeeper] com.zaxxer.hikari.pool.HikariPool        : HikariPool-1 - keepalive: connection org.postgresql.jdbc.PgConnection@628dd96 is alive
2025-10-14T18:38:08.962+05:30 DEBUG 2988 --- [midtier] [l-1:housekeeper] com.zaxxer.hikari.pool.HikariPool        : HikariPool-1 - keepalive: connection org.postgresql.jdbc.PgConnection@5c1a6f81 is alive
2025-10-14T18:38:38.355+05:30 DEBUG 2988 --- [midtier] [l-1:housekeeper] com.zaxxer.hikari.pool.HikariPool        : HikariPool-1 - keepalive: connection org.postgresql.jdbc.PgConnection@4359602a is alive
2025-10-14T18:38:39.215+05:30 DEBUG 2988 --- [midtier] [l-1:housekeeper] com.zaxxer.hikari.pool.HikariPool        : HikariPool-1 - Pool stats (total=10/10, idle=10/10, active=0, waiting=0)
2025-10-14T18:38:39.216+05:30 DEBUG 2988 --- [midtier] [l-1:housekeeper] com.zaxxer.hikari.pool.HikariPool        : HikariPool-1 - Fill pool skipped, pool has sufficient level or currently being filled.
2025-10-14T18:38:45.886+05:30 DEBUG 2988 --- [midtier] [l-1:housekeeper] com.zaxxer.hikari.pool.HikariPool        : HikariPool-1 - keepalive: connection org.postgresql.jdbc.PgConnection@5777b34b is alive
2025-10-14T18:38:47.726+05:30 DEBUG 2988 --- [midtier] [l-1:housekeeper] com.zaxxer.hikari.pool.HikariPool        : HikariPool-1 - keepalive: connection org.postgresql.jdbc.PgConnection@4c9b813c is alive
2025-10-14T18:39:01.429+05:30 DEBUG 2988 --- [midtier] [l-1:housekeeper] com.zaxxer.hikari.pool.HikariPool        : HikariPool-1 - keepalive: connection org.postgresql.jdbc.PgConnection@34979682 is alive
2025-10-14T18:39:16.530+05:30 DEBUG 2988 --- [midtier] [l-1:housekeeper] com.zaxxer.hikari.pool.HikariPool        : HikariPool-1 - Pool stats (total=10/10, idle=10/10, active=0, waiting=0)
2025-10-14T18:39:16.530+05:30 DEBUG 2988 --- [midtier] [l-1:housekeeper] com.zaxxer.hikari.pool.HikariPool        : HikariPool-1 - Fill pool skipped, pool has sufficient level or currently being filled.
2025-10-14T18:39:36.795+05:30 DEBUG 2988 --- [midtier] [l-1:housekeeper] com.zaxxer.hikari.pool.HikariPool        : HikariPool-1 - keepalive: connection org.postgresql.jdbc.PgConnection@43bbcb9e is alive
2025-10-14T18:39:41.020+05:30 DEBUG 2988 --- [midtier] [l-1:housekeeper] com.zaxxer.hikari.pool.HikariPool        : HikariPool-1 - keepalive: connection org.postgresql.jdbc.PgConnection@8ef32fb is alive
2025-10-14T18:39:46.383+05:30 DEBUG 2988 --- [midtier] [l-1:housekeeper] com.zaxxer.hikari.pool.HikariPool        : HikariPool-1 - keepalive: connection org.postgresql.jdbc.PgConnection@2fdc91f0 is alive
2025-10-14T18:39:46.541+05:30 DEBUG 2988 --- [midtier] [l-1:housekeeper] com.zaxxer.hikari.pool.HikariPool        : HikariPool-1 - Pool stats (total=10/10, idle=10/10, active=0, waiting=0)
2025-10-14T18:39:46.541+05:30 DEBUG 2988 --- [midtier] [l-1:housekeeper] com.zaxxer.hikari.pool.HikariPool        : HikariPool-1 - Fill pool skipped, pool has sufficient level or currently being filled.
2025-10-14T18:40:01.208+05:30 DEBUG 2988 --- [midtier] [l-1:housekeeper] com.zaxxer.hikari.pool.HikariPool        : HikariPool-1 - keepalive: connection org.postgresql.jdbc.PgConnection@5c1a6f81 is alive
2025-10-14T18:40:22.870+05:30 DEBUG 2988 --- [midtier] [l-1:housekeeper] com.zaxxer.hikari.pool.HikariPool        : HikariPool-1 - keepalive: connection org.postgresql.jdbc.PgConnection@4d7c3c41 is alive
2025-10-14T18:40:22.971+05:30 DEBUG 2988 --- [midtier] [l-1:housekeeper] com.zaxxer.hikari.pool.HikariPool        : HikariPool-1 - Pool stats (total=10/10, idle=10/10, active=0, waiting=0)
2025-10-14T18:40:22.972+05:30 DEBUG 2988 --- [midtier] [l-1:housekeeper] com.zaxxer.hikari.pool.HikariPool        : HikariPool-1 - Fill pool skipped, pool has sufficient level or currently being filled.
2025-10-14T18:40:23.348+05:30 DEBUG 2988 --- [midtier] [l-1:housekeeper] com.zaxxer.hikari.pool.HikariPool        : HikariPool-1 - keepalive: connection org.postgresql.jdbc.PgConnection@628dd96 is alive
2025-10-14T18:40:48.324+05:30 DEBUG 2988 --- [midtier] [l-1:housekeeper] com.zaxxer.hikari.pool.HikariPool        : HikariPool-1 - keepalive: connection org.postgresql.jdbc.PgConnection@4359602a is alive
2025-10-14T18:40:52.973+05:30 DEBUG 2988 --- [midtier] [l-1:housekeeper] com.zaxxer.hikari.pool.HikariPool        : HikariPool-1 - Pool stats (total=10/10, idle=10/10, active=0, waiting=0)
2025-10-14T18:40:52.975+05:30 DEBUG 2988 --- [midtier] [l-1:housekeeper] com.zaxxer.hikari.pool.HikariPool        : HikariPool-1 - Fill pool skipped, pool has sufficient level or currently being filled.
2025-10-14T18:40:55.718+05:30 DEBUG 2988 --- [midtier] [l-1:housekeeper] com.zaxxer.hikari.pool.HikariPool        : HikariPool-1 - keepalive: connection org.postgresql.jdbc.PgConnection@5777b34b is alive
2025-10-14T18:40:59.549+05:30 DEBUG 2988 --- [midtier] [l-1:housekeeper] com.zaxxer.hikari.pool.HikariPool        : HikariPool-1 - keepalive: connection org.postgresql.jdbc.PgConnection@4c9b813c is alive
2025-10-14T18:41:15.671+05:30 DEBUG 2988 --- [midtier] [l-1:housekeeper] com.zaxxer.hikari.pool.HikariPool        : HikariPool-1 - keepalive: connection org.postgresql.jdbc.PgConnection@34979682 is alive
2025-10-14T18:41:29.442+05:30 DEBUG 2988 --- [midtier] [l-1:housekeeper] com.zaxxer.hikari.pool.HikariPool        : HikariPool-1 - Pool stats (total=10/10, idle=10/10, active=0, waiting=0)
2025-10-14T18:41:29.442+05:30 DEBUG 2988 --- [midtier] [l-1:housekeeper] com.zaxxer.hikari.pool.HikariPool        : HikariPool-1 - Fill pool skipped, pool has sufficient level or currently being filled.
2025-10-14T18:41:29.995+05:30 DEBUG 2988 --- [midtier] [l-1:housekeeper] com.zaxxer.hikari.pool.HikariPool        : HikariPool-1 - keepalive: connection org.postgresql.jdbc.PgConnection@43bbcb9e is alive
2025-10-14T18:41:49.174+05:30 DEBUG 2988 --- [midtier] [l-1:housekeeper] com.zaxxer.hikari.pool.HikariPool        : HikariPool-1 - keepalive: connection org.postgresql.jdbc.PgConnection@8ef32fb is alive
2025-10-14T18:41:53.449+05:30 DEBUG 2988 --- [midtier] [l-1:housekeeper] com.zaxxer.hikari.pool.HikariPool        : HikariPool-1 - keepalive: connection org.postgresql.jdbc.PgConnection@5c1a6f81 is alive
2025-10-14T18:41:57.449+05:30 DEBUG 2988 --- [midtier] [l-1:housekeeper] com.zaxxer.hikari.pool.HikariPool        : HikariPool-1 - keepalive: connection org.postgresql.jdbc.PgConnection@2fdc91f0 is alive
2025-10-14T18:41:59.449+05:30 DEBUG 2988 --- [midtier] [l-1:housekeeper] com.zaxxer.hikari.pool.HikariPool        : HikariPool-1 - Pool stats (total=10/10, idle=10/10, active=0, waiting=0)
2025-10-14T18:41:59.449+05:30 DEBUG 2988 --- [midtier] [l-1:housekeeper] com.zaxxer.hikari.pool.HikariPool        : HikariPool-1 - Fill pool skipped, pool has sufficient level or currently being filled.
2025-10-14T18:42:33.977+05:30 DEBUG 2988 --- [midtier] [l-1:housekeeper] com.zaxxer.hikari.pool.HikariPool        : HikariPool-1 - keepalive: connection org.postgresql.jdbc.PgConnection@4d7c3c41 is alive
2025-10-14T18:42:34.572+05:30 DEBUG 2988 --- [midtier] [l-1:housekeeper] com.zaxxer.hikari.pool.HikariPool        : HikariPool-1 - keepalive: connection org.postgresql.jdbc.PgConnection@628dd96 is alive
2025-10-14T18:42:35.920+05:30 DEBUG 2988 --- [midtier] [l-1:housekeeper] com.zaxxer.hikari.pool.HikariPool        : HikariPool-1 - Pool stats (total=10/10, idle=10/10, active=0, waiting=0)
2025-10-14T18:42:35.920+05:30 DEBUG 2988 --- [midtier] [l-1:housekeeper] com.zaxxer.hikari.pool.HikariPool        : HikariPool-1 - Fill pool skipped, pool has sufficient level or currently being filled.
2025-10-14T18:42:49.889+05:30 DEBUG 2988 --- [midtier] [nnection-closer] com.zaxxer.hikari.pool.PoolBase          : HikariPool-1 - Closing connection org.postgresql.jdbc.PgConnection@5777b34b: (connection has passed maxLifetime)
2025-10-14T18:42:49.900+05:30 DEBUG 2988 --- [midtier] [onnection-adder] com.zaxxer.hikari.pool.PoolBase          : HikariPool-1 - Attempting to create/setup new connection (6bfbc742-650e-46b3-9855-bd956024ae3d)
2025-10-14T18:42:49.945+05:30 DEBUG 2988 --- [midtier] [onnection-adder] com.zaxxer.hikari.pool.PoolBase          : HikariPool-1 - Established new connection (6bfbc742-650e-46b3-9855-bd956024ae3d)
2025-10-14T18:42:49.946+05:30 DEBUG 2988 --- [midtier] [onnection-adder] com.zaxxer.hikari.pool.HikariPool        : HikariPool-1 - Added connection org.postgresql.jdbc.PgConnection@e7f85d0
2025-10-14T18:42:58.347+05:30 DEBUG 2988 --- [midtier] [l-1:housekeeper] com.zaxxer.hikari.pool.HikariPool        : HikariPool-1 - keepalive: connection org.postgresql.jdbc.PgConnection@4359602a is alive
2025-10-14T18:43:12.361+05:30 DEBUG 2988 --- [midtier] [l-1:housekeeper] com.zaxxer.hikari.pool.HikariPool        : HikariPool-1 - Pool stats (total=10/10, idle=10/10, active=0, waiting=0)
2025-10-14T18:43:12.363+05:30 DEBUG 2988 --- [midtier] [l-1:housekeeper] com.zaxxer.hikari.pool.HikariPool        : HikariPool-1 - Fill pool skipped, pool has sufficient level or currently being filled.
2025-10-14T18:43:17.857+05:30 DEBUG 2988 --- [midtier] [l-1:housekeeper] com.zaxxer.hikari.pool.HikariPool        : HikariPool-1 - keepalive: connection org.postgresql.jdbc.PgConnection@4c9b813c is alive
2025-10-14T18:43:23.208+05:30 DEBUG 2988 --- [midtier] [l-1:housekeeper] com.zaxxer.hikari.pool.HikariPool        : HikariPool-1 - keepalive: connection org.postgresql.jdbc.PgConnection@43bbcb9e is alive
2025-10-14T18:43:23.469+05:30 DEBUG 2988 --- [midtier] [l-1:housekeeper] com.zaxxer.hikari.pool.HikariPool        : HikariPool-1 - keepalive: connection org.postgresql.jdbc.PgConnection@34979682 is alive
2025-10-14T18:43:42.369+05:30 DEBUG 2988 --- [midtier] [l-1:housekeeper] com.zaxxer.hikari.pool.HikariPool        : HikariPool-1 - Pool stats (total=10/10, idle=10/10, active=0, waiting=0)
2025-10-14T18:43:42.370+05:30 DEBUG 2988 --- [midtier] [l-1:housekeeper] com.zaxxer.hikari.pool.HikariPool        : HikariPool-1 - Fill pool skipped, pool has sufficient level or currently being filled.
2025-10-14T18:43:45.706+05:30 DEBUG 2988 --- [midtier] [l-1:housekeeper] com.zaxxer.hikari.pool.HikariPool        : HikariPool-1 - keepalive: connection org.postgresql.jdbc.PgConnection@5c1a6f81 is alive
2025-10-14T18:43:57.346+05:30 DEBUG 2988 --- [midtier] [l-1:housekeeper] com.zaxxer.hikari.pool.HikariPool        : HikariPool-1 - keepalive: connection org.postgresql.jdbc.PgConnection@8ef32fb is alive
2025-10-14T18:44:14.960+05:30 DEBUG 2988 --- [midtier] [l-1:housekeeper] com.zaxxer.hikari.pool.HikariPool        : HikariPool-1 - keepalive: connection org.postgresql.jdbc.PgConnection@2fdc91f0 is alive
2025-10-14T18:44:18.802+05:30 DEBUG 2988 --- [midtier] [l-1:housekeeper] com.zaxxer.hikari.pool.HikariPool        : HikariPool-1 - Pool stats (total=10/10, idle=10/10, active=0, waiting=0)
2025-10-14T18:44:18.803+05:30 DEBUG 2988 --- [midtier] [l-1:housekeeper] com.zaxxer.hikari.pool.HikariPool        : HikariPool-1 - Fill pool skipped, pool has sufficient level or currently being filled.
2025-10-14T18:44:45.031+05:30 DEBUG 2988 --- [midtier] [l-1:housekeeper] com.zaxxer.hikari.pool.HikariPool        : HikariPool-1 - keepalive: connection org.postgresql.jdbc.PgConnection@4d7c3c41 is alive
2025-10-14T18:44:45.740+05:30 DEBUG 2988 --- [midtier] [l-1:housekeeper] com.zaxxer.hikari.pool.HikariPool        : HikariPool-1 - keepalive: connection org.postgresql.jdbc.PgConnection@628dd96 is alive
2025-10-14T18:44:48.812+05:30 DEBUG 2988 --- [midtier] [l-1:housekeeper] com.zaxxer.hikari.pool.HikariPool        : HikariPool-1 - Pool stats (total=10/10, idle=10/10, active=0, waiting=0)
2025-10-14T18:44:48.812+05:30 DEBUG 2988 --- [midtier] [l-1:housekeeper] com.zaxxer.hikari.pool.HikariPool        : HikariPool-1 - Fill pool skipped, pool has sufficient level or currently being filled.
2025-10-14T18:44:50.652+05:30 DEBUG 2988 --- [midtier] [l-1:housekeeper] com.zaxxer.hikari.pool.HikariPool        : HikariPool-1 - keepalive: connection org.postgresql.jdbc.PgConnection@e7f85d0 is alive
2025-10-14T18:45:14.750+05:30 DEBUG 2988 --- [midtier] [l-1:housekeeper] com.zaxxer.hikari.pool.HikariPool        : HikariPool-1 - keepalive: connection org.postgresql.jdbc.PgConnection@4359602a is alive
2025-10-14T18:45:16.367+05:30 DEBUG 2988 --- [midtier] [l-1:housekeeper] com.zaxxer.hikari.pool.HikariPool        : HikariPool-1 - keepalive: connection org.postgresql.jdbc.PgConnection@43bbcb9e is alive
2025-10-14T18:45:25.236+05:30 DEBUG 2988 --- [midtier] [l-1:housekeeper] com.zaxxer.hikari.pool.HikariPool        : HikariPool-1 - Pool stats (total=10/10, idle=10/10, active=0, waiting=0)
2025-10-14T18:45:25.236+05:30 DEBUG 2988 --- [midtier] [l-1:housekeeper] com.zaxxer.hikari.pool.HikariPool        : HikariPool-1 - Fill pool skipped, pool has sufficient level or currently being filled.
2025-10-14T18:45:29.656+05:30 DEBUG 2988 --- [midtier] [l-1:housekeeper] com.zaxxer.hikari.pool.HikariPool        : HikariPool-1 - keepalive: connection org.postgresql.jdbc.PgConnection@4c9b813c is alive
2025-10-14T18:45:31.219+05:30 DEBUG 2988 --- [midtier] [l-1:housekeeper] com.zaxxer.hikari.pool.HikariPool        : HikariPool-1 - keepalive: connection org.postgresql.jdbc.PgConnection@34979682 is alive
2025-10-14T18:45:37.908+05:30 DEBUG 2988 --- [midtier] [l-1:housekeeper] com.zaxxer.hikari.pool.HikariPool        : HikariPool-1 - keepalive: connection org.postgresql.jdbc.PgConnection@5c1a6f81 is alive
2025-10-14T18:45:53.054+05:30 DEBUG 2988 --- [midtier] [nnection-closer] com.zaxxer.hikari.pool.PoolBase          : HikariPool-1 - Closing connection org.postgresql.jdbc.PgConnection@628dd96: (connection has passed maxLifetime)
2025-10-14T18:45:53.060+05:30 DEBUG 2988 --- [midtier] [onnection-adder] com.zaxxer.hikari.pool.PoolBase          : HikariPool-1 - Attempting to create/setup new connection (e7a2e83a-c200-44da-981d-ec19f034d413)
2025-10-14T18:45:53.085+05:30 DEBUG 2988 --- [midtier] [onnection-adder] com.zaxxer.hikari.pool.PoolBase          : HikariPool-1 - Established new connection (e7a2e83a-c200-44da-981d-ec19f034d413)
2025-10-14T18:45:53.085+05:30 DEBUG 2988 --- [midtier] [onnection-adder] com.zaxxer.hikari.pool.HikariPool        : HikariPool-1 - Added connection org.postgresql.jdbc.PgConnection@1e680f0e
2025-10-14T18:45:54.083+05:30 DEBUG 2988 --- [midtier] [nnection-closer] com.zaxxer.hikari.pool.PoolBase          : HikariPool-1 - Closing connection org.postgresql.jdbc.PgConnection@5c1a6f81: (connection has passed maxLifetime)
2025-10-14T18:45:54.086+05:30 DEBUG 2988 --- [midtier] [onnection-adder] com.zaxxer.hikari.pool.PoolBase          : HikariPool-1 - Attempting to create/setup new connection (22d126a2-3aff-4921-b907-d27b8dbfb4ee)
2025-10-14T18:45:54.102+05:30 DEBUG 2988 --- [midtier] [onnection-adder] com.zaxxer.hikari.pool.PoolBase          : HikariPool-1 - Established new connection (22d126a2-3aff-4921-b907-d27b8dbfb4ee)
2025-10-14T18:45:54.102+05:30 DEBUG 2988 --- [midtier] [onnection-adder] com.zaxxer.hikari.pool.HikariPool        : HikariPool-1 - Added connection org.postgresql.jdbc.PgConnection@10aff2b3
2025-10-14T18:46:02.541+05:30 DEBUG 2988 --- [midtier] [l-1:housekeeper] com.zaxxer.hikari.pool.HikariPool        : HikariPool-1 - Pool stats (total=10/10, idle=10/10, active=0, waiting=0)
2025-10-14T18:46:02.906+05:30 DEBUG 2988 --- [midtier] [l-1:housekeeper] com.zaxxer.hikari.pool.HikariPool        : HikariPool-1 - Fill pool skipped, pool has sufficient level or currently being filled.
2025-10-14T18:46:11.820+05:30 DEBUG 2988 --- [midtier] [l-1:housekeeper] com.zaxxer.hikari.pool.HikariPool        : HikariPool-1 - keepalive: connection org.postgresql.jdbc.PgConnection@8ef32fb is alive
2025-10-14T18:46:23.031+05:30 DEBUG 2988 --- [midtier] [nnection-closer] com.zaxxer.hikari.pool.PoolBase          : HikariPool-1 - Closing connection org.postgresql.jdbc.PgConnection@8ef32fb: (connection has passed maxLifetime)
2025-10-14T18:46:23.032+05:30 DEBUG 2988 --- [midtier] [onnection-adder] com.zaxxer.hikari.pool.PoolBase          : HikariPool-1 - Attempting to create/setup new connection (34bf198a-ce9d-4ff2-ada2-58db4ec21cfd)
2025-10-14T18:46:23.049+05:30 DEBUG 2988 --- [midtier] [onnection-adder] com.zaxxer.hikari.pool.PoolBase          : HikariPool-1 - Established new connection (34bf198a-ce9d-4ff2-ada2-58db4ec21cfd)
2025-10-14T18:46:23.049+05:30 DEBUG 2988 --- [midtier] [onnection-adder] com.zaxxer.hikari.pool.HikariPool        : HikariPool-1 - Added connection org.postgresql.jdbc.PgConnection@74157c6c
2025-10-14T18:46:25.920+05:30 DEBUG 2988 --- [midtier] [l-1:housekeeper] com.zaxxer.hikari.pool.HikariPool        : HikariPool-1 - keepalive: connection org.postgresql.jdbc.PgConnection@2fdc91f0 is alive
2025-10-14T18:46:32.909+05:30 DEBUG 2988 --- [midtier] [l-1:housekeeper] com.zaxxer.hikari.pool.HikariPool        : HikariPool-1 - Pool stats (total=10/10, idle=10/10, active=0, waiting=0)
2025-10-14T18:46:32.910+05:30 DEBUG 2988 --- [midtier] [l-1:housekeeper] com.zaxxer.hikari.pool.HikariPool        : HikariPool-1 - Fill pool skipped, pool has sufficient level or currently being filled.
2025-10-14T18:46:51.265+05:30 DEBUG 2988 --- [midtier] [l-1:housekeeper] com.zaxxer.hikari.pool.HikariPool        : HikariPool-1 - keepalive: connection org.postgresql.jdbc.PgConnection@e7f85d0 is alive
2025-10-14T18:47:02.445+05:30 DEBUG 2988 --- [midtier] [l-1:housekeeper] com.zaxxer.hikari.pool.HikariPool        : HikariPool-1 - keepalive: connection org.postgresql.jdbc.PgConnection@4d7c3c41 is alive
2025-10-14T18:47:09.377+05:30 DEBUG 2988 --- [midtier] [l-1:housekeeper] com.zaxxer.hikari.pool.HikariPool        : HikariPool-1 - Pool stats (total=10/10, idle=10/10, active=0, waiting=0)
2025-10-14T18:47:09.378+05:30 DEBUG 2988 --- [midtier] [l-1:housekeeper] com.zaxxer.hikari.pool.HikariPool        : HikariPool-1 - Fill pool skipped, pool has sufficient level or currently being filled.
2025-10-14T18:47:09.494+05:30 DEBUG 2988 --- [midtier] [l-1:housekeeper] com.zaxxer.hikari.pool.HikariPool        : HikariPool-1 - keepalive: connection org.postgresql.jdbc.PgConnection@43bbcb9e is alive
2025-10-14T18:47:15.755+05:30 DEBUG 2988 --- [midtier] [nnection-closer] com.zaxxer.hikari.pool.PoolBase          : HikariPool-1 - Closing connection org.postgresql.jdbc.PgConnection@4359602a: (connection has passed maxLifetime)
2025-10-14T18:47:15.758+05:30 DEBUG 2988 --- [midtier] [onnection-adder] com.zaxxer.hikari.pool.PoolBase          : HikariPool-1 - Attempting to create/setup new connection (9f1a7d20-4bbc-4bf4-bdc5-0e43b3fbc7e6)
2025-10-14T18:47:15.793+05:30 DEBUG 2988 --- [midtier] [onnection-adder] com.zaxxer.hikari.pool.PoolBase          : HikariPool-1 - Established new connection (9f1a7d20-4bbc-4bf4-bdc5-0e43b3fbc7e6)
2025-10-14T18:47:15.795+05:30 DEBUG 2988 --- [midtier] [onnection-adder] com.zaxxer.hikari.pool.HikariPool        : HikariPool-1 - Added connection org.postgresql.jdbc.PgConnection@77c8214c
2025-10-14T18:47:38.933+05:30 DEBUG 2988 --- [midtier] [l-1:housekeeper] com.zaxxer.hikari.pool.HikariPool        : HikariPool-1 - keepalive: connection org.postgresql.jdbc.PgConnection@34979682 is alive
2025-10-14T18:47:39.385+05:30 DEBUG 2988 --- [midtier] [l-1:housekeeper] com.zaxxer.hikari.pool.HikariPool        : HikariPool-1 - Pool stats (total=10/10, idle=10/10, active=0, waiting=0)
2025-10-14T18:47:39.386+05:30 DEBUG 2988 --- [midtier] [l-1:housekeeper] com.zaxxer.hikari.pool.HikariPool        : HikariPool-1 - Fill pool skipped, pool has sufficient level or currently being filled.
2025-10-14T18:47:41.416+05:30 DEBUG 2988 --- [midtier] [l-1:housekeeper] com.zaxxer.hikari.pool.HikariPool        : HikariPool-1 - keepalive: connection org.postgresql.jdbc.PgConnection@4c9b813c is alive
2025-10-14T18:48:03.669+05:30 DEBUG 2988 --- [midtier] [l-1:housekeeper] com.zaxxer.hikari.pool.HikariPool        : HikariPool-1 - keepalive: connection org.postgresql.jdbc.PgConnection@10aff2b3 is alive
2025-10-14T18:48:04.889+05:30 DEBUG 2988 --- [midtier] [l-1:housekeeper] com.zaxxer.hikari.pool.HikariPool        : HikariPool-1 - keepalive: connection org.postgresql.jdbc.PgConnection@1e680f0e is alive
2025-10-14T18:48:15.822+05:30 DEBUG 2988 --- [midtier] [l-1:housekeeper] com.zaxxer.hikari.pool.HikariPool        : HikariPool-1 - Pool stats (total=10/10, idle=10/10, active=0, waiting=0)
2025-10-14T18:48:15.823+05:30 DEBUG 2988 --- [midtier] [l-1:housekeeper] com.zaxxer.hikari.pool.HikariPool        : HikariPool-1 - Fill pool skipped, pool has sufficient level or currently being filled.
2025-10-14T18:48:23.168+05:30 DEBUG 2988 --- [midtier] [l-1:housekeeper] com.zaxxer.hikari.pool.HikariPool        : HikariPool-1 - keepalive: connection org.postgresql.jdbc.PgConnection@74157c6c is alive
2025-10-14T18:48:31.886+05:30 DEBUG 2988 --- [midtier] [nnection-closer] com.zaxxer.hikari.pool.PoolBase          : HikariPool-1 - Closing connection org.postgresql.jdbc.PgConnection@34979682: (connection has passed maxLifetime)
2025-10-14T18:48:31.887+05:30 DEBUG 2988 --- [midtier] [onnection-adder] com.zaxxer.hikari.pool.PoolBase          : HikariPool-1 - Attempting to create/setup new connection (392581e2-f1ad-4d69-9276-12f6e58d5c6f)
2025-10-14T18:48:31.908+05:30 DEBUG 2988 --- [midtier] [onnection-adder] com.zaxxer.hikari.pool.PoolBase          : HikariPool-1 - Established new connection (392581e2-f1ad-4d69-9276-12f6e58d5c6f)
2025-10-14T18:48:31.908+05:30 DEBUG 2988 --- [midtier] [onnection-adder] com.zaxxer.hikari.pool.HikariPool        : HikariPool-1 - Added connection org.postgresql.jdbc.PgConnection@4bf17eeb
2025-10-14T18:48:36.991+05:30 DEBUG 2988 --- [midtier] [l-1:housekeeper] com.zaxxer.hikari.pool.HikariPool        : HikariPool-1 - keepalive: connection org.postgresql.jdbc.PgConnection@2fdc91f0 is alive
2025-10-14T18:48:45.827+05:30 DEBUG 2988 --- [midtier] [l-1:housekeeper] com.zaxxer.hikari.pool.HikariPool        : HikariPool-1 - Pool stats (total=10/10, idle=10/10, active=0, waiting=0)
2025-10-14T18:48:45.828+05:30 DEBUG 2988 --- [midtier] [l-1:housekeeper] com.zaxxer.hikari.pool.HikariPool        : HikariPool-1 - Fill pool skipped, pool has sufficient level or currently being filled.
2025-10-14T18:48:58.398+05:30 DEBUG 2988 --- [midtier] [l-1:housekeeper] com.zaxxer.hikari.pool.HikariPool        : HikariPool-1 - keepalive: connection org.postgresql.jdbc.PgConnection@e7f85d0 is alive
2025-10-14T18:49:02.639+05:30 DEBUG 2988 --- [midtier] [l-1:housekeeper] com.zaxxer.hikari.pool.HikariPool        : HikariPool-1 - keepalive: connection org.postgresql.jdbc.PgConnection@43bbcb9e is alive
2025-10-14T18:49:13.454+05:30 DEBUG 2988 --- [midtier] [l-1:housekeeper] com.zaxxer.hikari.pool.HikariPool        : HikariPool-1 - keepalive: connection org.postgresql.jdbc.PgConnection@4d7c3c41 is alive
2025-10-14T18:49:22.227+05:30 DEBUG 2988 --- [midtier] [l-1:housekeeper] com.zaxxer.hikari.pool.HikariPool        : HikariPool-1 - Pool stats (total=10/10, idle=10/10, active=0, waiting=0)
2025-10-14T18:49:22.227+05:30 DEBUG 2988 --- [midtier] [l-1:housekeeper] com.zaxxer.hikari.pool.HikariPool        : HikariPool-1 - Fill pool skipped, pool has sufficient level or currently being filled.
2025-10-14T18:49:24.895+05:30 DEBUG 2988 --- [midtier] [l-1:housekeeper] com.zaxxer.hikari.pool.HikariPool        : HikariPool-1 - keepalive: connection org.postgresql.jdbc.PgConnection@77c8214c is alive
2025-10-14T18:49:58.685+05:30 DEBUG 2988 --- [midtier] [l-1:housekeeper] com.zaxxer.hikari.pool.HikariPool        : HikariPool-1 - Pool stats (total=10/10, idle=10/10, active=0, waiting=0)
2025-10-14T18:49:58.686+05:30 DEBUG 2988 --- [midtier] [l-1:housekeeper] com.zaxxer.hikari.pool.HikariPool        : HikariPool-1 - Fill pool skipped, pool has sufficient level or currently being filled.
2025-10-14T18:49:59.633+05:30 DEBUG 2988 --- [midtier] [l-1:housekeeper] com.zaxxer.hikari.pool.HikariPool        : HikariPool-1 - keepalive: connection org.postgresql.jdbc.PgConnection@4c9b813c is alive
2025-10-14T18:50:06.833+05:30 DEBUG 2988 --- [midtier] [l-1:housekeeper] com.zaxxer.hikari.pool.HikariPool        : HikariPool-1 - keepalive: connection org.postgresql.jdbc.PgConnection@10aff2b3 is alive
2025-10-14T18:50:10.297+05:30 DEBUG 2988 --- [midtier] [l-1:housekeeper] com.zaxxer.hikari.pool.HikariPool        : HikariPool-1 - keepalive: connection org.postgresql.jdbc.PgConnection@1e680f0e is alive
2025-10-14T18:50:23.235+05:30 DEBUG 2988 --- [midtier] [l-1:housekeeper] com.zaxxer.hikari.pool.HikariPool        : HikariPool-1 - keepalive: connection org.postgresql.jdbc.PgConnection@74157c6c is alive
2025-10-14T18:50:28.692+05:30 DEBUG 2988 --- [midtier] [l-1:housekeeper] com.zaxxer.hikari.pool.HikariPool        : HikariPool-1 - Pool stats (total=10/10, idle=10/10, active=0, waiting=0)
2025-10-14T18:50:28.692+05:30 DEBUG 2988 --- [midtier] [l-1:housekeeper] com.zaxxer.hikari.pool.HikariPool        : HikariPool-1 - Fill pool skipped, pool has sufficient level or currently being filled.
2025-10-14T18:50:28.833+05:30 DEBUG 2988 --- [midtier] [l-1:housekeeper] com.zaxxer.hikari.pool.HikariPool        : HikariPool-1 - keepalive: connection org.postgresql.jdbc.PgConnection@4bf17eeb is alive
2025-10-14T18:50:54.481+05:30 DEBUG 2988 --- [midtier] [l-1:housekeeper] com.zaxxer.hikari.pool.HikariPool        : HikariPool-1 - keepalive: connection org.postgresql.jdbc.PgConnection@2fdc91f0 is alive
2025-10-14T18:50:55.868+05:30 DEBUG 2988 --- [midtier] [l-1:housekeeper] com.zaxxer.hikari.pool.HikariPool        : HikariPool-1 - keepalive: connection org.postgresql.jdbc.PgConnection@43bbcb9e is alive
2025-10-14T18:50:59.152+05:30 DEBUG 2988 --- [midtier] [l-1:housekeeper] com.zaxxer.hikari.pool.HikariPool        : HikariPool-1 - keepalive: connection org.postgresql.jdbc.PgConnection@e7f85d0 is alive
2025-10-14T18:51:05.163+05:30 DEBUG 2988 --- [midtier] [l-1:housekeeper] com.zaxxer.hikari.pool.HikariPool        : HikariPool-1 - Pool stats (total=10/10, idle=10/10, active=0, waiting=0)
2025-10-14T18:51:05.164+05:30 DEBUG 2988 --- [midtier] [l-1:housekeeper] com.zaxxer.hikari.pool.HikariPool        : HikariPool-1 - Fill pool skipped, pool has sufficient level or currently being filled.
2025-10-14T18:51:24.561+05:30 DEBUG 2988 --- [midtier] [l-1:housekeeper] com.zaxxer.hikari.pool.HikariPool        : HikariPool-1 - keepalive: connection org.postgresql.jdbc.PgConnection@4d7c3c41 is alive
2025-10-14T18:51:34.096+05:30 DEBUG 2988 --- [midtier] [l-1:housekeeper] com.zaxxer.hikari.pool.HikariPool        : HikariPool-1 - keepalive: connection org.postgresql.jdbc.PgConnection@77c8214c is alive
2025-10-14T18:51:35.180+05:30 DEBUG 2988 --- [midtier] [l-1:housekeeper] com.zaxxer.hikari.pool.HikariPool        : HikariPool-1 - Pool stats (total=10/10, idle=10/10, active=0, waiting=0)
2025-10-14T18:51:35.180+05:30 DEBUG 2988 --- [midtier] [l-1:housekeeper] com.zaxxer.hikari.pool.HikariPool        : HikariPool-1 - Fill pool skipped, pool has sufficient level or currently being filled.
2025-10-14T18:51:49.584+05:30 DEBUG 2988 --- [midtier] [nnection-closer] com.zaxxer.hikari.pool.PoolBase          : HikariPool-1 - Closing connection org.postgresql.jdbc.PgConnection@4c9b813c: (connection has passed maxLifetime)
2025-10-14T18:51:49.589+05:30 DEBUG 2988 --- [midtier] [onnection-adder] com.zaxxer.hikari.pool.PoolBase          : HikariPool-1 - Attempting to create/setup new connection (cbecc56f-16ef-4e93-93ec-ec22ea4fb09a)
2025-10-14T18:51:49.623+05:30 DEBUG 2988 --- [midtier] [onnection-adder] com.zaxxer.hikari.pool.PoolBase          : HikariPool-1 - Established new connection (cbecc56f-16ef-4e93-93ec-ec22ea4fb09a)
2025-10-14T18:51:49.623+05:30 DEBUG 2988 --- [midtier] [onnection-adder] com.zaxxer.hikari.pool.HikariPool        : HikariPool-1 - Added connection org.postgresql.jdbc.PgConnection@2d56adb1
2025-10-14T18:51:54.499+05:30 DEBUG 2988 --- [midtier] [nnection-closer] com.zaxxer.hikari.pool.PoolBase          : HikariPool-1 - Closing connection org.postgresql.jdbc.PgConnection@43bbcb9e: (connection has passed maxLifetime)
2025-10-14T18:51:54.501+05:30 DEBUG 2988 --- [midtier] [onnection-adder] com.zaxxer.hikari.pool.PoolBase          : HikariPool-1 - Attempting to create/setup new connection (cb2efce3-f0e9-4a28-8591-3cfaf6eb4955)
2025-10-14T18:51:54.514+05:30 DEBUG 2988 --- [midtier] [onnection-adder] com.zaxxer.hikari.pool.PoolBase          : HikariPool-1 - Established new connection (cb2efce3-f0e9-4a28-8591-3cfaf6eb4955)
2025-10-14T18:51:54.515+05:30 DEBUG 2988 --- [midtier] [onnection-adder] com.zaxxer.hikari.pool.HikariPool        : HikariPool-1 - Added connection org.postgresql.jdbc.PgConnection@2391466b
2025-10-14T18:52:03.633+05:30 DEBUG 2988 --- [midtier] [l-1:housekeeper] com.zaxxer.hikari.pool.HikariPool        : HikariPool-1 - keepalive: connection org.postgresql.jdbc.PgConnection@10aff2b3 is alive
2025-10-14T18:52:05.184+05:30 DEBUG 2988 --- [midtier] [l-1:housekeeper] com.zaxxer.hikari.pool.HikariPool        : HikariPool-1 - Pool stats (total=10/10, idle=10/10, active=0, waiting=0)
2025-10-14T18:52:05.185+05:30 DEBUG 2988 --- [midtier] [l-1:housekeeper] com.zaxxer.hikari.pool.HikariPool        : HikariPool-1 - Fill pool skipped, pool has sufficient level or currently being filled.
2025-10-14T18:52:09.336+05:30 DEBUG 2988 --- [midtier] [l-1:housekeeper] com.zaxxer.hikari.pool.HikariPool        : HikariPool-1 - keepalive: connection org.postgresql.jdbc.PgConnection@1e680f0e is alive
2025-10-14T18:52:21.140+05:30 DEBUG 2988 --- [midtier] [nnection-closer] com.zaxxer.hikari.pool.PoolBase          : HikariPool-1 - Closing connection org.postgresql.jdbc.PgConnection@2fdc91f0: (connection has passed maxLifetime)
2025-10-14T18:52:21.144+05:30 DEBUG 2988 --- [midtier] [onnection-adder] com.zaxxer.hikari.pool.PoolBase          : HikariPool-1 - Attempting to create/setup new connection (eba942bc-061b-4ec6-b899-85903d41abae)
2025-10-14T18:52:21.167+05:30 DEBUG 2988 --- [midtier] [onnection-adder] com.zaxxer.hikari.pool.PoolBase          : HikariPool-1 - Established new connection (eba942bc-061b-4ec6-b899-85903d41abae)
2025-10-14T18:52:21.167+05:30 DEBUG 2988 --- [midtier] [onnection-adder] com.zaxxer.hikari.pool.HikariPool        : HikariPool-1 - Added connection org.postgresql.jdbc.PgConnection@780fa80
2025-10-14T18:52:22.539+05:30 DEBUG 2988 --- [midtier] [l-1:housekeeper] com.zaxxer.hikari.pool.HikariPool        : HikariPool-1 - keepalive: connection org.postgresql.jdbc.PgConnection@74157c6c is alive
2025-10-14T18:52:24.992+05:30 DEBUG 2988 --- [midtier] [l-1:housekeeper] com.zaxxer.hikari.pool.HikariPool        : HikariPool-1 - keepalive: connection org.postgresql.jdbc.PgConnection@4bf17eeb is alive
2025-10-14T18:52:40.790+05:30 DEBUG 2988 --- [midtier] [l-1:housekeeper] com.zaxxer.hikari.pool.HikariPool        : HikariPool-1 - Pool stats (total=10/10, idle=10/10, active=0, waiting=0)
2025-10-14T18:52:40.790+05:30 DEBUG 2988 --- [midtier] [l-1:housekeeper] com.zaxxer.hikari.pool.HikariPool        : HikariPool-1 - Fill pool skipped, pool has sufficient level or currently being filled.
2025-10-14T18:52:52.614+05:30 DEBUG 2988 --- [midtier] [l-1:housekeeper] com.zaxxer.hikari.pool.HikariPool        : HikariPool-1 - keepalive: connection org.postgresql.jdbc.PgConnection@e7f85d0 is alive
2025-10-14T18:53:17.031+05:30 DEBUG 2988 --- [midtier] [l-1:housekeeper] com.zaxxer.hikari.pool.HikariPool        : HikariPool-1 - Pool stats (total=10/10, idle=10/10, active=0, waiting=0)
2025-10-14T18:53:17.031+05:30 DEBUG 2988 --- [midtier] [l-1:housekeeper] com.zaxxer.hikari.pool.HikariPool        : HikariPool-1 - Fill pool skipped, pool has sufficient level or currently being filled.
2025-10-14T18:53:34.591+05:30 DEBUG 2988 --- [midtier] [l-1:housekeeper] com.zaxxer.hikari.pool.HikariPool        : HikariPool-1 - keepalive: connection org.postgresql.jdbc.PgConnection@4d7c3c41 is alive
2025-10-14T18:53:42.212+05:30 DEBUG 2988 --- [midtier] [l-1:housekeeper] com.zaxxer.hikari.pool.HikariPool        : HikariPool-1 - keepalive: connection org.postgresql.jdbc.PgConnection@77c8214c is alive
2025-10-14T18:53:47.039+05:30 DEBUG 2988 --- [midtier] [l-1:housekeeper] com.zaxxer.hikari.pool.HikariPool        : HikariPool-1 - Pool stats (total=10/10, idle=10/10, active=0, waiting=0)
2025-10-14T18:53:47.039+05:30 DEBUG 2988 --- [midtier] [l-1:housekeeper] com.zaxxer.hikari.pool.HikariPool        : HikariPool-1 - Fill pool skipped, pool has sufficient level or currently being filled.
2025-10-14T18:53:55.245+05:30 DEBUG 2988 --- [midtier] [l-1:housekeeper] com.zaxxer.hikari.pool.HikariPool        : HikariPool-1 - keepalive: connection org.postgresql.jdbc.PgConnection@2d56adb1 is alive
2025-10-14T18:54:04.674+05:30 DEBUG 2988 --- [midtier] [l-1:housekeeper] com.zaxxer.hikari.pool.HikariPool        : HikariPool-1 - keepalive: connection org.postgresql.jdbc.PgConnection@2391466b is alive
2025-10-14T18:54:13.559+05:30 DEBUG 2988 --- [midtier] [l-1:housekeeper] com.zaxxer.hikari.pool.HikariPool        : HikariPool-1 - keepalive: connection org.postgresql.jdbc.PgConnection@10aff2b3 is alive
2025-10-14T18:54:13.561+05:30 DEBUG 2988 --- [midtier] [l-1:housekeeper] com.zaxxer.hikari.pool.HikariPool        : HikariPool-1 - keepalive: connection org.postgresql.jdbc.PgConnection@780fa80 is alive
2025-10-14T18:54:20.170+05:30 DEBUG 2988 --- [midtier] [l-1:housekeeper] com.zaxxer.hikari.pool.HikariPool        : HikariPool-1 - keepalive: connection org.postgresql.jdbc.PgConnection@1e680f0e is alive
2025-10-14T18:54:21.738+05:30 DEBUG 2988 --- [midtier] [l-1:housekeeper] com.zaxxer.hikari.pool.HikariPool        : HikariPool-1 - keepalive: connection org.postgresql.jdbc.PgConnection@4bf17eeb is alive
2025-10-14T18:54:22.431+05:30 DEBUG 2988 --- [midtier] [l-1:housekeeper] com.zaxxer.hikari.pool.HikariPool        : HikariPool-1 - keepalive: connection org.postgresql.jdbc.PgConnection@74157c6c is alive
2025-10-14T18:54:23.470+05:30 DEBUG 2988 --- [midtier] [l-1:housekeeper] com.zaxxer.hikari.pool.HikariPool        : HikariPool-1 - Pool stats (total=10/10, idle=10/10, active=0, waiting=0)
2025-10-14T18:54:23.470+05:30 DEBUG 2988 --- [midtier] [l-1:housekeeper] com.zaxxer.hikari.pool.HikariPool        : HikariPool-1 - Fill pool skipped, pool has sufficient level or currently being filled.
2025-10-14T18:54:30.965+05:30 DEBUG 2988 --- [midtier] [nnection-closer] com.zaxxer.hikari.pool.PoolBase          : HikariPool-1 - Closing connection org.postgresql.jdbc.PgConnection@4d7c3c41: (connection has passed maxLifetime)
2025-10-14T18:54:30.967+05:30 DEBUG 2988 --- [midtier] [onnection-adder] com.zaxxer.hikari.pool.PoolBase          : HikariPool-1 - Attempting to create/setup new connection (16daa507-5927-4e86-a103-565f7b8ab034)
2025-10-14T18:54:30.987+05:30 DEBUG 2988 --- [midtier] [onnection-adder] com.zaxxer.hikari.pool.PoolBase          : HikariPool-1 - Established new connection (16daa507-5927-4e86-a103-565f7b8ab034)
2025-10-14T18:54:30.987+05:30 DEBUG 2988 --- [midtier] [onnection-adder] com.zaxxer.hikari.pool.HikariPool        : HikariPool-1 - Added connection org.postgresql.jdbc.PgConnection@61b24d94
2025-10-14T18:54:53.121+05:30 DEBUG 2988 --- [midtier] [l-1:housekeeper] com.zaxxer.hikari.pool.HikariPool        : HikariPool-1 - keepalive: connection org.postgresql.jdbc.PgConnection@e7f85d0 is alive
2025-10-14T18:54:53.477+05:30 DEBUG 2988 --- [midtier] [l-1:housekeeper] com.zaxxer.hikari.pool.HikariPool        : HikariPool-1 - Pool stats (total=10/10, idle=10/10, active=0, waiting=0)
2025-10-14T18:54:53.477+05:30 DEBUG 2988 --- [midtier] [l-1:housekeeper] com.zaxxer.hikari.pool.HikariPool        : HikariPool-1 - Fill pool skipped, pool has sufficient level or currently being filled.
2025-10-14T18:55:29.941+05:30 DEBUG 2988 --- [midtier] [l-1:housekeeper] com.zaxxer.hikari.pool.HikariPool        : HikariPool-1 - Pool stats (total=10/10, idle=10/10, active=0, waiting=0)
2025-10-14T18:55:29.942+05:30 DEBUG 2988 --- [midtier] [l-1:housekeeper] com.zaxxer.hikari.pool.HikariPool        : HikariPool-1 - Fill pool skipped, pool has sufficient level or currently being filled.
2025-10-14T18:55:51.374+05:30 DEBUG 2988 --- [midtier] [l-1:housekeeper] com.zaxxer.hikari.pool.HikariPool        : HikariPool-1 - keepalive: connection org.postgresql.jdbc.PgConnection@77c8214c is alive
2025-10-14T18:55:59.109+05:30 DEBUG 2988 --- [midtier] [l-1:housekeeper] com.zaxxer.hikari.pool.HikariPool        : HikariPool-1 - keepalive: connection org.postgresql.jdbc.PgConnection@780fa80 is alive
2025-10-14T18:55:59.947+05:30 DEBUG 2988 --- [midtier] [l-1:housekeeper] com.zaxxer.hikari.pool.HikariPool        : HikariPool-1 - Pool stats (total=10/10, idle=10/10, active=0, waiting=0)
2025-10-14T18:55:59.947+05:30 DEBUG 2988 --- [midtier] [l-1:housekeeper] com.zaxxer.hikari.pool.HikariPool        : HikariPool-1 - Fill pool skipped, pool has sufficient level or currently being filled.
2025-10-14T18:56:09.566+05:30 DEBUG 2988 --- [midtier] [l-1:housekeeper] com.zaxxer.hikari.pool.HikariPool        : HikariPool-1 - keepalive: connection org.postgresql.jdbc.PgConnection@2d56adb1 is alive
2025-10-14T18:56:16.796+05:30 DEBUG 2988 --- [midtier] [l-1:housekeeper] com.zaxxer.hikari.pool.HikariPool        : HikariPool-1 - keepalive: connection org.postgresql.jdbc.PgConnection@10aff2b3 is alive
2025-10-14T18:56:18.732+05:30 DEBUG 2988 --- [midtier] [l-1:housekeeper] com.zaxxer.hikari.pool.HikariPool        : HikariPool-1 - keepalive: connection org.postgresql.jdbc.PgConnection@4bf17eeb is alive
2025-10-14T18:56:22.333+05:30 DEBUG 2988 --- [midtier] [l-1:housekeeper] com.zaxxer.hikari.pool.HikariPool        : HikariPool-1 - keepalive: connection org.postgresql.jdbc.PgConnection@2391466b is alive
2025-10-14T18:56:22.363+05:30 DEBUG 2988 --- [midtier] [l-1:housekeeper] com.zaxxer.hikari.pool.HikariPool        : HikariPool-1 - keepalive: connection org.postgresql.jdbc.PgConnection@61b24d94 is alive
2025-10-14T18:56:22.577+05:30 DEBUG 2988 --- [midtier] [l-1:housekeeper] com.zaxxer.hikari.pool.HikariPool        : HikariPool-1 - keepalive: connection org.postgresql.jdbc.PgConnection@74157c6c is alive
2025-10-14T18:56:25.651+05:30 DEBUG 2988 --- [midtier] [l-1:housekeeper] com.zaxxer.hikari.pool.HikariPool        : HikariPool-1 - keepalive: connection org.postgresql.jdbc.PgConnection@1e680f0e is alive
2025-10-14T18:56:36.401+05:30 DEBUG 2988 --- [midtier] [l-1:housekeeper] com.zaxxer.hikari.pool.HikariPool        : HikariPool-1 - Pool stats (total=10/10, idle=10/10, active=0, waiting=0)
2025-10-14T18:56:36.401+05:30 DEBUG 2988 --- [midtier] [l-1:housekeeper] com.zaxxer.hikari.pool.HikariPool        : HikariPool-1 - Fill pool skipped, pool has sufficient level or currently being filled.
2025-10-14T18:56:53.880+05:30 DEBUG 2988 --- [midtier] [l-1:housekeeper] com.zaxxer.hikari.pool.HikariPool        : HikariPool-1 - keepalive: connection org.postgresql.jdbc.PgConnection@e7f85d0 is alive
2025-10-14T18:57:12.792+05:30 DEBUG 2988 --- [midtier] [l-1:housekeeper] com.zaxxer.hikari.pool.HikariPool        : HikariPool-1 - Pool stats (total=10/10, idle=10/10, active=0, waiting=0)
2025-10-14T18:57:12.792+05:30 DEBUG 2988 --- [midtier] [l-1:housekeeper] com.zaxxer.hikari.pool.HikariPool        : HikariPool-1 - Fill pool skipped, pool has sufficient level or currently being filled.
2025-10-14T18:57:42.798+05:30 DEBUG 2988 --- [midtier] [l-1:housekeeper] com.zaxxer.hikari.pool.HikariPool        : HikariPool-1 - Pool stats (total=10/10, idle=10/10, active=0, waiting=0)
2025-10-14T18:57:42.799+05:30 DEBUG 2988 --- [midtier] [l-1:housekeeper] com.zaxxer.hikari.pool.HikariPool        : HikariPool-1 - Fill pool skipped, pool has sufficient level or currently being filled.
2025-10-14T18:57:51.025+05:30 DEBUG 2988 --- [midtier] [l-1:housekeeper] com.zaxxer.hikari.pool.HikariPool        : HikariPool-1 - keepalive: connection org.postgresql.jdbc.PgConnection@780fa80 is alive
2025-10-14T18:58:06.895+05:30 DEBUG 2988 --- [midtier] [l-1:housekeeper] com.zaxxer.hikari.pool.HikariPool        : HikariPool-1 - keepalive: connection org.postgresql.jdbc.PgConnection@77c8214c is alive
2025-10-14T18:58:13.620+05:30 DEBUG 2988 --- [midtier] [l-1:housekeeper] com.zaxxer.hikari.pool.HikariPool        : HikariPool-1 - keepalive: connection org.postgresql.jdbc.PgConnection@61b24d94 is alive
2025-10-14T18:58:15.610+05:30 DEBUG 2988 --- [midtier] [l-1:housekeeper] com.zaxxer.hikari.pool.HikariPool        : HikariPool-1 - keepalive: connection org.postgresql.jdbc.PgConnection@4bf17eeb is alive
2025-10-14T18:58:16.140+05:30 DEBUG 2988 --- [midtier] [l-1:housekeeper] com.zaxxer.hikari.pool.HikariPool        : HikariPool-1 - keepalive: connection org.postgresql.jdbc.PgConnection@2d56adb1 is alive
2025-10-14T18:58:19.220+05:30 DEBUG 2988 --- [midtier] [l-1:housekeeper] com.zaxxer.hikari.pool.HikariPool        : HikariPool-1 - Pool stats (total=10/10, idle=10/10, active=0, waiting=0)
2025-10-14T18:58:19.220+05:30 DEBUG 2988 --- [midtier] [l-1:housekeeper] com.zaxxer.hikari.pool.HikariPool        : HikariPool-1 - Fill pool skipped, pool has sufficient level or currently being filled.
2025-10-14T18:58:19.911+05:30 DEBUG 2988 --- [midtier] [l-1:housekeeper] com.zaxxer.hikari.pool.HikariPool        : HikariPool-1 - keepalive: connection org.postgresql.jdbc.PgConnection@10aff2b3 is alive
2025-10-14T18:58:22.596+05:30 DEBUG 2988 --- [midtier] [l-1:housekeeper] com.zaxxer.hikari.pool.HikariPool        : HikariPool-1 - keepalive: connection org.postgresql.jdbc.PgConnection@74157c6c is alive
2025-10-14T18:58:31.008+05:30 DEBUG 2988 --- [midtier] [l-1:housekeeper] com.zaxxer.hikari.pool.HikariPool        : HikariPool-1 - keepalive: connection org.postgresql.jdbc.PgConnection@1e680f0e is alive
2025-10-14T18:58:33.446+05:30 DEBUG 2988 --- [midtier] [l-1:housekeeper] com.zaxxer.hikari.pool.HikariPool        : HikariPool-1 - keepalive: connection org.postgresql.jdbc.PgConnection@2391466b is alive
2025-10-14T18:58:49.224+05:30 DEBUG 2988 --- [midtier] [l-1:housekeeper] com.zaxxer.hikari.pool.HikariPool        : HikariPool-1 - Pool stats (total=10/10, idle=10/10, active=0, waiting=0)
2025-10-14T18:58:49.224+05:30 DEBUG 2988 --- [midtier] [l-1:housekeeper] com.zaxxer.hikari.pool.HikariPool        : HikariPool-1 - Fill pool skipped, pool has sufficient level or currently being filled.
2025-10-14T18:58:54.514+05:30 DEBUG 2988 --- [midtier] [l-1:housekeeper] com.zaxxer.hikari.pool.HikariPool        : HikariPool-1 - keepalive: connection org.postgresql.jdbc.PgConnection@e7f85d0 is alive
2025-10-14T18:59:25.646+05:30 DEBUG 2988 --- [midtier] [l-1:housekeeper] com.zaxxer.hikari.pool.HikariPool        : HikariPool-1 - Pool stats (total=10/10, idle=10/10, active=0, waiting=0)
2025-10-14T18:59:25.647+05:30 DEBUG 2988 --- [midtier] [l-1:housekeeper] com.zaxxer.hikari.pool.HikariPool        : HikariPool-1 - Fill pool skipped, pool has sufficient level or currently being filled.
2025-10-14T18:59:42.943+05:30 DEBUG 2988 --- [midtier] [l-1:housekeeper] com.zaxxer.hikari.pool.HikariPool        : HikariPool-1 - keepalive: connection org.postgresql.jdbc.PgConnection@780fa80 is alive
2025-10-14T19:00:02.068+05:30 DEBUG 2988 --- [midtier] [l-1:housekeeper] com.zaxxer.hikari.pool.HikariPool        : HikariPool-1 - Pool stats (total=10/10, idle=10/10, active=0, waiting=0)
2025-10-14T19:00:02.069+05:30 DEBUG 2988 --- [midtier] [l-1:housekeeper] com.zaxxer.hikari.pool.HikariPool        : HikariPool-1 - Fill pool skipped, pool has sufficient level or currently being filled.
2025-10-14T19:00:04.915+05:30 DEBUG 2988 --- [midtier] [l-1:housekeeper] com.zaxxer.hikari.pool.HikariPool        : HikariPool-1 - keepalive: connection org.postgresql.jdbc.PgConnection@61b24d94 is alive
2025-10-14T19:00:12.524+05:30 DEBUG 2988 --- [midtier] [l-1:housekeeper] com.zaxxer.hikari.pool.HikariPool        : HikariPool-1 - keepalive: connection org.postgresql.jdbc.PgConnection@4bf17eeb is alive
2025-10-14T19:00:16.006+05:30 DEBUG 2988 --- [midtier] [l-1:housekeeper] com.zaxxer.hikari.pool.HikariPool        : HikariPool-1 - keepalive: connection org.postgresql.jdbc.PgConnection@77c8214c is alive
2025-10-14T19:00:22.658+05:30 DEBUG 2988 --- [midtier] [l-1:housekeeper] com.zaxxer.hikari.pool.HikariPool        : HikariPool-1 - keepalive: connection org.postgresql.jdbc.PgConnection@74157c6c is alive
2025-10-14T19:00:22.759+05:30 DEBUG 2988 --- [midtier] [l-1:housekeeper] com.zaxxer.hikari.pool.HikariPool        : HikariPool-1 - keepalive: connection org.postgresql.jdbc.PgConnection@2d56adb1 is alive
2025-10-14T19:00:23.069+05:30 DEBUG 2988 --- [midtier] [l-1:housekeeper] com.zaxxer.hikari.pool.HikariPool        : HikariPool-1 - keepalive: connection org.postgresql.jdbc.PgConnection@10aff2b3 is alive
2025-10-14T19:00:32.075+05:30 DEBUG 2988 --- [midtier] [l-1:housekeeper] com.zaxxer.hikari.pool.HikariPool        : HikariPool-1 - Pool stats (total=10/10, idle=10/10, active=0, waiting=0)
2025-10-14T19:00:32.075+05:30 DEBUG 2988 --- [midtier] [l-1:housekeeper] com.zaxxer.hikari.pool.HikariPool        : HikariPool-1 - Fill pool skipped, pool has sufficient level or currently being filled.
2025-10-14T19:00:36.408+05:30 DEBUG 2988 --- [midtier] [l-1:housekeeper] com.zaxxer.hikari.pool.HikariPool        : HikariPool-1 - keepalive: connection org.postgresql.jdbc.PgConnection@1e680f0e is alive
2025-10-14T19:00:44.608+05:30 DEBUG 2988 --- [midtier] [l-1:housekeeper] com.zaxxer.hikari.pool.HikariPool        : HikariPool-1 - keepalive: connection org.postgresql.jdbc.PgConnection@2391466b is alive
2025-10-14T19:01:01.304+05:30 DEBUG 2988 --- [midtier] [l-1:housekeeper] com.zaxxer.hikari.pool.HikariPool        : HikariPool-1 - keepalive: connection org.postgresql.jdbc.PgConnection@e7f85d0 is alive
2025-10-14T19:01:08.191+05:30 DEBUG 2988 --- [midtier] [l-1:housekeeper] com.zaxxer.hikari.pool.HikariPool        : HikariPool-1 - Pool stats (total=10/10, idle=10/10, active=0, waiting=0)
2025-10-14T19:01:08.191+05:30 DEBUG 2988 --- [midtier] [l-1:housekeeper] com.zaxxer.hikari.pool.HikariPool        : HikariPool-1 - Fill pool skipped, pool has sufficient level or currently being filled.
2025-10-14T19:01:34.556+05:30 DEBUG 2988 --- [midtier] [l-1:housekeeper] com.zaxxer.hikari.pool.HikariPool        : HikariPool-1 - keepalive: connection org.postgresql.jdbc.PgConnection@780fa80 is alive
2025-10-14T19:01:38.199+05:30 DEBUG 2988 --- [midtier] [l-1:housekeeper] com.zaxxer.hikari.pool.HikariPool        : HikariPool-1 - Pool stats (total=10/10, idle=10/10, active=0, waiting=0)
2025-10-14T19:01:38.199+05:30 DEBUG 2988 --- [midtier] [l-1:housekeeper] com.zaxxer.hikari.pool.HikariPool        : HikariPool-1 - Fill pool skipped, pool has sufficient level or currently being filled.
2025-10-14T19:17:14.796+05:30 DEBUG 2988 --- [midtier] [l-1:housekeeper] com.zaxxer.hikari.pool.HikariPool        : HikariPool-1 - keepalive: connection org.postgresql.jdbc.PgConnection@61b24d94 is alive
2025-10-14T19:17:26.227+05:30 DEBUG 2988 --- [midtier] [l-1:housekeeper] com.zaxxer.hikari.pool.HikariPool        : HikariPool-1 - keepalive: connection org.postgresql.jdbc.PgConnection@4bf17eeb is alive
2025-10-14T19:17:31.729+05:30  WARN 2988 --- [midtier] [l-1:housekeeper] com.zaxxer.hikari.pool.HikariPool        : HikariPool-1 - Thread starvation or clock leap detected (housekeeper delta=15m53s526ms).
2025-10-14T19:17:31.731+05:30 DEBUG 2988 --- [midtier] [l-1:housekeeper] com.zaxxer.hikari.pool.HikariPool        : HikariPool-1 - Pool stats (total=10/10, idle=10/10, active=0, waiting=0)
2025-10-14T19:17:31.731+05:30 DEBUG 2988 --- [midtier] [l-1:housekeeper] com.zaxxer.hikari.pool.HikariPool        : HikariPool-1 - Fill pool skipped, pool has sufficient level or currently being filled.
2025-10-14T19:17:39.518+05:30 DEBUG 2988 --- [midtier] [l-1:housekeeper] com.zaxxer.hikari.pool.HikariPool        : HikariPool-1 - keepalive: connection org.postgresql.jdbc.PgConnection@74157c6c is alive
2025-10-14T19:17:41.920+05:30 DEBUG 2988 --- [midtier] [l-1:housekeeper] com.zaxxer.hikari.pool.HikariPool        : HikariPool-1 - keepalive: connection org.postgresql.jdbc.PgConnection@77c8214c is alive
2025-10-14T19:17:43.025+05:30 DEBUG 2988 --- [midtier] [l-1:housekeeper] com.zaxxer.hikari.pool.HikariPool        : HikariPool-1 - keepalive: connection org.postgresql.jdbc.PgConnection@10aff2b3 is alive
2025-10-14T19:17:46.170+05:30 DEBUG 2988 --- [midtier] [l-1:housekeeper] com.zaxxer.hikari.pool.HikariPool        : HikariPool-1 - keepalive: connection org.postgresql.jdbc.PgConnection@2d56adb1 is alive
2025-10-14T19:17:58.623+05:30 DEBUG 2988 --- [midtier] [l-1:housekeeper] com.zaxxer.hikari.pool.HikariPool        : HikariPool-1 - keepalive: connection org.postgresql.jdbc.PgConnection@1e680f0e is alive
2025-10-14T19:18:01.745+05:30 DEBUG 2988 --- [midtier] [l-1:housekeeper] com.zaxxer.hikari.pool.HikariPool        : HikariPool-1 - Pool stats (total=10/10, idle=10/10, active=0, waiting=0)
2025-10-14T19:18:01.745+05:30 DEBUG 2988 --- [midtier] [l-1:housekeeper] com.zaxxer.hikari.pool.HikariPool        : HikariPool-1 - Fill pool skipped, pool has sufficient level or currently being filled.
2025-10-14T19:22:22.208+05:30 DEBUG 2988 --- [midtier] [l-1:housekeeper] com.zaxxer.hikari.pool.HikariPool        : HikariPool-1 - keepalive: connection org.postgresql.jdbc.PgConnection@2391466b is alive
2025-10-14T19:22:22.321+05:30 DEBUG 2988 --- [midtier] [l-1:housekeeper] com.zaxxer.hikari.pool.HikariPool        : HikariPool-1 - keepalive: connection org.postgresql.jdbc.PgConnection@e7f85d0 is alive
2025-10-14T19:22:41.413+05:30  WARN 2988 --- [midtier] [l-1:housekeeper] com.zaxxer.hikari.pool.HikariPool        : HikariPool-1 - Thread starvation or clock leap detected (housekeeper delta=4m39s668ms).
2025-10-14T19:22:41.414+05:30 DEBUG 2988 --- [midtier] [l-1:housekeeper] com.zaxxer.hikari.pool.HikariPool        : HikariPool-1 - Pool stats (total=10/10, idle=10/10, active=0, waiting=0)
2025-10-14T19:22:41.415+05:30 DEBUG 2988 --- [midtier] [l-1:housekeeper] com.zaxxer.hikari.pool.HikariPool        : HikariPool-1 - Fill pool skipped, pool has sufficient level or currently being filled.
2025-10-14T19:22:46.818+05:30 DEBUG 2988 --- [midtier] [l-1:housekeeper] com.zaxxer.hikari.pool.HikariPool        : HikariPool-1 - keepalive: connection org.postgresql.jdbc.PgConnection@780fa80 is alive
2025-10-14T19:23:02.935+05:30 DEBUG 2988 --- [midtier] [l-1:housekeeper] com.zaxxer.hikari.pool.HikariPool        : HikariPool-1 - keepalive: connection org.postgresql.jdbc.PgConnection@61b24d94 is alive
2025-10-14T19:26:49.784+05:30  WARN 2988 --- [midtier] [l-1:housekeeper] com.zaxxer.hikari.pool.HikariPool        : HikariPool-1 - Thread starvation or clock leap detected (housekeeper delta=4m8s371ms).
2025-10-14T19:26:49.784+05:30 DEBUG 2988 --- [midtier] [l-1:housekeeper] com.zaxxer.hikari.pool.HikariPool        : HikariPool-1 - Pool stats (total=10/10, idle=10/10, active=0, waiting=0)
2025-10-14T19:26:49.784+05:30 DEBUG 2988 --- [midtier] [l-1:housekeeper] com.zaxxer.hikari.pool.HikariPool        : HikariPool-1 - Fill pool skipped, pool has sufficient level or currently being filled.
2025-10-14T19:26:58.338+05:30 DEBUG 2988 --- [midtier] [l-1:housekeeper] com.zaxxer.hikari.pool.HikariPool        : HikariPool-1 - keepalive: connection org.postgresql.jdbc.PgConnection@4bf17eeb is alive
2025-10-14T19:27:17.253+05:30 DEBUG 2988 --- [midtier] [l-1:housekeeper] com.zaxxer.hikari.pool.HikariPool        : HikariPool-1 - keepalive: connection org.postgresql.jdbc.PgConnection@74157c6c is alive
2025-10-14T19:27:22.277+05:30 DEBUG 2988 --- [midtier] [l-1:housekeeper] com.zaxxer.hikari.pool.HikariPool        : HikariPool-1 - Pool stats (total=10/10, idle=10/10, active=0, waiting=0)
2025-10-14T19:27:22.277+05:30 DEBUG 2988 --- [midtier] [l-1:housekeeper] com.zaxxer.hikari.pool.HikariPool        : HikariPool-1 - Fill pool skipped, pool has sufficient level or currently being filled.
2025-10-14T19:27:23.850+05:30 DEBUG 2988 --- [midtier] [l-1:housekeeper] com.zaxxer.hikari.pool.HikariPool        : HikariPool-1 - keepalive: connection org.postgresql.jdbc.PgConnection@10aff2b3 is alive
2025-10-14T19:27:28.721+05:30 DEBUG 2988 --- [midtier] [l-1:housekeeper] com.zaxxer.hikari.pool.HikariPool        : HikariPool-1 - keepalive: connection org.postgresql.jdbc.PgConnection@77c8214c is alive
2025-10-14T19:27:30.471+05:30 DEBUG 2988 --- [midtier] [l-1:housekeeper] com.zaxxer.hikari.pool.HikariPool        : HikariPool-1 - keepalive: connection org.postgresql.jdbc.PgConnection@2d56adb1 is alive
2025-10-14T19:27:41.686+05:30 DEBUG 2988 --- [midtier] [l-1:housekeeper] com.zaxxer.hikari.pool.HikariPool        : HikariPool-1 - keepalive: connection org.postgresql.jdbc.PgConnection@1e680f0e is alive
2025-10-14T19:27:51.022+05:30 DEBUG 2988 --- [midtier] [l-1:housekeeper] com.zaxxer.hikari.pool.HikariPool        : HikariPool-1 - keepalive: connection org.postgresql.jdbc.PgConnection@e7f85d0 is alive
2025-10-14T19:27:52.282+05:30 DEBUG 2988 --- [midtier] [l-1:housekeeper] com.zaxxer.hikari.pool.HikariPool        : HikariPool-1 - Pool stats (total=10/10, idle=10/10, active=0, waiting=0)
2025-10-14T19:27:52.282+05:30 DEBUG 2988 --- [midtier] [l-1:housekeeper] com.zaxxer.hikari.pool.HikariPool        : HikariPool-1 - Fill pool skipped, pool has sufficient level or currently being filled.
2025-10-14T19:28:01.384+05:30 DEBUG 2988 --- [midtier] [l-1:housekeeper] com.zaxxer.hikari.pool.HikariPool        : HikariPool-1 - keepalive: connection org.postgresql.jdbc.PgConnection@2391466b is alive
2025-10-14T19:28:06.773+05:30 DEBUG 2988 --- [midtier] [l-1:housekeeper] com.zaxxer.hikari.pool.HikariPool        : HikariPool-1 - keepalive: connection org.postgresql.jdbc.PgConnection@780fa80 is alive
2025-10-14T19:28:28.582+05:30 DEBUG 2988 --- [midtier] [l-1:housekeeper] com.zaxxer.hikari.pool.HikariPool        : HikariPool-1 - keepalive: connection org.postgresql.jdbc.PgConnection@61b24d94 is alive
2025-10-14T19:28:28.630+05:30 DEBUG 2988 --- [midtier] [l-1:housekeeper] com.zaxxer.hikari.pool.HikariPool        : HikariPool-1 - Pool stats (total=10/10, idle=10/10, active=0, waiting=0)
2025-10-14T19:28:28.631+05:30 DEBUG 2988 --- [midtier] [l-1:housekeeper] com.zaxxer.hikari.pool.HikariPool        : HikariPool-1 - Fill pool skipped, pool has sufficient level or currently being filled.
2025-10-14T19:28:51.242+05:30 DEBUG 2988 --- [midtier] [l-1:housekeeper] com.zaxxer.hikari.pool.HikariPool        : HikariPool-1 - keepalive: connection org.postgresql.jdbc.PgConnection@4bf17eeb is alive
2025-10-14T19:28:58.634+05:30 DEBUG 2988 --- [midtier] [l-1:housekeeper] com.zaxxer.hikari.pool.HikariPool        : HikariPool-1 - Pool stats (total=10/10, idle=10/10, active=0, waiting=0)
2025-10-14T19:28:58.634+05:30 DEBUG 2988 --- [midtier] [l-1:housekeeper] com.zaxxer.hikari.pool.HikariPool        : HikariPool-1 - Fill pool skipped, pool has sufficient level or currently being filled.
2025-10-14T19:29:17.268+05:30 DEBUG 2988 --- [midtier] [l-1:housekeeper] com.zaxxer.hikari.pool.HikariPool        : HikariPool-1 - keepalive: connection org.postgresql.jdbc.PgConnection@74157c6c is alive
2025-10-14T19:29:26.959+05:30 DEBUG 2988 --- [midtier] [l-1:housekeeper] com.zaxxer.hikari.pool.HikariPool        : HikariPool-1 - keepalive: connection org.postgresql.jdbc.PgConnection@10aff2b3 is alive
2025-10-14T19:29:35.077+05:30 DEBUG 2988 --- [midtier] [l-1:housekeeper] com.zaxxer.hikari.pool.HikariPool        : HikariPool-1 - Pool stats (total=10/10, idle=10/10, active=0, waiting=0)
2025-10-14T19:29:35.078+05:30 DEBUG 2988 --- [midtier] [l-1:housekeeper] com.zaxxer.hikari.pool.HikariPool        : HikariPool-1 - Fill pool skipped, pool has sufficient level or currently being filled.
2025-10-14T19:29:37.029+05:30 DEBUG 2988 --- [midtier] [l-1:housekeeper] com.zaxxer.hikari.pool.HikariPool        : HikariPool-1 - keepalive: connection org.postgresql.jdbc.PgConnection@2d56adb1 is alive
2025-10-14T19:29:37.782+05:30 DEBUG 2988 --- [midtier] [l-1:housekeeper] com.zaxxer.hikari.pool.HikariPool        : HikariPool-1 - keepalive: connection org.postgresql.jdbc.PgConnection@77c8214c is alive
2025-10-14T19:29:47.033+05:30 DEBUG 2988 --- [midtier] [l-1:housekeeper] com.zaxxer.hikari.pool.HikariPool        : HikariPool-1 - keepalive: connection org.postgresql.jdbc.PgConnection@1e680f0e is alive
2025-10-14T19:29:51.652+05:30 DEBUG 2988 --- [midtier] [l-1:housekeeper] com.zaxxer.hikari.pool.HikariPool        : HikariPool-1 - keepalive: connection org.postgresql.jdbc.PgConnection@e7f85d0 is alive
2025-10-14T19:29:58.643+05:30 DEBUG 2988 --- [midtier] [l-1:housekeeper] com.zaxxer.hikari.pool.HikariPool        : HikariPool-1 - keepalive: connection org.postgresql.jdbc.PgConnection@780fa80 is alive
2025-10-14T19:30:11.615+05:30 DEBUG 2988 --- [midtier] [l-1:housekeeper] com.zaxxer.hikari.pool.HikariPool        : HikariPool-1 - Pool stats (total=10/10, idle=10/10, active=0, waiting=0)
2025-10-14T19:30:11.615+05:30 DEBUG 2988 --- [midtier] [l-1:housekeeper] com.zaxxer.hikari.pool.HikariPool        : HikariPool-1 - Fill pool skipped, pool has sufficient level or currently being filled.
2025-10-14T19:30:18.939+05:30 DEBUG 2988 --- [midtier] [l-1:housekeeper] com.zaxxer.hikari.pool.HikariPool        : HikariPool-1 - keepalive: connection org.postgresql.jdbc.PgConnection@2391466b is alive
2025-10-14T19:30:19.941+05:30 DEBUG 2988 --- [midtier] [l-1:housekeeper] com.zaxxer.hikari.pool.HikariPool        : HikariPool-1 - keepalive: connection org.postgresql.jdbc.PgConnection@61b24d94 is alive
2025-10-14T19:30:41.625+05:30 DEBUG 2988 --- [midtier] [l-1:housekeeper] com.zaxxer.hikari.pool.HikariPool        : HikariPool-1 - Pool stats (total=10/10, idle=10/10, active=0, waiting=0)
2025-10-14T19:30:41.627+05:30 DEBUG 2988 --- [midtier] [l-1:housekeeper] com.zaxxer.hikari.pool.HikariPool        : HikariPool-1 - Fill pool skipped, pool has sufficient level or currently being filled.
2025-10-14T19:30:48.220+05:30 DEBUG 2988 --- [midtier] [l-1:housekeeper] com.zaxxer.hikari.pool.HikariPool        : HikariPool-1 - keepalive: connection org.postgresql.jdbc.PgConnection@4bf17eeb is alive
2025-10-14T19:31:17.173+05:30 DEBUG 2988 --- [midtier] [l-1:housekeeper] com.zaxxer.hikari.pool.HikariPool        : HikariPool-1 - keepalive: connection org.postgresql.jdbc.PgConnection@74157c6c is alive
2025-10-14T19:31:17.855+05:30 DEBUG 2988 --- [midtier] [l-1:housekeeper] com.zaxxer.hikari.pool.HikariPool        : HikariPool-1 - Pool stats (total=10/10, idle=10/10, active=0, waiting=0)
2025-10-14T19:31:17.856+05:30 DEBUG 2988 --- [midtier] [l-1:housekeeper] com.zaxxer.hikari.pool.HikariPool        : HikariPool-1 - Fill pool skipped, pool has sufficient level or currently being filled.
2025-10-14T19:31:29.955+05:30 DEBUG 2988 --- [midtier] [l-1:housekeeper] com.zaxxer.hikari.pool.HikariPool        : HikariPool-1 - keepalive: connection org.postgresql.jdbc.PgConnection@10aff2b3 is alive
2025-10-14T19:31:43.481+05:30 DEBUG 2988 --- [midtier] [l-1:housekeeper] com.zaxxer.hikari.pool.HikariPool        : HikariPool-1 - keepalive: connection org.postgresql.jdbc.PgConnection@2d56adb1 is alive
2025-10-14T19:31:46.733+05:30 DEBUG 2988 --- [midtier] [l-1:housekeeper] com.zaxxer.hikari.pool.HikariPool        : HikariPool-1 - keepalive: connection org.postgresql.jdbc.PgConnection@77c8214c is alive
2025-10-14T19:31:47.863+05:30 DEBUG 2988 --- [midtier] [l-1:housekeeper] com.zaxxer.hikari.pool.HikariPool        : HikariPool-1 - Pool stats (total=10/10, idle=10/10, active=0, waiting=0)
2025-10-14T19:31:47.863+05:30 DEBUG 2988 --- [midtier] [l-1:housekeeper] com.zaxxer.hikari.pool.HikariPool        : HikariPool-1 - Fill pool skipped, pool has sufficient level or currently being filled.
2025-10-14T19:31:50.401+05:30 DEBUG 2988 --- [midtier] [l-1:housekeeper] com.zaxxer.hikari.pool.HikariPool        : HikariPool-1 - keepalive: connection org.postgresql.jdbc.PgConnection@780fa80 is alive
2025-10-14T19:31:52.169+05:30 DEBUG 2988 --- [midtier] [l-1:housekeeper] com.zaxxer.hikari.pool.HikariPool        : HikariPool-1 - keepalive: connection org.postgresql.jdbc.PgConnection@e7f85d0 is alive
2025-10-14T19:31:52.273+05:30 DEBUG 2988 --- [midtier] [l-1:housekeeper] com.zaxxer.hikari.pool.HikariPool        : HikariPool-1 - keepalive: connection org.postgresql.jdbc.PgConnection@1e680f0e is alive
2025-10-14T19:32:11.041+05:30 DEBUG 2988 --- [midtier] [l-1:housekeeper] com.zaxxer.hikari.pool.HikariPool        : HikariPool-1 - keepalive: connection org.postgresql.jdbc.PgConnection@61b24d94 is alive
2025-10-14T19:32:24.286+05:30 DEBUG 2988 --- [midtier] [l-1:housekeeper] com.zaxxer.hikari.pool.HikariPool        : HikariPool-1 - Pool stats (total=10/10, idle=10/10, active=0, waiting=0)
2025-10-14T19:32:24.289+05:30 DEBUG 2988 --- [midtier] [l-1:housekeeper] com.zaxxer.hikari.pool.HikariPool        : HikariPool-1 - Fill pool skipped, pool has sufficient level or currently being filled.
2025-10-14T19:32:29.893+05:30 DEBUG 2988 --- [midtier] [l-1:housekeeper] com.zaxxer.hikari.pool.HikariPool        : HikariPool-1 - keepalive: connection org.postgresql.jdbc.PgConnection@2391466b is alive
2025-10-14T19:32:44.929+05:30 DEBUG 2988 --- [midtier] [l-1:housekeeper] com.zaxxer.hikari.pool.HikariPool        : HikariPool-1 - keepalive: connection org.postgresql.jdbc.PgConnection@4bf17eeb is alive
2025-10-14T19:32:54.290+05:30 DEBUG 2988 --- [midtier] [l-1:housekeeper] com.zaxxer.hikari.pool.HikariPool        : HikariPool-1 - Pool stats (total=10/10, idle=10/10, active=0, waiting=0)
2025-10-14T19:32:54.292+05:30 DEBUG 2988 --- [midtier] [l-1:housekeeper] com.zaxxer.hikari.pool.HikariPool        : HikariPool-1 - Fill pool skipped, pool has sufficient level or currently being filled.
2025-10-14T19:33:17.244+05:30 DEBUG 2988 --- [midtier] [l-1:housekeeper] com.zaxxer.hikari.pool.HikariPool        : HikariPool-1 - keepalive: connection org.postgresql.jdbc.PgConnection@74157c6c is alive
2025-10-14T19:33:30.725+05:30 DEBUG 2988 --- [midtier] [l-1:housekeeper] com.zaxxer.hikari.pool.HikariPool        : HikariPool-1 - Pool stats (total=10/10, idle=10/10, active=0, waiting=0)
2025-10-14T19:33:30.726+05:30 DEBUG 2988 --- [midtier] [l-1:housekeeper] com.zaxxer.hikari.pool.HikariPool        : HikariPool-1 - Fill pool skipped, pool has sufficient level or currently being filled.
2025-10-14T19:33:33.123+05:30 DEBUG 2988 --- [midtier] [l-1:housekeeper] com.zaxxer.hikari.pool.HikariPool        : HikariPool-1 - keepalive: connection org.postgresql.jdbc.PgConnection@10aff2b3 is alive
2025-10-14T19:33:40.164+05:30 DEBUG 2988 --- [midtier] [nnection-closer] com.zaxxer.hikari.pool.PoolBase          : HikariPool-1 - Closing connection org.postgresql.jdbc.PgConnection@e7f85d0: (connection has passed maxLifetime)
2025-10-14T19:33:40.179+05:30 DEBUG 2988 --- [midtier] [onnection-adder] com.zaxxer.hikari.pool.PoolBase          : HikariPool-1 - Attempting to create/setup new connection (64dcea2a-3db9-49d9-8f7e-27bf2a4fd14c)
2025-10-14T19:33:40.232+05:30 DEBUG 2988 --- [midtier] [onnection-adder] com.zaxxer.hikari.pool.PoolBase          : HikariPool-1 - Established new connection (64dcea2a-3db9-49d9-8f7e-27bf2a4fd14c)
2025-10-14T19:33:40.233+05:30 DEBUG 2988 --- [midtier] [onnection-adder] com.zaxxer.hikari.pool.HikariPool        : HikariPool-1 - Added connection org.postgresql.jdbc.PgConnection@2b0c1a29
2025-10-14T19:33:42.328+05:30 DEBUG 2988 --- [midtier] [l-1:housekeeper] com.zaxxer.hikari.pool.HikariPool        : HikariPool-1 - keepalive: connection org.postgresql.jdbc.PgConnection@780fa80 is alive
2025-10-14T19:33:50.100+05:30 DEBUG 2988 --- [midtier] [l-1:housekeeper] com.zaxxer.hikari.pool.HikariPool        : HikariPool-1 - keepalive: connection org.postgresql.jdbc.PgConnection@2d56adb1 is alive
2025-10-14T19:34:03.624+05:30 DEBUG 2988 --- [midtier] [l-1:housekeeper] com.zaxxer.hikari.pool.HikariPool        : HikariPool-1 - keepalive: connection org.postgresql.jdbc.PgConnection@77c8214c is alive
2025-10-14T19:34:03.625+05:30 DEBUG 2988 --- [midtier] [l-1:housekeeper] com.zaxxer.hikari.pool.HikariPool        : HikariPool-1 - keepalive: connection org.postgresql.jdbc.PgConnection@61b24d94 is alive
2025-10-14T19:34:04.136+05:30 DEBUG 2988 --- [midtier] [l-1:housekeeper] com.zaxxer.hikari.pool.HikariPool        : HikariPool-1 - keepalive: connection org.postgresql.jdbc.PgConnection@1e680f0e is alive
2025-10-14T19:34:07.190+05:30 DEBUG 2988 --- [midtier] [l-1:housekeeper] com.zaxxer.hikari.pool.HikariPool        : HikariPool-1 - Pool stats (total=10/10, idle=10/10, active=0, waiting=0)
2025-10-14T19:34:07.192+05:30 DEBUG 2988 --- [midtier] [l-1:housekeeper] com.zaxxer.hikari.pool.HikariPool        : HikariPool-1 - Fill pool skipped, pool has sufficient level or currently being filled.
2025-10-14T19:34:37.129+05:30 DEBUG 2988 --- [midtier] [nnection-closer] com.zaxxer.hikari.pool.PoolBase          : HikariPool-1 - Closing connection org.postgresql.jdbc.PgConnection@1e680f0e: (connection has passed maxLifetime)
2025-10-14T19:34:37.131+05:30 DEBUG 2988 --- [midtier] [onnection-adder] com.zaxxer.hikari.pool.PoolBase          : HikariPool-1 - Attempting to create/setup new connection (144ec177-aa95-4601-96e1-ea3c122af244)
2025-10-14T19:34:37.187+05:30 DEBUG 2988 --- [midtier] [onnection-adder] com.zaxxer.hikari.pool.PoolBase          : HikariPool-1 - Established new connection (144ec177-aa95-4601-96e1-ea3c122af244)
2025-10-14T19:34:37.188+05:30 DEBUG 2988 --- [midtier] [onnection-adder] com.zaxxer.hikari.pool.HikariPool        : HikariPool-1 - Added connection org.postgresql.jdbc.PgConnection@41bdb7b3
2025-10-14T19:34:37.195+05:30 DEBUG 2988 --- [midtier] [l-1:housekeeper] com.zaxxer.hikari.pool.HikariPool        : HikariPool-1 - Pool stats (total=10/10, idle=10/10, active=0, waiting=0)
2025-10-14T19:34:37.196+05:30 DEBUG 2988 --- [midtier] [l-1:housekeeper] com.zaxxer.hikari.pool.HikariPool        : HikariPool-1 - Fill pool skipped, pool has sufficient level or currently being filled.
2025-10-14T19:34:41.107+05:30 DEBUG 2988 --- [midtier] [l-1:housekeeper] com.zaxxer.hikari.pool.HikariPool        : HikariPool-1 - keepalive: connection org.postgresql.jdbc.PgConnection@2391466b is alive
2025-10-14T19:34:41.902+05:30 DEBUG 2988 --- [midtier] [l-1:housekeeper] com.zaxxer.hikari.pool.HikariPool        : HikariPool-1 - keepalive: connection org.postgresql.jdbc.PgConnection@4bf17eeb is alive
2025-10-14T19:35:13.567+05:30 DEBUG 2988 --- [midtier] [l-1:housekeeper] com.zaxxer.hikari.pool.HikariPool        : HikariPool-1 - Pool stats (total=10/10, idle=10/10, active=0, waiting=0)
2025-10-14T19:35:13.569+05:30 DEBUG 2988 --- [midtier] [l-1:housekeeper] com.zaxxer.hikari.pool.HikariPool        : HikariPool-1 - Fill pool skipped, pool has sufficient level or currently being filled.
2025-10-14T19:35:17.304+05:30 DEBUG 2988 --- [midtier] [l-1:housekeeper] com.zaxxer.hikari.pool.HikariPool        : HikariPool-1 - keepalive: connection org.postgresql.jdbc.PgConnection@74157c6c is alive
2025-10-14T19:35:31.752+05:30 DEBUG 2988 --- [midtier] [l-1:housekeeper] com.zaxxer.hikari.pool.HikariPool        : HikariPool-1 - keepalive: connection org.postgresql.jdbc.PgConnection@2b0c1a29 is alive
2025-10-14T19:35:34.243+05:30 DEBUG 2988 --- [midtier] [l-1:housekeeper] com.zaxxer.hikari.pool.HikariPool        : HikariPool-1 - keepalive: connection org.postgresql.jdbc.PgConnection@780fa80 is alive
2025-10-14T19:35:36.279+05:30 DEBUG 2988 --- [midtier] [l-1:housekeeper] com.zaxxer.hikari.pool.HikariPool        : HikariPool-1 - keepalive: connection org.postgresql.jdbc.PgConnection@10aff2b3 is alive
2025-10-14T19:35:43.571+05:30 DEBUG 2988 --- [midtier] [l-1:housekeeper] com.zaxxer.hikari.pool.HikariPool        : HikariPool-1 - Pool stats (total=10/10, idle=10/10, active=0, waiting=0)
2025-10-14T19:35:43.571+05:30 DEBUG 2988 --- [midtier] [l-1:housekeeper] com.zaxxer.hikari.pool.HikariPool        : HikariPool-1 - Fill pool skipped, pool has sufficient level or currently being filled.
2025-10-14T19:35:48.461+05:30 DEBUG 2988 --- [midtier] [l-1:housekeeper] com.zaxxer.hikari.pool.HikariPool        : HikariPool-1 - keepalive: connection org.postgresql.jdbc.PgConnection@61b24d94 is alive
2025-10-14T19:36:03.198+05:30 DEBUG 2988 --- [midtier] [l-1:housekeeper] com.zaxxer.hikari.pool.HikariPool        : HikariPool-1 - keepalive: connection org.postgresql.jdbc.PgConnection@2d56adb1 is alive
2025-10-14T19:36:12.683+05:30 DEBUG 2988 --- [midtier] [l-1:housekeeper] com.zaxxer.hikari.pool.HikariPool        : HikariPool-1 - keepalive: connection org.postgresql.jdbc.PgConnection@77c8214c is alive
2025-10-14T19:36:19.990+05:30 DEBUG 2988 --- [midtier] [l-1:housekeeper] com.zaxxer.hikari.pool.HikariPool        : HikariPool-1 - Pool stats (total=10/10, idle=10/10, active=0, waiting=0)
2025-10-14T19:36:19.992+05:30 DEBUG 2988 --- [midtier] [l-1:housekeeper] com.zaxxer.hikari.pool.HikariPool        : HikariPool-1 - Fill pool skipped, pool has sufficient level or currently being filled.
2025-10-14T19:36:31.665+05:30 DEBUG 2988 --- [midtier] [nnection-closer] com.zaxxer.hikari.pool.PoolBase          : HikariPool-1 - Closing connection org.postgresql.jdbc.PgConnection@74157c6c: (connection has passed maxLifetime)
2025-10-14T19:36:31.668+05:30 DEBUG 2988 --- [midtier] [onnection-adder] com.zaxxer.hikari.pool.PoolBase          : HikariPool-1 - Attempting to create/setup new connection (eb684bdf-9846-4842-a651-3348ac0d6129)
2025-10-14T19:36:31.702+05:30 DEBUG 2988 --- [midtier] [onnection-adder] com.zaxxer.hikari.pool.PoolBase          : HikariPool-1 - Established new connection (eb684bdf-9846-4842-a651-3348ac0d6129)
2025-10-14T19:36:31.702+05:30 DEBUG 2988 --- [midtier] [onnection-adder] com.zaxxer.hikari.pool.HikariPool        : HikariPool-1 - Added connection org.postgresql.jdbc.PgConnection@20074153
2025-10-14T19:36:38.764+05:30 DEBUG 2988 --- [midtier] [l-1:housekeeper] com.zaxxer.hikari.pool.HikariPool        : HikariPool-1 - keepalive: connection org.postgresql.jdbc.PgConnection@4bf17eeb is alive
2025-10-14T19:36:40.162+05:30 DEBUG 2988 --- [midtier] [l-1:housekeeper] com.zaxxer.hikari.pool.HikariPool        : HikariPool-1 - keepalive: connection org.postgresql.jdbc.PgConnection@41bdb7b3 is alive
2025-10-14T19:36:57.633+05:30 DEBUG 2988 --- [midtier] [l-1:housekeeper] com.zaxxer.hikari.pool.HikariPool        : HikariPool-1 - Pool stats (total=10/10, idle=10/10, active=0, waiting=0)
2025-10-14T19:36:57.994+05:30 DEBUG 2988 --- [midtier] [l-1:housekeeper] com.zaxxer.hikari.pool.HikariPool        : HikariPool-1 - Fill pool skipped, pool has sufficient level or currently being filled.
2025-10-14T19:36:58.633+05:30 DEBUG 2988 --- [midtier] [l-1:housekeeper] com.zaxxer.hikari.pool.HikariPool        : HikariPool-1 - keepalive: connection org.postgresql.jdbc.PgConnection@2391466b is alive
2025-10-14T19:37:14.851+05:30 DEBUG 2988 --- [midtier] [nnection-closer] com.zaxxer.hikari.pool.PoolBase          : HikariPool-1 - Closing connection org.postgresql.jdbc.PgConnection@77c8214c: (connection has passed maxLifetime)
2025-10-14T19:37:14.856+05:30 DEBUG 2988 --- [midtier] [onnection-adder] com.zaxxer.hikari.pool.PoolBase          : HikariPool-1 - Attempting to create/setup new connection (22dab9f8-c1e3-482a-9497-64305e464f20)
2025-10-14T19:37:14.875+05:30 DEBUG 2988 --- [midtier] [onnection-adder] com.zaxxer.hikari.pool.PoolBase          : HikariPool-1 - Established new connection (22dab9f8-c1e3-482a-9497-64305e464f20)
2025-10-14T19:37:14.875+05:30 DEBUG 2988 --- [midtier] [onnection-adder] com.zaxxer.hikari.pool.HikariPool        : HikariPool-1 - Added connection org.postgresql.jdbc.PgConnection@6819b9c6
2025-10-14T19:37:23.274+05:30 DEBUG 2988 --- [midtier] [l-1:housekeeper] com.zaxxer.hikari.pool.HikariPool        : HikariPool-1 - keepalive: connection org.postgresql.jdbc.PgConnection@2b0c1a29 is alive
2025-10-14T19:37:26.163+05:30 DEBUG 2988 --- [midtier] [l-1:housekeeper] com.zaxxer.hikari.pool.HikariPool        : HikariPool-1 - keepalive: connection org.postgresql.jdbc.PgConnection@780fa80 is alive
2025-10-14T19:37:27.996+05:30 DEBUG 2988 --- [midtier] [l-1:housekeeper] com.zaxxer.hikari.pool.HikariPool        : HikariPool-1 - Pool stats (total=10/10, idle=10/10, active=0, waiting=0)
2025-10-14T19:37:27.996+05:30 DEBUG 2988 --- [midtier] [l-1:housekeeper] com.zaxxer.hikari.pool.HikariPool        : HikariPool-1 - Fill pool skipped, pool has sufficient level or currently being filled.
2025-10-14T19:37:32.774+05:30 DEBUG 2988 --- [midtier] [nnection-closer] com.zaxxer.hikari.pool.PoolBase          : HikariPool-1 - Closing connection org.postgresql.jdbc.PgConnection@10aff2b3: (connection has passed maxLifetime)
2025-10-14T19:37:32.776+05:30 DEBUG 2988 --- [midtier] [onnection-adder] com.zaxxer.hikari.pool.PoolBase          : HikariPool-1 - Attempting to create/setup new connection (792baab3-37ec-4acb-aec6-82373eef68d4)
2025-10-14T19:37:32.791+05:30 DEBUG 2988 --- [midtier] [onnection-adder] com.zaxxer.hikari.pool.PoolBase          : HikariPool-1 - Established new connection (792baab3-37ec-4acb-aec6-82373eef68d4)
2025-10-14T19:37:32.792+05:30 DEBUG 2988 --- [midtier] [onnection-adder] com.zaxxer.hikari.pool.HikariPool        : HikariPool-1 - Added connection org.postgresql.jdbc.PgConnection@27bcf8c2
2025-10-14T19:37:39.761+05:30 DEBUG 2988 --- [midtier] [l-1:housekeeper] com.zaxxer.hikari.pool.HikariPool        : HikariPool-1 - keepalive: connection org.postgresql.jdbc.PgConnection@61b24d94 is alive
2025-10-14T19:38:04.404+05:30 DEBUG 2988 --- [midtier] [l-1:housekeeper] com.zaxxer.hikari.pool.HikariPool        : HikariPool-1 - Pool stats (total=10/10, idle=10/10, active=0, waiting=0)
2025-10-14T19:38:04.405+05:30 DEBUG 2988 --- [midtier] [l-1:housekeeper] com.zaxxer.hikari.pool.HikariPool        : HikariPool-1 - Fill pool skipped, pool has sufficient level or currently being filled.
2025-10-14T19:38:09.804+05:30 DEBUG 2988 --- [midtier] [l-1:housekeeper] com.zaxxer.hikari.pool.HikariPool        : HikariPool-1 - keepalive: connection org.postgresql.jdbc.PgConnection@2d56adb1 is alive
2025-10-14T19:38:34.410+05:30 DEBUG 2988 --- [midtier] [l-1:housekeeper] com.zaxxer.hikari.pool.HikariPool        : HikariPool-1 - Pool stats (total=10/10, idle=10/10, active=0, waiting=0)
2025-10-14T19:38:34.412+05:30 DEBUG 2988 --- [midtier] [l-1:housekeeper] com.zaxxer.hikari.pool.HikariPool        : HikariPool-1 - Fill pool skipped, pool has sufficient level or currently being filled.
2025-10-14T19:38:35.690+05:30 DEBUG 2988 --- [midtier] [l-1:housekeeper] com.zaxxer.hikari.pool.HikariPool        : HikariPool-1 - keepalive: connection org.postgresql.jdbc.PgConnection@4bf17eeb is alive
2025-10-14T19:38:43.185+05:30 DEBUG 2988 --- [midtier] [l-1:housekeeper] com.zaxxer.hikari.pool.HikariPool        : HikariPool-1 - keepalive: connection org.postgresql.jdbc.PgConnection@41bdb7b3 is alive
2025-10-14T19:38:44.081+05:30 DEBUG 2988 --- [midtier] [l-1:housekeeper] com.zaxxer.hikari.pool.HikariPool        : HikariPool-1 - keepalive: connection org.postgresql.jdbc.PgConnection@20074153 is alive
2025-10-14T19:39:08.018+05:30 DEBUG 2988 --- [midtier] [l-1:housekeeper] com.zaxxer.hikari.pool.HikariPool        : HikariPool-1 - keepalive: connection org.postgresql.jdbc.PgConnection@6819b9c6 is alive
2025-10-14T19:39:09.802+05:30 DEBUG 2988 --- [midtier] [l-1:housekeeper] com.zaxxer.hikari.pool.HikariPool        : HikariPool-1 - keepalive: connection org.postgresql.jdbc.PgConnection@2391466b is alive
2025-10-14T19:39:10.860+05:30 DEBUG 2988 --- [midtier] [l-1:housekeeper] com.zaxxer.hikari.pool.HikariPool        : HikariPool-1 - Pool stats (total=10/10, idle=10/10, active=0, waiting=0)
2025-10-14T19:39:10.862+05:30 DEBUG 2988 --- [midtier] [l-1:housekeeper] com.zaxxer.hikari.pool.HikariPool        : HikariPool-1 - Fill pool skipped, pool has sufficient level or currently being filled.
2025-10-14T19:39:14.804+05:30 DEBUG 2988 --- [midtier] [l-1:housekeeper] com.zaxxer.hikari.pool.HikariPool        : HikariPool-1 - keepalive: connection org.postgresql.jdbc.PgConnection@2b0c1a29 is alive
2025-10-14T19:39:18.093+05:30 DEBUG 2988 --- [midtier] [l-1:housekeeper] com.zaxxer.hikari.pool.HikariPool        : HikariPool-1 - keepalive: connection org.postgresql.jdbc.PgConnection@780fa80 is alive
2025-10-14T19:39:23.211+05:30 DEBUG 2988 --- [midtier] [l-1:housekeeper] com.zaxxer.hikari.pool.HikariPool        : HikariPool-1 - keepalive: connection org.postgresql.jdbc.PgConnection@27bcf8c2 is alive
2025-10-14T19:39:31.074+05:30 DEBUG 2988 --- [midtier] [l-1:housekeeper] com.zaxxer.hikari.pool.HikariPool        : HikariPool-1 - keepalive: connection org.postgresql.jdbc.PgConnection@61b24d94 is alive
2025-10-14T19:39:40.866+05:30 DEBUG 2988 --- [midtier] [l-1:housekeeper] com.zaxxer.hikari.pool.HikariPool        : HikariPool-1 - Pool stats (total=10/10, idle=10/10, active=0, waiting=0)
2025-10-14T19:39:40.866+05:30 DEBUG 2988 --- [midtier] [l-1:housekeeper] com.zaxxer.hikari.pool.HikariPool        : HikariPool-1 - Fill pool skipped, pool has sufficient level or currently being filled.
2025-10-14T19:40:16.463+05:30 DEBUG 2988 --- [midtier] [l-1:housekeeper] com.zaxxer.hikari.pool.HikariPool        : HikariPool-1 - keepalive: connection org.postgresql.jdbc.PgConnection@2d56adb1 is alive
2025-10-14T19:40:17.308+05:30 DEBUG 2988 --- [midtier] [l-1:housekeeper] com.zaxxer.hikari.pool.HikariPool        : HikariPool-1 - Pool stats (total=10/10, idle=10/10, active=0, waiting=0)
2025-10-14T19:40:17.308+05:30 DEBUG 2988 --- [midtier] [l-1:housekeeper] com.zaxxer.hikari.pool.HikariPool        : HikariPool-1 - Fill pool skipped, pool has sufficient level or currently being filled.
2025-10-14T19:40:32.647+05:30 DEBUG 2988 --- [midtier] [l-1:housekeeper] com.zaxxer.hikari.pool.HikariPool        : HikariPool-1 - keepalive: connection org.postgresql.jdbc.PgConnection@4bf17eeb is alive
2025-10-14T19:40:49.993+05:30 DEBUG 2988 --- [midtier] [nnection-closer] com.zaxxer.hikari.pool.PoolBase          : HikariPool-1 - Closing connection org.postgresql.jdbc.PgConnection@2d56adb1: (connection has passed maxLifetime)
2025-10-14T19:40:50.014+05:30 DEBUG 2988 --- [midtier] [onnection-adder] com.zaxxer.hikari.pool.PoolBase          : HikariPool-1 - Attempting to create/setup new connection (b188a3d4-d6d0-4bfa-9b11-15f579925856)
2025-10-14T19:40:50.065+05:30 DEBUG 2988 --- [midtier] [onnection-adder] com.zaxxer.hikari.pool.PoolBase          : HikariPool-1 - Established new connection (b188a3d4-d6d0-4bfa-9b11-15f579925856)
2025-10-14T19:40:50.066+05:30 DEBUG 2988 --- [midtier] [onnection-adder] com.zaxxer.hikari.pool.HikariPool        : HikariPool-1 - Added connection org.postgresql.jdbc.PgConnection@505bd6c6
2025-10-14T19:40:52.669+05:30 DEBUG 2988 --- [midtier] [l-1:housekeeper] com.zaxxer.hikari.pool.HikariPool        : HikariPool-1 - keepalive: connection org.postgresql.jdbc.PgConnection@41bdb7b3 is alive
2025-10-14T19:40:53.724+05:30 DEBUG 2988 --- [midtier] [l-1:housekeeper] com.zaxxer.hikari.pool.HikariPool        : HikariPool-1 - Pool stats (total=10/10, idle=10/10, active=0, waiting=0)
2025-10-14T19:40:53.725+05:30 DEBUG 2988 --- [midtier] [l-1:housekeeper] com.zaxxer.hikari.pool.HikariPool        : HikariPool-1 - Fill pool skipped, pool has sufficient level or currently being filled.
2025-10-14T19:41:01.159+05:30 DEBUG 2988 --- [midtier] [l-1:housekeeper] com.zaxxer.hikari.pool.HikariPool        : HikariPool-1 - keepalive: connection org.postgresql.jdbc.PgConnection@6819b9c6 is alive
2025-10-14T19:41:02.927+05:30 DEBUG 2988 --- [midtier] [l-1:housekeeper] com.zaxxer.hikari.pool.HikariPool        : HikariPool-1 - keepalive: connection org.postgresql.jdbc.PgConnection@20074153 is alive
2025-10-14T19:41:06.339+05:30 DEBUG 2988 --- [midtier] [l-1:housekeeper] com.zaxxer.hikari.pool.HikariPool        : HikariPool-1 - keepalive: connection org.postgresql.jdbc.PgConnection@2b0c1a29 is alive
2025-10-14T19:41:10.031+05:30 DEBUG 2988 --- [midtier] [l-1:housekeeper] com.zaxxer.hikari.pool.HikariPool        : HikariPool-1 - keepalive: connection org.postgresql.jdbc.PgConnection@780fa80 is alive
2025-10-14T19:41:13.633+05:30 DEBUG 2988 --- [midtier] [l-1:housekeeper] com.zaxxer.hikari.pool.HikariPool        : HikariPool-1 - keepalive: connection org.postgresql.jdbc.PgConnection@27bcf8c2 is alive
2025-10-14T19:41:20.972+05:30 DEBUG 2988 --- [midtier] [l-1:housekeeper] com.zaxxer.hikari.pool.HikariPool        : HikariPool-1 - keepalive: connection org.postgresql.jdbc.PgConnection@2391466b is alive
2025-10-14T19:41:21.186+05:30 DEBUG 2988 --- [midtier] [nnection-closer] com.zaxxer.hikari.pool.PoolBase          : HikariPool-1 - Closing connection org.postgresql.jdbc.PgConnection@2391466b: (connection has passed maxLifetime)
2025-10-14T19:41:21.189+05:30 DEBUG 2988 --- [midtier] [onnection-adder] com.zaxxer.hikari.pool.PoolBase          : HikariPool-1 - Attempting to create/setup new connection (75898e36-588c-4dd4-9e67-706e0c315926)
2025-10-14T19:41:21.218+05:30 DEBUG 2988 --- [midtier] [onnection-adder] com.zaxxer.hikari.pool.PoolBase          : HikariPool-1 - Established new connection (75898e36-588c-4dd4-9e67-706e0c315926)
2025-10-14T19:41:21.218+05:30 DEBUG 2988 --- [midtier] [onnection-adder] com.zaxxer.hikari.pool.HikariPool        : HikariPool-1 - Added connection org.postgresql.jdbc.PgConnection@3c2fe17
2025-10-14T19:41:22.382+05:30 DEBUG 2988 --- [midtier] [l-1:housekeeper] com.zaxxer.hikari.pool.HikariPool        : HikariPool-1 - keepalive: connection org.postgresql.jdbc.PgConnection@61b24d94 is alive
2025-10-14T19:41:23.726+05:30 DEBUG 2988 --- [midtier] [l-1:housekeeper] com.zaxxer.hikari.pool.HikariPool        : HikariPool-1 - Pool stats (total=10/10, idle=10/10, active=0, waiting=0)
2025-10-14T19:41:23.726+05:30 DEBUG 2988 --- [midtier] [l-1:housekeeper] com.zaxxer.hikari.pool.HikariPool        : HikariPool-1 - Fill pool skipped, pool has sufficient level or currently being filled.
2025-10-14T19:41:59.975+05:30 DEBUG 2988 --- [midtier] [l-1:housekeeper] com.zaxxer.hikari.pool.HikariPool        : HikariPool-1 - Pool stats (total=10/10, idle=10/10, active=0, waiting=0)
2025-10-14T19:41:59.976+05:30 DEBUG 2988 --- [midtier] [l-1:housekeeper] com.zaxxer.hikari.pool.HikariPool        : HikariPool-1 - Fill pool skipped, pool has sufficient level or currently being filled.
2025-10-14T19:42:29.386+05:30 DEBUG 2988 --- [midtier] [l-1:housekeeper] com.zaxxer.hikari.pool.HikariPool        : HikariPool-1 - keepalive: connection org.postgresql.jdbc.PgConnection@4bf17eeb is alive
2025-10-14T19:42:29.977+05:30 DEBUG 2988 --- [midtier] [l-1:housekeeper] com.zaxxer.hikari.pool.HikariPool        : HikariPool-1 - Pool stats (total=10/10, idle=10/10, active=0, waiting=0)
2025-10-14T19:42:29.978+05:30 DEBUG 2988 --- [midtier] [l-1:housekeeper] com.zaxxer.hikari.pool.HikariPool        : HikariPool-1 - Fill pool skipped, pool has sufficient level or currently being filled.
2025-10-14T19:42:51.635+05:30 DEBUG 2988 --- [midtier] [l-1:housekeeper] com.zaxxer.hikari.pool.HikariPool        : HikariPool-1 - keepalive: connection org.postgresql.jdbc.PgConnection@505bd6c6 is alive
2025-10-14T19:42:54.171+05:30 DEBUG 2988 --- [midtier] [l-1:housekeeper] com.zaxxer.hikari.pool.HikariPool        : HikariPool-1 - keepalive: connection org.postgresql.jdbc.PgConnection@6819b9c6 is alive
2025-10-14T19:42:55.581+05:30 DEBUG 2988 --- [midtier] [l-1:housekeeper] com.zaxxer.hikari.pool.HikariPool        : HikariPool-1 - keepalive: connection org.postgresql.jdbc.PgConnection@41bdb7b3 is alive
2025-10-14T19:42:57.747+05:30 DEBUG 2988 --- [midtier] [l-1:housekeeper] com.zaxxer.hikari.pool.HikariPool        : HikariPool-1 - keepalive: connection org.postgresql.jdbc.PgConnection@2b0c1a29 is alive
2025-10-14T19:43:01.833+05:30 DEBUG 2988 --- [midtier] [l-1:housekeeper] com.zaxxer.hikari.pool.HikariPool        : HikariPool-1 - keepalive: connection org.postgresql.jdbc.PgConnection@780fa80 is alive
2025-10-14T19:43:03.915+05:30 DEBUG 2988 --- [midtier] [l-1:housekeeper] com.zaxxer.hikari.pool.HikariPool        : HikariPool-1 - keepalive: connection org.postgresql.jdbc.PgConnection@27bcf8c2 is alive
2025-10-14T19:43:06.454+05:30 DEBUG 2988 --- [midtier] [l-1:housekeeper] com.zaxxer.hikari.pool.HikariPool        : HikariPool-1 - Pool stats (total=10/10, idle=10/10, active=0, waiting=0)
2025-10-14T19:43:06.454+05:30 DEBUG 2988 --- [midtier] [l-1:housekeeper] com.zaxxer.hikari.pool.HikariPool        : HikariPool-1 - Fill pool skipped, pool has sufficient level or currently being filled.
2025-10-14T19:43:12.813+05:30 DEBUG 2988 --- [midtier] [l-1:housekeeper] com.zaxxer.hikari.pool.HikariPool        : HikariPool-1 - keepalive: connection org.postgresql.jdbc.PgConnection@3c2fe17 is alive
2025-10-14T19:43:13.564+05:30 DEBUG 2988 --- [midtier] [l-1:housekeeper] com.zaxxer.hikari.pool.HikariPool        : HikariPool-1 - keepalive: connection org.postgresql.jdbc.PgConnection@61b24d94 is alive
2025-10-14T19:43:15.198+05:30 DEBUG 2988 --- [midtier] [l-1:housekeeper] com.zaxxer.hikari.pool.HikariPool        : HikariPool-1 - keepalive: connection org.postgresql.jdbc.PgConnection@20074153 is alive
2025-10-14T19:43:43.633+05:30 DEBUG 2988 --- [midtier] [l-1:housekeeper] com.zaxxer.hikari.pool.HikariPool        : HikariPool-1 - Pool stats (total=10/10, idle=10/10, active=0, waiting=0)
2025-10-14T19:43:43.634+05:30 DEBUG 2988 --- [midtier] [l-1:housekeeper] com.zaxxer.hikari.pool.HikariPool        : HikariPool-1 - Fill pool skipped, pool has sufficient level or currently being filled.
2025-10-14T19:44:13.643+05:30 DEBUG 2988 --- [midtier] [l-1:housekeeper] com.zaxxer.hikari.pool.HikariPool        : HikariPool-1 - Pool stats (total=10/10, idle=10/10, active=0, waiting=0)
2025-10-14T19:44:13.643+05:30 DEBUG 2988 --- [midtier] [l-1:housekeeper] com.zaxxer.hikari.pool.HikariPool        : HikariPool-1 - Fill pool skipped, pool has sufficient level or currently being filled.
2025-10-14T19:44:26.374+05:30 DEBUG 2988 --- [midtier] [l-1:housekeeper] com.zaxxer.hikari.pool.HikariPool        : HikariPool-1 - keepalive: connection org.postgresql.jdbc.PgConnection@4bf17eeb is alive
2025-10-14T19:44:47.355+05:30 DEBUG 2988 --- [midtier] [l-1:housekeeper] com.zaxxer.hikari.pool.HikariPool        : HikariPool-1 - keepalive: connection org.postgresql.jdbc.PgConnection@6819b9c6 is alive
2025-10-14T19:44:49.329+05:30 DEBUG 2988 --- [midtier] [l-1:housekeeper] com.zaxxer.hikari.pool.HikariPool        : HikariPool-1 - keepalive: connection org.postgresql.jdbc.PgConnection@2b0c1a29 is alive
2025-10-14T19:44:50.113+05:30 DEBUG 2988 --- [midtier] [l-1:housekeeper] com.zaxxer.hikari.pool.HikariPool        : HikariPool-1 - Pool stats (total=10/10, idle=10/10, active=0, waiting=0)
2025-10-14T19:44:50.113+05:30 DEBUG 2988 --- [midtier] [l-1:housekeeper] com.zaxxer.hikari.pool.HikariPool        : HikariPool-1 - Fill pool skipped, pool has sufficient level or currently being filled.
2025-10-14T19:44:53.353+05:30 DEBUG 2988 --- [midtier] [l-1:housekeeper] com.zaxxer.hikari.pool.HikariPool        : HikariPool-1 - keepalive: connection org.postgresql.jdbc.PgConnection@505bd6c6 is alive
2025-10-14T19:44:53.816+05:30 DEBUG 2988 --- [midtier] [l-1:housekeeper] com.zaxxer.hikari.pool.HikariPool        : HikariPool-1 - keepalive: connection org.postgresql.jdbc.PgConnection@780fa80 is alive
2025-10-14T19:44:54.382+05:30 DEBUG 2988 --- [midtier] [l-1:housekeeper] com.zaxxer.hikari.pool.HikariPool        : HikariPool-1 - keepalive: connection org.postgresql.jdbc.PgConnection@27bcf8c2 is alive
2025-10-14T19:44:55.904+05:30 DEBUG 2988 --- [midtier] [nnection-closer] com.zaxxer.hikari.pool.PoolBase          : HikariPool-1 - Closing connection org.postgresql.jdbc.PgConnection@4bf17eeb: (connection has passed maxLifetime)
2025-10-14T19:44:55.908+05:30 DEBUG 2988 --- [midtier] [onnection-adder] com.zaxxer.hikari.pool.PoolBase          : HikariPool-1 - Attempting to create/setup new connection (afde3def-a208-410f-98af-e9576dc17203)
2025-10-14T19:44:55.937+05:30 DEBUG 2988 --- [midtier] [onnection-adder] com.zaxxer.hikari.pool.PoolBase          : HikariPool-1 - Established new connection (afde3def-a208-410f-98af-e9576dc17203)
2025-10-14T19:44:55.937+05:30 DEBUG 2988 --- [midtier] [onnection-adder] com.zaxxer.hikari.pool.HikariPool        : HikariPool-1 - Added connection org.postgresql.jdbc.PgConnection@5deae49f
2025-10-14T19:44:58.675+05:30 DEBUG 2988 --- [midtier] [l-1:housekeeper] com.zaxxer.hikari.pool.HikariPool        : HikariPool-1 - keepalive: connection org.postgresql.jdbc.PgConnection@41bdb7b3 is alive
2025-10-14T19:45:04.588+05:30 DEBUG 2988 --- [midtier] [l-1:housekeeper] com.zaxxer.hikari.pool.HikariPool        : HikariPool-1 - keepalive: connection org.postgresql.jdbc.PgConnection@3c2fe17 is alive
2025-10-14T19:45:04.917+05:30 DEBUG 2988 --- [midtier] [l-1:housekeeper] com.zaxxer.hikari.pool.HikariPool        : HikariPool-1 - keepalive: connection org.postgresql.jdbc.PgConnection@61b24d94 is alive
2025-10-14T19:45:20.124+05:30 DEBUG 2988 --- [midtier] [l-1:housekeeper] com.zaxxer.hikari.pool.HikariPool        : HikariPool-1 - Pool stats (total=10/10, idle=10/10, active=0, waiting=0)
2025-10-14T19:45:20.124+05:30 DEBUG 2988 --- [midtier] [l-1:housekeeper] com.zaxxer.hikari.pool.HikariPool        : HikariPool-1 - Fill pool skipped, pool has sufficient level or currently being filled.
2025-10-14T19:45:27.643+05:30 DEBUG 2988 --- [midtier] [l-1:housekeeper] com.zaxxer.hikari.pool.HikariPool        : HikariPool-1 - keepalive: connection org.postgresql.jdbc.PgConnection@20074153 is alive
2025-10-14T19:45:56.599+05:30 DEBUG 2988 --- [midtier] [l-1:housekeeper] com.zaxxer.hikari.pool.HikariPool        : HikariPool-1 - Pool stats (total=10/10, idle=10/10, active=0, waiting=0)
2025-10-14T19:45:56.599+05:30 DEBUG 2988 --- [midtier] [l-1:housekeeper] com.zaxxer.hikari.pool.HikariPool        : HikariPool-1 - Fill pool skipped, pool has sufficient level or currently being filled.
2025-10-14T19:46:09.923+05:30 DEBUG 2988 --- [midtier] [nnection-closer] com.zaxxer.hikari.pool.PoolBase          : HikariPool-1 - Closing connection org.postgresql.jdbc.PgConnection@780fa80: (connection has passed maxLifetime)
2025-10-14T19:46:09.925+05:30 DEBUG 2988 --- [midtier] [onnection-adder] com.zaxxer.hikari.pool.PoolBase          : HikariPool-1 - Attempting to create/setup new connection (8721766c-706c-42e1-8329-2a6afd2cc170)
2025-10-14T19:46:10.126+05:30 DEBUG 2988 --- [midtier] [onnection-adder] com.zaxxer.hikari.pool.PoolBase          : HikariPool-1 - Established new connection (8721766c-706c-42e1-8329-2a6afd2cc170)
2025-10-14T19:46:10.126+05:30 DEBUG 2988 --- [midtier] [onnection-adder] com.zaxxer.hikari.pool.HikariPool        : HikariPool-1 - Added connection org.postgresql.jdbc.PgConnection@7b9fa0ea
2025-10-14T19:46:26.604+05:30 DEBUG 2988 --- [midtier] [l-1:housekeeper] com.zaxxer.hikari.pool.HikariPool        : HikariPool-1 - Pool stats (total=10/10, idle=10/10, active=0, waiting=0)
2025-10-14T19:46:26.604+05:30 DEBUG 2988 --- [midtier] [l-1:housekeeper] com.zaxxer.hikari.pool.HikariPool        : HikariPool-1 - Fill pool skipped, pool has sufficient level or currently being filled.
2025-10-14T19:46:39.693+05:30 DEBUG 2988 --- [midtier] [l-1:housekeeper] com.zaxxer.hikari.pool.HikariPool        : HikariPool-1 - keepalive: connection org.postgresql.jdbc.PgConnection@6819b9c6 is alive
2025-10-14T19:46:40.049+05:30 DEBUG 2988 --- [midtier] [l-1:housekeeper] com.zaxxer.hikari.pool.HikariPool        : HikariPool-1 - keepalive: connection org.postgresql.jdbc.PgConnection@2b0c1a29 is alive
2025-10-14T19:46:43.989+05:30 DEBUG 2988 --- [midtier] [l-1:housekeeper] com.zaxxer.hikari.pool.HikariPool        : HikariPool-1 - keepalive: connection org.postgresql.jdbc.PgConnection@27bcf8c2 is alive
2025-10-14T19:46:54.216+05:30 DEBUG 2988 --- [midtier] [l-1:housekeeper] com.zaxxer.hikari.pool.HikariPool        : HikariPool-1 - keepalive: connection org.postgresql.jdbc.PgConnection@505bd6c6 is alive
2025-10-14T19:46:55.411+05:30 DEBUG 2988 --- [midtier] [l-1:housekeeper] com.zaxxer.hikari.pool.HikariPool        : HikariPool-1 - keepalive: connection org.postgresql.jdbc.PgConnection@61b24d94 is alive
2025-10-14T19:46:55.504+05:30 DEBUG 2988 --- [midtier] [l-1:housekeeper] com.zaxxer.hikari.pool.HikariPool        : HikariPool-1 - keepalive: connection org.postgresql.jdbc.PgConnection@3c2fe17 is alive
2025-10-14T19:47:00.903+05:30 DEBUG 2988 --- [midtier] [l-1:housekeeper] com.zaxxer.hikari.pool.HikariPool        : HikariPool-1 - keepalive: connection org.postgresql.jdbc.PgConnection@41bdb7b3 is alive
2025-10-14T19:47:02.181+05:30 DEBUG 2988 --- [midtier] [l-1:housekeeper] com.zaxxer.hikari.pool.HikariPool        : HikariPool-1 - Pool stats (total=10/10, idle=10/10, active=0, waiting=0)
2025-10-14T19:47:02.182+05:30 DEBUG 2988 --- [midtier] [l-1:housekeeper] com.zaxxer.hikari.pool.HikariPool        : HikariPool-1 - Fill pool skipped, pool has sufficient level or currently being filled.
2025-10-14T19:47:07.524+05:30 DEBUG 2988 --- [midtier] [l-1:housekeeper] com.zaxxer.hikari.pool.HikariPool        : HikariPool-1 - keepalive: connection org.postgresql.jdbc.PgConnection@5deae49f is alive
2025-10-14T19:47:38.667+05:30 DEBUG 2988 --- [midtier] [l-1:housekeeper] com.zaxxer.hikari.pool.HikariPool        : HikariPool-1 - Pool stats (total=10/10, idle=10/10, active=0, waiting=0)
2025-10-14T19:47:38.668+05:30 DEBUG 2988 --- [midtier] [l-1:housekeeper] com.zaxxer.hikari.pool.HikariPool        : HikariPool-1 - Fill pool skipped, pool has sufficient level or currently being filled.
2025-10-14T19:47:45.705+05:30 DEBUG 2988 --- [midtier] [l-1:housekeeper] com.zaxxer.hikari.pool.HikariPool        : HikariPool-1 - keepalive: connection org.postgresql.jdbc.PgConnection@20074153 is alive
2025-10-14T19:48:08.678+05:30 DEBUG 2988 --- [midtier] [l-1:housekeeper] com.zaxxer.hikari.pool.HikariPool        : HikariPool-1 - Pool stats (total=10/10, idle=10/10, active=0, waiting=0)
2025-10-14T19:48:08.678+05:30 DEBUG 2988 --- [midtier] [l-1:housekeeper] com.zaxxer.hikari.pool.HikariPool        : HikariPool-1 - Fill pool skipped, pool has sufficient level or currently being filled.
2025-10-14T19:48:10.015+05:30 DEBUG 2988 --- [midtier] [l-1:housekeeper] com.zaxxer.hikari.pool.HikariPool        : HikariPool-1 - keepalive: connection org.postgresql.jdbc.PgConnection@7b9fa0ea is alive
2025-10-14T19:48:33.661+05:30 DEBUG 2988 --- [midtier] [l-1:housekeeper] com.zaxxer.hikari.pool.HikariPool        : HikariPool-1 - keepalive: connection org.postgresql.jdbc.PgConnection@2b0c1a29 is alive
2025-10-14T19:48:34.007+05:30 DEBUG 2988 --- [midtier] [l-1:housekeeper] com.zaxxer.hikari.pool.HikariPool        : HikariPool-1 - keepalive: connection org.postgresql.jdbc.PgConnection@6819b9c6 is alive
2025-10-14T19:48:34.480+05:30 DEBUG 2988 --- [midtier] [l-1:housekeeper] com.zaxxer.hikari.pool.HikariPool        : HikariPool-1 - keepalive: connection org.postgresql.jdbc.PgConnection@27bcf8c2 is alive
2025-10-14T19:48:45.135+05:30 DEBUG 2988 --- [midtier] [l-1:housekeeper] com.zaxxer.hikari.pool.HikariPool        : HikariPool-1 - Pool stats (total=10/10, idle=10/10, active=0, waiting=0)
2025-10-14T19:48:45.136+05:30 DEBUG 2988 --- [midtier] [l-1:housekeeper] com.zaxxer.hikari.pool.HikariPool        : HikariPool-1 - Fill pool skipped, pool has sufficient level or currently being filled.
2025-10-14T19:48:46.803+05:30 DEBUG 2988 --- [midtier] [l-1:housekeeper] com.zaxxer.hikari.pool.HikariPool        : HikariPool-1 - keepalive: connection org.postgresql.jdbc.PgConnection@61b24d94 is alive
2025-10-14T19:48:47.307+05:30 DEBUG 2988 --- [midtier] [l-1:housekeeper] com.zaxxer.hikari.pool.HikariPool        : HikariPool-1 - keepalive: connection org.postgresql.jdbc.PgConnection@3c2fe17 is alive
2025-10-14T19:48:55.959+05:30 DEBUG 2988 --- [midtier] [l-1:housekeeper] com.zaxxer.hikari.pool.HikariPool        : HikariPool-1 - keepalive: connection org.postgresql.jdbc.PgConnection@505bd6c6 is alive
2025-10-14T19:49:04.022+05:30 DEBUG 2988 --- [midtier] [l-1:housekeeper] com.zaxxer.hikari.pool.HikariPool        : HikariPool-1 - keepalive: connection org.postgresql.jdbc.PgConnection@41bdb7b3 is alive
2025-10-14T19:49:15.138+05:30 DEBUG 2988 --- [midtier] [l-1:housekeeper] com.zaxxer.hikari.pool.HikariPool        : HikariPool-1 - Pool stats (total=10/10, idle=10/10, active=0, waiting=0)
2025-10-14T19:49:15.138+05:30 DEBUG 2988 --- [midtier] [l-1:housekeeper] com.zaxxer.hikari.pool.HikariPool        : HikariPool-1 - Fill pool skipped, pool has sufficient level or currently being filled.
2025-10-14T19:49:20.003+05:30 DEBUG 2988 --- [midtier] [l-1:housekeeper] com.zaxxer.hikari.pool.HikariPool        : HikariPool-1 - keepalive: connection org.postgresql.jdbc.PgConnection@5deae49f is alive
2025-10-14T19:49:51.583+05:30 DEBUG 2988 --- [midtier] [l-1:housekeeper] com.zaxxer.hikari.pool.HikariPool        : HikariPool-1 - Pool stats (total=10/10, idle=10/10, active=0, waiting=0)
2025-10-14T19:49:51.588+05:30 DEBUG 2988 --- [midtier] [l-1:housekeeper] com.zaxxer.hikari.pool.HikariPool        : HikariPool-1 - Fill pool skipped, pool has sufficient level or currently being filled.
2025-10-14T19:49:58.146+05:30 DEBUG 2988 --- [midtier] [l-1:housekeeper] com.zaxxer.hikari.pool.HikariPool        : HikariPool-1 - keepalive: connection org.postgresql.jdbc.PgConnection@20074153 is alive
2025-10-14T19:50:10.734+05:30 DEBUG 2988 --- [midtier] [l-1:housekeeper] com.zaxxer.hikari.pool.HikariPool        : HikariPool-1 - keepalive: connection org.postgresql.jdbc.PgConnection@7b9fa0ea is alive
2025-10-14T19:50:14.972+05:30 DEBUG 2988 --- [midtier] [nnection-closer] com.zaxxer.hikari.pool.PoolBase          : HikariPool-1 - Closing connection org.postgresql.jdbc.PgConnection@61b24d94: (connection has passed maxLifetime)
2025-10-14T19:50:14.975+05:30 DEBUG 2988 --- [midtier] [onnection-adder] com.zaxxer.hikari.pool.PoolBase          : HikariPool-1 - Attempting to create/setup new connection (18be4ef2-d10a-4a2e-8965-a174aea68179)
2025-10-14T19:50:14.997+05:30 DEBUG 2988 --- [midtier] [onnection-adder] com.zaxxer.hikari.pool.PoolBase          : HikariPool-1 - Established new connection (18be4ef2-d10a-4a2e-8965-a174aea68179)
2025-10-14T19:50:14.997+05:30 DEBUG 2988 --- [midtier] [onnection-adder] com.zaxxer.hikari.pool.HikariPool        : HikariPool-1 - Added connection org.postgresql.jdbc.PgConnection@1e750667
2025-10-14T19:50:18.491+05:30 DEBUG 2988 --- [midtier] [l-1:housekeeper] com.zaxxer.hikari.pool.HikariPool        : HikariPool-1 - keepalive: connection org.postgresql.jdbc.PgConnection@27bcf8c2 is alive
2025-10-14T19:50:19.130+05:30 DEBUG 2988 --- [midtier] [l-1:housekeeper] com.zaxxer.hikari.pool.HikariPool        : HikariPool-1 - keepalive: connection org.postgresql.jdbc.PgConnection@2b0c1a29 is alive
2025-10-14T19:50:20.736+05:30 DEBUG 2988 --- [midtier] [l-1:housekeeper] com.zaxxer.hikari.pool.HikariPool        : HikariPool-1 - keepalive: connection org.postgresql.jdbc.PgConnection@6819b9c6 is alive
2025-10-14T19:50:29.651+05:30 DEBUG 2988 --- [midtier] [l-1:housekeeper] com.zaxxer.hikari.pool.HikariPool        : HikariPool-1 - Pool stats (total=10/10, idle=10/10, active=0, waiting=0)
2025-10-14T19:50:29.651+05:30 DEBUG 2988 --- [midtier] [l-1:housekeeper] com.zaxxer.hikari.pool.HikariPool        : HikariPool-1 - Fill pool skipped, pool has sufficient level or currently being filled.
2025-10-14T19:50:38.848+05:30 DEBUG 2988 --- [midtier] [l-1:housekeeper] com.zaxxer.hikari.pool.HikariPool        : HikariPool-1 - keepalive: connection org.postgresql.jdbc.PgConnection@3c2fe17 is alive
2025-10-14T19:50:57.448+05:30 DEBUG 2988 --- [midtier] [l-1:housekeeper] com.zaxxer.hikari.pool.HikariPool        : HikariPool-1 - keepalive: connection org.postgresql.jdbc.PgConnection@505bd6c6 is alive
2025-10-14T19:50:59.662+05:30 DEBUG 2988 --- [midtier] [l-1:housekeeper] com.zaxxer.hikari.pool.HikariPool        : HikariPool-1 - Pool stats (total=10/10, idle=10/10, active=0, waiting=0)
2025-10-14T19:50:59.662+05:30 DEBUG 2988 --- [midtier] [l-1:housekeeper] com.zaxxer.hikari.pool.HikariPool        : HikariPool-1 - Fill pool skipped, pool has sufficient level or currently being filled.
2025-10-14T19:51:06.884+05:30 DEBUG 2988 --- [midtier] [l-1:housekeeper] com.zaxxer.hikari.pool.HikariPool        : HikariPool-1 - keepalive: connection org.postgresql.jdbc.PgConnection@41bdb7b3 is alive
2025-10-14T19:51:36.105+05:30 DEBUG 2988 --- [midtier] [l-1:housekeeper] com.zaxxer.hikari.pool.HikariPool        : HikariPool-1 - Pool stats (total=10/10, idle=10/10, active=0, waiting=0)
2025-10-14T19:51:36.106+05:30 DEBUG 2988 --- [midtier] [l-1:housekeeper] com.zaxxer.hikari.pool.HikariPool        : HikariPool-1 - Fill pool skipped, pool has sufficient level or currently being filled.
2025-10-14T19:51:38.666+05:30 DEBUG 2988 --- [midtier] [l-1:housekeeper] com.zaxxer.hikari.pool.HikariPool        : HikariPool-1 - keepalive: connection org.postgresql.jdbc.PgConnection@5deae49f is alive
2025-10-14T19:52:06.116+05:30 DEBUG 2988 --- [midtier] [l-1:housekeeper] com.zaxxer.hikari.pool.HikariPool        : HikariPool-1 - Pool stats (total=10/10, idle=10/10, active=0, waiting=0)
2025-10-14T19:52:06.118+05:30 DEBUG 2988 --- [midtier] [l-1:housekeeper] com.zaxxer.hikari.pool.HikariPool        : HikariPool-1 - Fill pool skipped, pool has sufficient level or currently being filled.
2025-10-14T19:52:08.728+05:30 DEBUG 2988 --- [midtier] [l-1:housekeeper] com.zaxxer.hikari.pool.HikariPool        : HikariPool-1 - keepalive: connection org.postgresql.jdbc.PgConnection@27bcf8c2 is alive
2025-10-14T19:52:10.372+05:30 DEBUG 2988 --- [midtier] [l-1:housekeeper] com.zaxxer.hikari.pool.HikariPool        : HikariPool-1 - keepalive: connection org.postgresql.jdbc.PgConnection@20074153 is alive
2025-10-14T19:52:10.490+05:30 DEBUG 2988 --- [midtier] [l-1:housekeeper] com.zaxxer.hikari.pool.HikariPool        : HikariPool-1 - keepalive: connection org.postgresql.jdbc.PgConnection@2b0c1a29 is alive
2025-10-14T19:52:11.241+05:30 DEBUG 2988 --- [midtier] [l-1:housekeeper] com.zaxxer.hikari.pool.HikariPool        : HikariPool-1 - keepalive: connection org.postgresql.jdbc.PgConnection@7b9fa0ea is alive
2025-10-14T19:52:13.702+05:30 DEBUG 2988 --- [midtier] [l-1:housekeeper] com.zaxxer.hikari.pool.HikariPool        : HikariPool-1 - keepalive: connection org.postgresql.jdbc.PgConnection@6819b9c6 is alive
2025-10-14T19:52:25.652+05:30 DEBUG 2988 --- [midtier] [l-1:housekeeper] com.zaxxer.hikari.pool.HikariPool        : HikariPool-1 - keepalive: connection org.postgresql.jdbc.PgConnection@1e750667 is alive
2025-10-14T19:52:30.579+05:30 DEBUG 2988 --- [midtier] [l-1:housekeeper] com.zaxxer.hikari.pool.HikariPool        : HikariPool-1 - keepalive: connection org.postgresql.jdbc.PgConnection@3c2fe17 is alive
2025-10-14T19:52:42.538+05:30 DEBUG 2988 --- [midtier] [l-1:housekeeper] com.zaxxer.hikari.pool.HikariPool        : HikariPool-1 - Pool stats (total=10/10, idle=10/10, active=0, waiting=0)
2025-10-14T19:52:42.538+05:30 DEBUG 2988 --- [midtier] [l-1:housekeeper] com.zaxxer.hikari.pool.HikariPool        : HikariPool-1 - Fill pool skipped, pool has sufficient level or currently being filled.
2025-10-14T19:52:59.116+05:30 DEBUG 2988 --- [midtier] [l-1:housekeeper] com.zaxxer.hikari.pool.HikariPool        : HikariPool-1 - keepalive: connection org.postgresql.jdbc.PgConnection@505bd6c6 is alive
2025-10-14T19:53:09.928+05:30 DEBUG 2988 --- [midtier] [l-1:housekeeper] com.zaxxer.hikari.pool.HikariPool        : HikariPool-1 - keepalive: connection org.postgresql.jdbc.PgConnection@41bdb7b3 is alive
2025-10-14T19:53:12.543+05:30 DEBUG 2988 --- [midtier] [l-1:housekeeper] com.zaxxer.hikari.pool.HikariPool        : HikariPool-1 - Pool stats (total=10/10, idle=10/10, active=0, waiting=0)
2025-10-14T19:53:12.543+05:30 DEBUG 2988 --- [midtier] [l-1:housekeeper] com.zaxxer.hikari.pool.HikariPool        : HikariPool-1 - Fill pool skipped, pool has sufficient level or currently being filled.
2025-10-14T19:53:48.056+05:30 DEBUG 2988 --- [midtier] [l-1:housekeeper] com.zaxxer.hikari.pool.HikariPool        : HikariPool-1 - Pool stats (total=10/10, idle=10/10, active=0, waiting=0)
2025-10-14T19:53:48.057+05:30 DEBUG 2988 --- [midtier] [l-1:housekeeper] com.zaxxer.hikari.pool.HikariPool        : HikariPool-1 - Fill pool skipped, pool has sufficient level or currently being filled.
2025-10-14T19:53:50.136+05:30 DEBUG 2988 --- [midtier] [l-1:housekeeper] com.zaxxer.hikari.pool.HikariPool        : HikariPool-1 - keepalive: connection org.postgresql.jdbc.PgConnection@5deae49f is alive
2025-10-14T19:53:58.211+05:30 DEBUG 2988 --- [midtier] [l-1:housekeeper] com.zaxxer.hikari.pool.HikariPool        : HikariPool-1 - keepalive: connection org.postgresql.jdbc.PgConnection@27bcf8c2 is alive
2025-10-14T19:54:01.090+05:30 DEBUG 2988 --- [midtier] [l-1:housekeeper] com.zaxxer.hikari.pool.HikariPool        : HikariPool-1 - keepalive: connection org.postgresql.jdbc.PgConnection@2b0c1a29 is alive
2025-10-14T19:54:05.917+05:30 DEBUG 2988 --- [midtier] [l-1:housekeeper] com.zaxxer.hikari.pool.HikariPool        : HikariPool-1 - keepalive: connection org.postgresql.jdbc.PgConnection@6819b9c6 is alive
2025-10-14T19:54:10.999+05:30 DEBUG 2988 --- [midtier] [l-1:housekeeper] com.zaxxer.hikari.pool.HikariPool        : HikariPool-1 - keepalive: connection org.postgresql.jdbc.PgConnection@7b9fa0ea is alive
2025-10-14T19:54:21.377+05:30 DEBUG 2988 --- [midtier] [l-1:housekeeper] com.zaxxer.hikari.pool.HikariPool        : HikariPool-1 - keepalive: connection org.postgresql.jdbc.PgConnection@3c2fe17 is alive
2025-10-14T19:54:24.483+05:30 DEBUG 2988 --- [midtier] [l-1:housekeeper] com.zaxxer.hikari.pool.HikariPool        : HikariPool-1 - Pool stats (total=10/10, idle=10/10, active=0, waiting=0)
2025-10-14T19:54:24.485+05:30 DEBUG 2988 --- [midtier] [l-1:housekeeper] com.zaxxer.hikari.pool.HikariPool        : HikariPool-1 - Fill pool skipped, pool has sufficient level or currently being filled.
2025-10-14T19:54:27.248+05:30 DEBUG 2988 --- [midtier] [l-1:housekeeper] com.zaxxer.hikari.pool.HikariPool        : HikariPool-1 - keepalive: connection org.postgresql.jdbc.PgConnection@1e750667 is alive
2025-10-14T19:54:28.258+05:30 DEBUG 2988 --- [midtier] [l-1:housekeeper] com.zaxxer.hikari.pool.HikariPool        : HikariPool-1 - keepalive: connection org.postgresql.jdbc.PgConnection@20074153 is alive
2025-10-14T19:54:54.494+05:30 DEBUG 2988 --- [midtier] [l-1:housekeeper] com.zaxxer.hikari.pool.HikariPool        : HikariPool-1 - Pool stats (total=10/10, idle=10/10, active=0, waiting=0)
2025-10-14T19:54:54.494+05:30 DEBUG 2988 --- [midtier] [l-1:housekeeper] com.zaxxer.hikari.pool.HikariPool        : HikariPool-1 - Fill pool skipped, pool has sufficient level or currently being filled.
2025-10-14T19:54:59.863+05:30 DEBUG 2988 --- [midtier] [l-1:housekeeper] com.zaxxer.hikari.pool.HikariPool        : HikariPool-1 - keepalive: connection org.postgresql.jdbc.PgConnection@505bd6c6 is alive
2025-10-14T19:55:18.656+05:30 DEBUG 2988 --- [midtier] [l-1:housekeeper] com.zaxxer.hikari.pool.HikariPool        : HikariPool-1 - keepalive: connection org.postgresql.jdbc.PgConnection@41bdb7b3 is alive
2025-10-14T19:55:30.859+05:30 DEBUG 2988 --- [midtier] [l-1:housekeeper] com.zaxxer.hikari.pool.HikariPool        : HikariPool-1 - Pool stats (total=10/10, idle=10/10, active=0, waiting=0)
2025-10-14T19:55:30.861+05:30 DEBUG 2988 --- [midtier] [l-1:housekeeper] com.zaxxer.hikari.pool.HikariPool        : HikariPool-1 - Fill pool skipped, pool has sufficient level or currently being filled.
2025-10-14T19:55:48.566+05:30 DEBUG 2988 --- [midtier] [l-1:housekeeper] com.zaxxer.hikari.pool.HikariPool        : HikariPool-1 - keepalive: connection org.postgresql.jdbc.PgConnection@27bcf8c2 is alive
2025-10-14T19:55:52.561+05:30 DEBUG 2988 --- [midtier] [l-1:housekeeper] com.zaxxer.hikari.pool.HikariPool        : HikariPool-1 - keepalive: connection org.postgresql.jdbc.PgConnection@2b0c1a29 is alive
2025-10-14T19:55:58.988+05:30 DEBUG 2988 --- [midtier] [l-1:housekeeper] com.zaxxer.hikari.pool.HikariPool        : HikariPool-1 - keepalive: connection org.postgresql.jdbc.PgConnection@6819b9c6 is alive
2025-10-14T19:56:00.863+05:30 DEBUG 2988 --- [midtier] [l-1:housekeeper] com.zaxxer.hikari.pool.HikariPool        : HikariPool-1 - Pool stats (total=10/10, idle=10/10, active=0, waiting=0)
2025-10-14T19:56:00.864+05:30 DEBUG 2988 --- [midtier] [l-1:housekeeper] com.zaxxer.hikari.pool.HikariPool        : HikariPool-1 - Fill pool skipped, pool has sufficient level or currently being filled.
2025-10-14T19:56:02.468+05:30 DEBUG 2988 --- [midtier] [l-1:housekeeper] com.zaxxer.hikari.pool.HikariPool        : HikariPool-1 - keepalive: connection org.postgresql.jdbc.PgConnection@5deae49f is alive
2025-10-14T19:56:06.615+05:30 DEBUG 2988 --- [midtier] [l-1:housekeeper] com.zaxxer.hikari.pool.HikariPool        : HikariPool-1 - keepalive: connection org.postgresql.jdbc.PgConnection@3c2fe17 is alive
2025-10-14T19:56:18.020+05:30 DEBUG 2988 --- [midtier] [l-1:housekeeper] com.zaxxer.hikari.pool.HikariPool        : HikariPool-1 - keepalive: connection org.postgresql.jdbc.PgConnection@7b9fa0ea is alive
2025-10-14T19:56:29.671+05:30 DEBUG 2988 --- [midtier] [l-1:housekeeper] com.zaxxer.hikari.pool.HikariPool        : HikariPool-1 - keepalive: connection org.postgresql.jdbc.PgConnection@1e750667 is alive
2025-10-14T19:56:37.267+05:30 DEBUG 2988 --- [midtier] [l-1:housekeeper] com.zaxxer.hikari.pool.HikariPool        : HikariPool-1 - Pool stats (total=10/10, idle=10/10, active=0, waiting=0)
2025-10-14T19:56:37.268+05:30 DEBUG 2988 --- [midtier] [l-1:housekeeper] com.zaxxer.hikari.pool.HikariPool        : HikariPool-1 - Fill pool skipped, pool has sufficient level or currently being filled.
2025-10-14T19:56:40.570+05:30 DEBUG 2988 --- [midtier] [l-1:housekeeper] com.zaxxer.hikari.pool.HikariPool        : HikariPool-1 - keepalive: connection org.postgresql.jdbc.PgConnection@20074153 is alive
2025-10-14T19:57:01.440+05:30 DEBUG 2988 --- [midtier] [l-1:housekeeper] com.zaxxer.hikari.pool.HikariPool        : HikariPool-1 - keepalive: connection org.postgresql.jdbc.PgConnection@505bd6c6 is alive
2025-10-14T19:57:14.658+05:30 DEBUG 2988 --- [midtier] [l-1:housekeeper] com.zaxxer.hikari.pool.HikariPool        : HikariPool-1 - Pool stats (total=10/10, idle=10/10, active=0, waiting=0)
2025-10-14T19:57:14.658+05:30 DEBUG 2988 --- [midtier] [l-1:housekeeper] com.zaxxer.hikari.pool.HikariPool        : HikariPool-1 - Fill pool skipped, pool has sufficient level or currently being filled.
2025-10-14T19:57:22.094+05:30 DEBUG 2988 --- [midtier] [l-1:housekeeper] com.zaxxer.hikari.pool.HikariPool        : HikariPool-1 - keepalive: connection org.postgresql.jdbc.PgConnection@41bdb7b3 is alive
2025-10-14T19:57:39.017+05:30 DEBUG 2988 --- [midtier] [l-1:housekeeper] com.zaxxer.hikari.pool.HikariPool        : HikariPool-1 - keepalive: connection org.postgresql.jdbc.PgConnection@27bcf8c2 is alive
2025-10-14T19:57:44.128+05:30 DEBUG 2988 --- [midtier] [l-1:housekeeper] com.zaxxer.hikari.pool.HikariPool        : HikariPool-1 - keepalive: connection org.postgresql.jdbc.PgConnection@2b0c1a29 is alive
2025-10-14T19:57:44.669+05:30 DEBUG 2988 --- [midtier] [l-1:housekeeper] com.zaxxer.hikari.pool.HikariPool        : HikariPool-1 - Pool stats (total=10/10, idle=10/10, active=0, waiting=0)
2025-10-14T19:57:44.669+05:30 DEBUG 2988 --- [midtier] [l-1:housekeeper] com.zaxxer.hikari.pool.HikariPool        : HikariPool-1 - Fill pool skipped, pool has sufficient level or currently being filled.
2025-10-14T19:57:52.165+05:30 DEBUG 2988 --- [midtier] [l-1:housekeeper] com.zaxxer.hikari.pool.HikariPool        : HikariPool-1 - keepalive: connection org.postgresql.jdbc.PgConnection@6819b9c6 is alive
2025-10-14T19:57:58.377+05:30 DEBUG 2988 --- [midtier] [l-1:housekeeper] com.zaxxer.hikari.pool.HikariPool        : HikariPool-1 - keepalive: connection org.postgresql.jdbc.PgConnection@3c2fe17 is alive
2025-10-14T19:58:18.788+05:30 DEBUG 2988 --- [midtier] [l-1:housekeeper] com.zaxxer.hikari.pool.HikariPool        : HikariPool-1 - keepalive: connection org.postgresql.jdbc.PgConnection@7b9fa0ea is alive
2025-10-14T19:58:21.117+05:30 DEBUG 2988 --- [midtier] [l-1:housekeeper] com.zaxxer.hikari.pool.HikariPool        : HikariPool-1 - Pool stats (total=10/10, idle=10/10, active=0, waiting=0)
2025-10-14T19:58:21.117+05:30 DEBUG 2988 --- [midtier] [l-1:housekeeper] com.zaxxer.hikari.pool.HikariPool        : HikariPool-1 - Fill pool skipped, pool has sufficient level or currently being filled.
2025-10-14T19:58:21.340+05:30 DEBUG 2988 --- [midtier] [l-1:housekeeper] com.zaxxer.hikari.pool.HikariPool        : HikariPool-1 - keepalive: connection org.postgresql.jdbc.PgConnection@5deae49f is alive
2025-10-14T19:58:32.269+05:30 DEBUG 2988 --- [midtier] [l-1:housekeeper] com.zaxxer.hikari.pool.HikariPool        : HikariPool-1 - keepalive: connection org.postgresql.jdbc.PgConnection@1e750667 is alive
2025-10-14T19:58:51.123+05:30 DEBUG 2988 --- [midtier] [l-1:housekeeper] com.zaxxer.hikari.pool.HikariPool        : HikariPool-1 - Pool stats (total=10/10, idle=10/10, active=0, waiting=0)
2025-10-14T19:58:51.124+05:30 DEBUG 2988 --- [midtier] [l-1:housekeeper] com.zaxxer.hikari.pool.HikariPool        : HikariPool-1 - Fill pool skipped, pool has sufficient level or currently being filled.
2025-10-14T19:58:53.048+05:30 DEBUG 2988 --- [midtier] [l-1:housekeeper] com.zaxxer.hikari.pool.HikariPool        : HikariPool-1 - keepalive: connection org.postgresql.jdbc.PgConnection@20074153 is alive
2025-10-14T19:59:10.664+05:30 DEBUG 2988 --- [midtier] [l-1:housekeeper] com.zaxxer.hikari.pool.HikariPool        : HikariPool-1 - keepalive: connection org.postgresql.jdbc.PgConnection@505bd6c6 is alive
2025-10-14T19:59:25.156+05:30 DEBUG 2988 --- [midtier] [l-1:housekeeper] com.zaxxer.hikari.pool.HikariPool        : HikariPool-1 - keepalive: connection org.postgresql.jdbc.PgConnection@41bdb7b3 is alive
2025-10-14T19:59:27.558+05:30 DEBUG 2988 --- [midtier] [l-1:housekeeper] com.zaxxer.hikari.pool.HikariPool        : HikariPool-1 - Pool stats (total=10/10, idle=10/10, active=0, waiting=0)
2025-10-14T19:59:27.558+05:30 DEBUG 2988 --- [midtier] [l-1:housekeeper] com.zaxxer.hikari.pool.HikariPool        : HikariPool-1 - Fill pool skipped, pool has sufficient level or currently being filled.
2025-10-14T19:59:29.455+05:30 DEBUG 2988 --- [midtier] [l-1:housekeeper] com.zaxxer.hikari.pool.HikariPool        : HikariPool-1 - keepalive: connection org.postgresql.jdbc.PgConnection@27bcf8c2 is alive
2025-10-14T19:59:35.688+05:30 DEBUG 2988 --- [midtier] [l-1:housekeeper] com.zaxxer.hikari.pool.HikariPool        : HikariPool-1 - keepalive: connection org.postgresql.jdbc.PgConnection@2b0c1a29 is alive
2025-10-14T19:59:45.324+05:30 DEBUG 2988 --- [midtier] [l-1:housekeeper] com.zaxxer.hikari.pool.HikariPool        : HikariPool-1 - keepalive: connection org.postgresql.jdbc.PgConnection@6819b9c6 is alive
2025-10-14T19:59:50.123+05:30 DEBUG 2988 --- [midtier] [l-1:housekeeper] com.zaxxer.hikari.pool.HikariPool        : HikariPool-1 - keepalive: connection org.postgresql.jdbc.PgConnection@3c2fe17 is alive
2025-10-14T19:59:57.567+05:30 DEBUG 2988 --- [midtier] [l-1:housekeeper] com.zaxxer.hikari.pool.HikariPool        : HikariPool-1 - Pool stats (total=10/10, idle=10/10, active=0, waiting=0)
2025-10-14T19:59:57.567+05:30 DEBUG 2988 --- [midtier] [l-1:housekeeper] com.zaxxer.hikari.pool.HikariPool        : HikariPool-1 - Fill pool skipped, pool has sufficient level or currently being filled.
2025-10-14T20:00:19.497+05:30 DEBUG 2988 --- [midtier] [l-1:housekeeper] com.zaxxer.hikari.pool.HikariPool        : HikariPool-1 - keepalive: connection org.postgresql.jdbc.PgConnection@7b9fa0ea is alive
2025-10-14T20:00:33.766+05:30 DEBUG 2988 --- [midtier] [l-1:housekeeper] com.zaxxer.hikari.pool.HikariPool        : HikariPool-1 - keepalive: connection org.postgresql.jdbc.PgConnection@5deae49f is alive
2025-10-14T20:00:34.011+05:30 DEBUG 2988 --- [midtier] [l-1:housekeeper] com.zaxxer.hikari.pool.HikariPool        : HikariPool-1 - Pool stats (total=10/10, idle=10/10, active=0, waiting=0)
2025-10-14T20:00:34.011+05:30 DEBUG 2988 --- [midtier] [l-1:housekeeper] com.zaxxer.hikari.pool.HikariPool        : HikariPool-1 - Fill pool skipped, pool has sufficient level or currently being filled.
2025-10-14T20:00:34.807+05:30 DEBUG 2988 --- [midtier] [l-1:housekeeper] com.zaxxer.hikari.pool.HikariPool        : HikariPool-1 - keepalive: connection org.postgresql.jdbc.PgConnection@1e750667 is alive
2025-10-14T20:01:10.434+05:30 DEBUG 2988 --- [midtier] [l-1:housekeeper] com.zaxxer.hikari.pool.HikariPool        : HikariPool-1 - Pool stats (total=10/10, idle=10/10, active=0, waiting=0)
2025-10-14T20:01:10.434+05:30 DEBUG 2988 --- [midtier] [l-1:housekeeper] com.zaxxer.hikari.pool.HikariPool        : HikariPool-1 - Fill pool skipped, pool has sufficient level or currently being filled.
2025-10-14T20:01:11.878+05:30 DEBUG 2988 --- [midtier] [l-1:housekeeper] com.zaxxer.hikari.pool.HikariPool        : HikariPool-1 - keepalive: connection org.postgresql.jdbc.PgConnection@20074153 is alive
2025-10-14T20:01:12.697+05:30 DEBUG 2988 --- [midtier] [l-1:housekeeper] com.zaxxer.hikari.pool.HikariPool        : HikariPool-1 - keepalive: connection org.postgresql.jdbc.PgConnection@505bd6c6 is alive
2025-10-14T20:01:19.872+05:30 DEBUG 2988 --- [midtier] [l-1:housekeeper] com.zaxxer.hikari.pool.HikariPool        : HikariPool-1 - keepalive: connection org.postgresql.jdbc.PgConnection@27bcf8c2 is alive
2025-10-14T20:01:27.231+05:30 DEBUG 2988 --- [midtier] [l-1:housekeeper] com.zaxxer.hikari.pool.HikariPool        : HikariPool-1 - keepalive: connection org.postgresql.jdbc.PgConnection@2b0c1a29 is alive
2025-10-14T20:01:28.203+05:30 DEBUG 2988 --- [midtier] [l-1:housekeeper] com.zaxxer.hikari.pool.HikariPool        : HikariPool-1 - keepalive: connection org.postgresql.jdbc.PgConnection@41bdb7b3 is alive
2025-10-14T20:01:38.474+05:30 DEBUG 2988 --- [midtier] [l-1:housekeeper] com.zaxxer.hikari.pool.HikariPool        : HikariPool-1 - keepalive: connection org.postgresql.jdbc.PgConnection@6819b9c6 is alive
2025-10-14T20:01:40.441+05:30 DEBUG 2988 --- [midtier] [l-1:housekeeper] com.zaxxer.hikari.pool.HikariPool        : HikariPool-1 - Pool stats (total=10/10, idle=10/10, active=0, waiting=0)
2025-10-14T20:01:40.441+05:30 DEBUG 2988 --- [midtier] [l-1:housekeeper] com.zaxxer.hikari.pool.HikariPool        : HikariPool-1 - Fill pool skipped, pool has sufficient level or currently being filled.
2025-10-14T20:01:41.854+05:30 DEBUG 2988 --- [midtier] [l-1:housekeeper] com.zaxxer.hikari.pool.HikariPool        : HikariPool-1 - keepalive: connection org.postgresql.jdbc.PgConnection@3c2fe17 is alive
2025-10-14T20:02:16.923+05:30 DEBUG 2988 --- [midtier] [l-1:housekeeper] com.zaxxer.hikari.pool.HikariPool        : HikariPool-1 - Pool stats (total=10/10, idle=10/10, active=0, waiting=0)
2025-10-14T20:02:16.925+05:30 DEBUG 2988 --- [midtier] [l-1:housekeeper] com.zaxxer.hikari.pool.HikariPool        : HikariPool-1 - Fill pool skipped, pool has sufficient level or currently being filled.
2025-10-14T20:02:20.233+05:30 DEBUG 2988 --- [midtier] [l-1:housekeeper] com.zaxxer.hikari.pool.HikariPool        : HikariPool-1 - keepalive: connection org.postgresql.jdbc.PgConnection@7b9fa0ea is alive
2025-10-14T20:02:37.365+05:30 DEBUG 2988 --- [midtier] [l-1:housekeeper] com.zaxxer.hikari.pool.HikariPool        : HikariPool-1 - keepalive: connection org.postgresql.jdbc.PgConnection@1e750667 is alive
2025-10-14T20:02:46.216+05:30 DEBUG 2988 --- [midtier] [l-1:housekeeper] com.zaxxer.hikari.pool.HikariPool        : HikariPool-1 - keepalive: connection org.postgresql.jdbc.PgConnection@5deae49f is alive
2025-10-14T20:02:46.929+05:30 DEBUG 2988 --- [midtier] [l-1:housekeeper] com.zaxxer.hikari.pool.HikariPool        : HikariPool-1 - Pool stats (total=10/10, idle=10/10, active=0, waiting=0)
2025-10-14T20:02:46.931+05:30 DEBUG 2988 --- [midtier] [l-1:housekeeper] com.zaxxer.hikari.pool.HikariPool        : HikariPool-1 - Fill pool skipped, pool has sufficient level or currently being filled.
2025-10-14T20:03:10.369+05:30 DEBUG 2988 --- [midtier] [l-1:housekeeper] com.zaxxer.hikari.pool.HikariPool        : HikariPool-1 - keepalive: connection org.postgresql.jdbc.PgConnection@27bcf8c2 is alive
2025-10-14T20:03:14.439+05:30 DEBUG 2988 --- [midtier] [l-1:housekeeper] com.zaxxer.hikari.pool.HikariPool        : HikariPool-1 - keepalive: connection org.postgresql.jdbc.PgConnection@505bd6c6 is alive
2025-10-14T20:03:18.842+05:30 DEBUG 2988 --- [midtier] [l-1:housekeeper] com.zaxxer.hikari.pool.HikariPool        : HikariPool-1 - keepalive: connection org.postgresql.jdbc.PgConnection@2b0c1a29 is alive
2025-10-14T20:03:23.386+05:30 DEBUG 2988 --- [midtier] [l-1:housekeeper] com.zaxxer.hikari.pool.HikariPool        : HikariPool-1 - Pool stats (total=10/10, idle=10/10, active=0, waiting=0)
2025-10-14T20:03:23.387+05:30 DEBUG 2988 --- [midtier] [l-1:housekeeper] com.zaxxer.hikari.pool.HikariPool        : HikariPool-1 - Fill pool skipped, pool has sufficient level or currently being filled.
2025-10-14T20:03:24.354+05:30 DEBUG 2988 --- [midtier] [l-1:housekeeper] com.zaxxer.hikari.pool.HikariPool        : HikariPool-1 - keepalive: connection org.postgresql.jdbc.PgConnection@20074153 is alive
2025-10-14T20:03:31.325+05:30 DEBUG 2988 --- [midtier] [l-1:housekeeper] com.zaxxer.hikari.pool.HikariPool        : HikariPool-1 - keepalive: connection org.postgresql.jdbc.PgConnection@41bdb7b3 is alive
2025-10-14T20:03:31.692+05:30 DEBUG 2988 --- [midtier] [l-1:housekeeper] com.zaxxer.hikari.pool.HikariPool        : HikariPool-1 - keepalive: connection org.postgresql.jdbc.PgConnection@6819b9c6 is alive
2025-10-14T20:03:33.653+05:30 DEBUG 2988 --- [midtier] [l-1:housekeeper] com.zaxxer.hikari.pool.HikariPool        : HikariPool-1 - keepalive: connection org.postgresql.jdbc.PgConnection@3c2fe17 is alive
2025-10-14T20:04:00.664+05:30 DEBUG 2988 --- [midtier] [l-1:housekeeper] com.zaxxer.hikari.pool.HikariPool        : HikariPool-1 - Pool stats (total=10/10, idle=10/10, active=0, waiting=0)
2025-10-14T20:04:01.025+05:30 DEBUG 2988 --- [midtier] [l-1:housekeeper] com.zaxxer.hikari.pool.HikariPool        : HikariPool-1 - Fill pool skipped, pool has sufficient level or currently being filled.
2025-10-14T20:04:20.952+05:30 DEBUG 2988 --- [midtier] [l-1:housekeeper] com.zaxxer.hikari.pool.HikariPool        : HikariPool-1 - keepalive: connection org.postgresql.jdbc.PgConnection@7b9fa0ea is alive
2025-10-14T20:04:31.034+05:30 DEBUG 2988 --- [midtier] [l-1:housekeeper] com.zaxxer.hikari.pool.HikariPool        : HikariPool-1 - Pool stats (total=10/10, idle=10/10, active=0, waiting=0)
2025-10-14T20:04:31.036+05:30 DEBUG 2988 --- [midtier] [l-1:housekeeper] com.zaxxer.hikari.pool.HikariPool        : HikariPool-1 - Fill pool skipped, pool has sufficient level or currently being filled.
2025-10-14T20:04:39.910+05:30 DEBUG 2988 --- [midtier] [l-1:housekeeper] com.zaxxer.hikari.pool.HikariPool        : HikariPool-1 - keepalive: connection org.postgresql.jdbc.PgConnection@1e750667 is alive
2025-10-14T20:04:59.037+05:30 DEBUG 2988 --- [midtier] [nnection-closer] com.zaxxer.hikari.pool.PoolBase          : HikariPool-1 - Closing connection org.postgresql.jdbc.PgConnection@41bdb7b3: (connection has passed maxLifetime)
2025-10-14T20:04:59.042+05:30 DEBUG 2988 --- [midtier] [onnection-adder] com.zaxxer.hikari.pool.PoolBase          : HikariPool-1 - Attempting to create/setup new connection (218e7bb6-54ec-438c-a418-b4a5456e5b9c)
2025-10-14T20:04:59.070+05:30 DEBUG 2988 --- [midtier] [onnection-adder] com.zaxxer.hikari.pool.PoolBase          : HikariPool-1 - Established new connection (218e7bb6-54ec-438c-a418-b4a5456e5b9c)
2025-10-14T20:04:59.070+05:30 DEBUG 2988 --- [midtier] [onnection-adder] com.zaxxer.hikari.pool.HikariPool        : HikariPool-1 - Added connection org.postgresql.jdbc.PgConnection@588c7b59
2025-10-14T20:05:00.834+05:30 DEBUG 2988 --- [midtier] [l-1:housekeeper] com.zaxxer.hikari.pool.HikariPool        : HikariPool-1 - keepalive: connection org.postgresql.jdbc.PgConnection@27bcf8c2 is alive
2025-10-14T20:05:05.108+05:30 DEBUG 2988 --- [midtier] [l-1:housekeeper] com.zaxxer.hikari.pool.HikariPool        : HikariPool-1 - keepalive: connection org.postgresql.jdbc.PgConnection@5deae49f is alive
2025-10-14T20:05:07.426+05:30 DEBUG 2988 --- [midtier] [nnection-closer] com.zaxxer.hikari.pool.PoolBase          : HikariPool-1 - Closing connection org.postgresql.jdbc.PgConnection@2b0c1a29: (connection has passed maxLifetime)
2025-10-14T20:05:07.428+05:30 DEBUG 2988 --- [midtier] [onnection-adder] com.zaxxer.hikari.pool.PoolBase          : HikariPool-1 - Attempting to create/setup new connection (1d47953c-fbac-45db-ab00-6a31fed97d0b)
2025-10-14T20:05:07.446+05:30 DEBUG 2988 --- [midtier] [onnection-adder] com.zaxxer.hikari.pool.PoolBase          : HikariPool-1 - Established new connection (1d47953c-fbac-45db-ab00-6a31fed97d0b)
2025-10-14T20:05:07.449+05:30 DEBUG 2988 --- [midtier] [onnection-adder] com.zaxxer.hikari.pool.HikariPool        : HikariPool-1 - Added connection org.postgresql.jdbc.PgConnection@52318919
2025-10-14T20:05:07.508+05:30 DEBUG 2988 --- [midtier] [l-1:housekeeper] com.zaxxer.hikari.pool.HikariPool        : HikariPool-1 - Pool stats (total=10/10, idle=10/10, active=0, waiting=0)
2025-10-14T20:05:07.508+05:30 DEBUG 2988 --- [midtier] [l-1:housekeeper] com.zaxxer.hikari.pool.HikariPool        : HikariPool-1 - Fill pool skipped, pool has sufficient level or currently being filled.
2025-10-14T20:05:16.157+05:30 DEBUG 2988 --- [midtier] [l-1:housekeeper] com.zaxxer.hikari.pool.HikariPool        : HikariPool-1 - keepalive: connection org.postgresql.jdbc.PgConnection@505bd6c6 is alive
2025-10-14T20:05:24.883+05:30 DEBUG 2988 --- [midtier] [l-1:housekeeper] com.zaxxer.hikari.pool.HikariPool        : HikariPool-1 - keepalive: connection org.postgresql.jdbc.PgConnection@6819b9c6 is alive
2025-10-14T20:05:25.423+05:30 DEBUG 2988 --- [midtier] [l-1:housekeeper] com.zaxxer.hikari.pool.HikariPool        : HikariPool-1 - keepalive: connection org.postgresql.jdbc.PgConnection@3c2fe17 is alive
2025-10-14T20:05:36.804+05:30 DEBUG 2988 --- [midtier] [l-1:housekeeper] com.zaxxer.hikari.pool.HikariPool        : HikariPool-1 - keepalive: connection org.postgresql.jdbc.PgConnection@20074153 is alive
2025-10-14T20:05:37.511+05:30 DEBUG 2988 --- [midtier] [l-1:housekeeper] com.zaxxer.hikari.pool.HikariPool        : HikariPool-1 - Pool stats (total=10/10, idle=10/10, active=0, waiting=0)
2025-10-14T20:05:37.512+05:30 DEBUG 2988 --- [midtier] [l-1:housekeeper] com.zaxxer.hikari.pool.HikariPool        : HikariPool-1 - Fill pool skipped, pool has sufficient level or currently being filled.
2025-10-14T20:06:13.929+05:30 DEBUG 2988 --- [midtier] [l-1:housekeeper] com.zaxxer.hikari.pool.HikariPool        : HikariPool-1 - Pool stats (total=10/10, idle=10/10, active=0, waiting=0)
2025-10-14T20:06:13.932+05:30 DEBUG 2988 --- [midtier] [l-1:housekeeper] com.zaxxer.hikari.pool.HikariPool        : HikariPool-1 - Fill pool skipped, pool has sufficient level or currently being filled.
2025-10-14T20:06:21.664+05:30 DEBUG 2988 --- [midtier] [l-1:housekeeper] com.zaxxer.hikari.pool.HikariPool        : HikariPool-1 - keepalive: connection org.postgresql.jdbc.PgConnection@7b9fa0ea is alive
2025-10-14T20:06:42.449+05:30 DEBUG 2988 --- [midtier] [l-1:housekeeper] com.zaxxer.hikari.pool.HikariPool        : HikariPool-1 - keepalive: connection org.postgresql.jdbc.PgConnection@1e750667 is alive
2025-10-14T20:06:43.589+05:30 DEBUG 2988 --- [midtier] [nnection-closer] com.zaxxer.hikari.pool.PoolBase          : HikariPool-1 - Closing connection org.postgresql.jdbc.PgConnection@20074153: (connection has passed maxLifetime)
2025-10-14T20:06:43.594+05:30 DEBUG 2988 --- [midtier] [onnection-adder] com.zaxxer.hikari.pool.PoolBase          : HikariPool-1 - Attempting to create/setup new connection (978b7fb3-5e04-47ad-ad4f-93121dd7ecd0)
2025-10-14T20:06:43.618+05:30 DEBUG 2988 --- [midtier] [onnection-adder] com.zaxxer.hikari.pool.PoolBase          : HikariPool-1 - Established new connection (978b7fb3-5e04-47ad-ad4f-93121dd7ecd0)
2025-10-14T20:06:43.618+05:30 DEBUG 2988 --- [midtier] [onnection-adder] com.zaxxer.hikari.pool.HikariPool        : HikariPool-1 - Added connection org.postgresql.jdbc.PgConnection@64b5f69d
2025-10-14T20:06:43.935+05:30 DEBUG 2988 --- [midtier] [l-1:housekeeper] com.zaxxer.hikari.pool.HikariPool        : HikariPool-1 - Pool stats (total=10/10, idle=10/10, active=0, waiting=0)
2025-10-14T20:06:43.935+05:30 DEBUG 2988 --- [midtier] [l-1:housekeeper] com.zaxxer.hikari.pool.HikariPool        : HikariPool-1 - Fill pool skipped, pool has sufficient level or currently being filled.
2025-10-14T20:06:44.811+05:30 DEBUG 2988 --- [midtier] [l-1:housekeeper] com.zaxxer.hikari.pool.HikariPool        : HikariPool-1 - keepalive: connection org.postgresql.jdbc.PgConnection@27bcf8c2 is alive
2025-10-14T20:07:10.714+05:30 DEBUG 2988 --- [midtier] [l-1:housekeeper] com.zaxxer.hikari.pool.HikariPool        : HikariPool-1 - keepalive: connection org.postgresql.jdbc.PgConnection@588c7b59 is alive
2025-10-14T20:07:13.648+05:30 DEBUG 2988 --- [midtier] [l-1:housekeeper] com.zaxxer.hikari.pool.HikariPool        : HikariPool-1 - keepalive: connection org.postgresql.jdbc.PgConnection@52318919 is alive
2025-10-14T20:07:17.136+05:30 DEBUG 2988 --- [midtier] [l-1:housekeeper] com.zaxxer.hikari.pool.HikariPool        : HikariPool-1 - keepalive: connection org.postgresql.jdbc.PgConnection@3c2fe17 is alive
2025-10-14T20:07:17.491+05:30 DEBUG 2988 --- [midtier] [l-1:housekeeper] com.zaxxer.hikari.pool.HikariPool        : HikariPool-1 - keepalive: connection org.postgresql.jdbc.PgConnection@5deae49f is alive
2025-10-14T20:07:17.814+05:30 DEBUG 2988 --- [midtier] [l-1:housekeeper] com.zaxxer.hikari.pool.HikariPool        : HikariPool-1 - keepalive: connection org.postgresql.jdbc.PgConnection@505bd6c6 is alive
2025-10-14T20:07:18.016+05:30 DEBUG 2988 --- [midtier] [l-1:housekeeper] com.zaxxer.hikari.pool.HikariPool        : HikariPool-1 - keepalive: connection org.postgresql.jdbc.PgConnection@6819b9c6 is alive
2025-10-14T20:07:20.361+05:30 DEBUG 2988 --- [midtier] [l-1:housekeeper] com.zaxxer.hikari.pool.HikariPool        : HikariPool-1 - Pool stats (total=10/10, idle=10/10, active=0, waiting=0)
2025-10-14T20:07:20.361+05:30 DEBUG 2988 --- [midtier] [l-1:housekeeper] com.zaxxer.hikari.pool.HikariPool        : HikariPool-1 - Fill pool skipped, pool has sufficient level or currently being filled.
2025-10-14T20:07:56.815+05:30 DEBUG 2988 --- [midtier] [l-1:housekeeper] com.zaxxer.hikari.pool.HikariPool        : HikariPool-1 - Pool stats (total=10/10, idle=10/10, active=0, waiting=0)
2025-10-14T20:07:56.816+05:30 DEBUG 2988 --- [midtier] [l-1:housekeeper] com.zaxxer.hikari.pool.HikariPool        : HikariPool-1 - Fill pool skipped, pool has sufficient level or currently being filled.
2025-10-14T20:08:11.972+05:30 DEBUG 2988 --- [midtier] [nnection-closer] com.zaxxer.hikari.pool.PoolBase          : HikariPool-1 - Closing connection org.postgresql.jdbc.PgConnection@6819b9c6: (connection has passed maxLifetime)
2025-10-14T20:08:11.976+05:30 DEBUG 2988 --- [midtier] [onnection-adder] com.zaxxer.hikari.pool.PoolBase          : HikariPool-1 - Attempting to create/setup new connection (9a04afbe-5a9f-4cbd-af32-a84fc0f783e1)
2025-10-14T20:08:11.992+05:30 DEBUG 2988 --- [midtier] [onnection-adder] com.zaxxer.hikari.pool.PoolBase          : HikariPool-1 - Established new connection (9a04afbe-5a9f-4cbd-af32-a84fc0f783e1)
2025-10-14T20:08:11.992+05:30 DEBUG 2988 --- [midtier] [onnection-adder] com.zaxxer.hikari.pool.HikariPool        : HikariPool-1 - Added connection org.postgresql.jdbc.PgConnection@146204ff
2025-10-14T20:08:22.378+05:30 DEBUG 2988 --- [midtier] [l-1:housekeeper] com.zaxxer.hikari.pool.HikariPool        : HikariPool-1 - keepalive: connection org.postgresql.jdbc.PgConnection@7b9fa0ea is alive
2025-10-14T20:08:26.824+05:30 DEBUG 2988 --- [midtier] [l-1:housekeeper] com.zaxxer.hikari.pool.HikariPool        : HikariPool-1 - Pool stats (total=10/10, idle=10/10, active=0, waiting=0)
2025-10-14T20:08:26.825+05:30 DEBUG 2988 --- [midtier] [l-1:housekeeper] com.zaxxer.hikari.pool.HikariPool        : HikariPool-1 - Fill pool skipped, pool has sufficient level or currently being filled.
2025-10-14T20:08:34.794+05:30 DEBUG 2988 --- [midtier] [nnection-closer] com.zaxxer.hikari.pool.PoolBase          : HikariPool-1 - Closing connection org.postgresql.jdbc.PgConnection@27bcf8c2: (connection has passed maxLifetime)
2025-10-14T20:08:34.796+05:30 DEBUG 2988 --- [midtier] [onnection-adder] com.zaxxer.hikari.pool.PoolBase          : HikariPool-1 - Attempting to create/setup new connection (6102dd15-9765-44ae-bdb1-8c27af51e00d)
2025-10-14T20:08:34.811+05:30 DEBUG 2988 --- [midtier] [onnection-adder] com.zaxxer.hikari.pool.PoolBase          : HikariPool-1 - Established new connection (6102dd15-9765-44ae-bdb1-8c27af51e00d)
2025-10-14T20:08:34.811+05:30 DEBUG 2988 --- [midtier] [onnection-adder] com.zaxxer.hikari.pool.HikariPool        : HikariPool-1 - Added connection org.postgresql.jdbc.PgConnection@2e5db068
2025-10-14T20:08:51.335+05:30 DEBUG 2988 --- [midtier] [l-1:housekeeper] com.zaxxer.hikari.pool.HikariPool        : HikariPool-1 - keepalive: connection org.postgresql.jdbc.PgConnection@1e750667 is alive
2025-10-14T20:09:01.909+05:30 DEBUG 2988 --- [midtier] [l-1:housekeeper] com.zaxxer.hikari.pool.HikariPool        : HikariPool-1 - keepalive: connection org.postgresql.jdbc.PgConnection@64b5f69d is alive
2025-10-14T20:09:03.174+05:30 DEBUG 2988 --- [midtier] [l-1:housekeeper] com.zaxxer.hikari.pool.HikariPool        : HikariPool-1 - Pool stats (total=10/10, idle=10/10, active=0, waiting=0)
2025-10-14T20:09:03.174+05:30 DEBUG 2988 --- [midtier] [l-1:housekeeper] com.zaxxer.hikari.pool.HikariPool        : HikariPool-1 - Fill pool skipped, pool has sufficient level or currently being filled.
2025-10-14T20:09:08.799+05:30 DEBUG 2988 --- [midtier] [l-1:housekeeper] com.zaxxer.hikari.pool.HikariPool        : HikariPool-1 - keepalive: connection org.postgresql.jdbc.PgConnection@3c2fe17 is alive
2025-10-14T20:09:10.700+05:30 DEBUG 2988 --- [midtier] [nnection-closer] com.zaxxer.hikari.pool.PoolBase          : HikariPool-1 - Closing connection org.postgresql.jdbc.PgConnection@505bd6c6: (connection has passed maxLifetime)
2025-10-14T20:09:10.867+05:30 DEBUG 2988 --- [midtier] [onnection-adder] com.zaxxer.hikari.pool.PoolBase          : HikariPool-1 - Attempting to create/setup new connection (6576eb1f-08f7-4209-b45e-8087d6495267)
2025-10-14T20:09:10.884+05:30 DEBUG 2988 --- [midtier] [onnection-adder] com.zaxxer.hikari.pool.PoolBase          : HikariPool-1 - Established new connection (6576eb1f-08f7-4209-b45e-8087d6495267)
2025-10-14T20:09:10.884+05:30 DEBUG 2988 --- [midtier] [onnection-adder] com.zaxxer.hikari.pool.HikariPool        : HikariPool-1 - Added connection org.postgresql.jdbc.PgConnection@7865b9cf
2025-10-14T20:09:19.806+05:30 DEBUG 2988 --- [midtier] [l-1:housekeeper] com.zaxxer.hikari.pool.HikariPool        : HikariPool-1 - keepalive: connection org.postgresql.jdbc.PgConnection@52318919 is alive
2025-10-14T20:09:22.317+05:30 DEBUG 2988 --- [midtier] [l-1:housekeeper] com.zaxxer.hikari.pool.HikariPool        : HikariPool-1 - keepalive: connection org.postgresql.jdbc.PgConnection@588c7b59 is alive
2025-10-14T20:09:29.838+05:30 DEBUG 2988 --- [midtier] [l-1:housekeeper] com.zaxxer.hikari.pool.HikariPool        : HikariPool-1 - keepalive: connection org.postgresql.jdbc.PgConnection@5deae49f is alive
2025-10-14T20:09:33.176+05:30 DEBUG 2988 --- [midtier] [l-1:housekeeper] com.zaxxer.hikari.pool.HikariPool        : HikariPool-1 - Pool stats (total=10/10, idle=10/10, active=0, waiting=0)
2025-10-14T20:09:33.178+05:30 DEBUG 2988 --- [midtier] [l-1:housekeeper] com.zaxxer.hikari.pool.HikariPool        : HikariPool-1 - Fill pool skipped, pool has sufficient level or currently being filled.
2025-10-14T20:10:08.264+05:30 DEBUG 2988 --- [midtier] [l-1:housekeeper] com.zaxxer.hikari.pool.HikariPool        : HikariPool-1 - keepalive: connection org.postgresql.jdbc.PgConnection@146204ff is alive
2025-10-14T20:10:09.603+05:30 DEBUG 2988 --- [midtier] [l-1:housekeeper] com.zaxxer.hikari.pool.HikariPool        : HikariPool-1 - Pool stats (total=10/10, idle=10/10, active=0, waiting=0)
2025-10-14T20:10:09.605+05:30 DEBUG 2988 --- [midtier] [l-1:housekeeper] com.zaxxer.hikari.pool.HikariPool        : HikariPool-1 - Fill pool skipped, pool has sufficient level or currently being filled.
2025-10-14T20:10:22.980+05:30 DEBUG 2988 --- [midtier] [l-1:housekeeper] com.zaxxer.hikari.pool.HikariPool        : HikariPool-1 - keepalive: connection org.postgresql.jdbc.PgConnection@7b9fa0ea is alive
2025-10-14T20:10:46.686+05:30 DEBUG 2988 --- [midtier] [l-1:housekeeper] com.zaxxer.hikari.pool.HikariPool        : HikariPool-1 - Pool stats (total=10/10, idle=10/10, active=0, waiting=0)
2025-10-14T20:10:47.043+05:30 DEBUG 2988 --- [midtier] [l-1:housekeeper] com.zaxxer.hikari.pool.HikariPool        : HikariPool-1 - Fill pool skipped, pool has sufficient level or currently being filled.
2025-10-14T20:10:47.044+05:30 DEBUG 2988 --- [midtier] [l-1:housekeeper] com.zaxxer.hikari.pool.HikariPool        : HikariPool-1 - keepalive: connection org.postgresql.jdbc.PgConnection@2e5db068 is alive
2025-10-14T20:10:47.923+05:30 DEBUG 2988 --- [midtier] [nnection-closer] com.zaxxer.hikari.pool.PoolBase          : HikariPool-1 - Closing connection org.postgresql.jdbc.PgConnection@3c2fe17: (connection has passed maxLifetime)
2025-10-14T20:10:47.925+05:30 DEBUG 2988 --- [midtier] [onnection-adder] com.zaxxer.hikari.pool.PoolBase          : HikariPool-1 - Attempting to create/setup new connection (ebcb25fc-9ceb-4175-9424-6a5728591b3b)
2025-10-14T20:10:47.952+05:30 DEBUG 2988 --- [midtier] [onnection-adder] com.zaxxer.hikari.pool.PoolBase          : HikariPool-1 - Established new connection (ebcb25fc-9ceb-4175-9424-6a5728591b3b)
2025-10-14T20:10:47.952+05:30 DEBUG 2988 --- [midtier] [onnection-adder] com.zaxxer.hikari.pool.HikariPool        : HikariPool-1 - Added connection org.postgresql.jdbc.PgConnection@4591ee06
2025-10-14T20:10:53.867+05:30 DEBUG 2988 --- [midtier] [l-1:housekeeper] com.zaxxer.hikari.pool.HikariPool        : HikariPool-1 - keepalive: connection org.postgresql.jdbc.PgConnection@1e750667 is alive
2025-10-14T20:11:07.450+05:30 DEBUG 2988 --- [midtier] [l-1:housekeeper] com.zaxxer.hikari.pool.HikariPool        : HikariPool-1 - keepalive: connection org.postgresql.jdbc.PgConnection@7865b9cf is alive
2025-10-14T20:11:13.858+05:30 DEBUG 2988 --- [midtier] [l-1:housekeeper] com.zaxxer.hikari.pool.HikariPool        : HikariPool-1 - keepalive: connection org.postgresql.jdbc.PgConnection@64b5f69d is alive
2025-10-14T20:11:17.052+05:30 DEBUG 2988 --- [midtier] [l-1:housekeeper] com.zaxxer.hikari.pool.HikariPool        : HikariPool-1 - Pool stats (total=10/10, idle=10/10, active=0, waiting=0)
2025-10-14T20:11:17.054+05:30 DEBUG 2988 --- [midtier] [l-1:housekeeper] com.zaxxer.hikari.pool.HikariPool        : HikariPool-1 - Fill pool skipped, pool has sufficient level or currently being filled.
2025-10-14T20:11:26.042+05:30 DEBUG 2988 --- [midtier] [l-1:housekeeper] com.zaxxer.hikari.pool.HikariPool        : HikariPool-1 - keepalive: connection org.postgresql.jdbc.PgConnection@52318919 is alive
2025-10-14T20:11:33.989+05:30 DEBUG 2988 --- [midtier] [l-1:housekeeper] com.zaxxer.hikari.pool.HikariPool        : HikariPool-1 - keepalive: connection org.postgresql.jdbc.PgConnection@588c7b59 is alive
2025-10-14T20:11:48.714+05:30 DEBUG 2988 --- [midtier] [l-1:housekeeper] com.zaxxer.hikari.pool.HikariPool        : HikariPool-1 - keepalive: connection org.postgresql.jdbc.PgConnection@5deae49f is alive
2025-10-14T20:11:53.515+05:30 DEBUG 2988 --- [midtier] [l-1:housekeeper] com.zaxxer.hikari.pool.HikariPool        : HikariPool-1 - Pool stats (total=10/10, idle=10/10, active=0, waiting=0)
2025-10-14T20:11:53.515+05:30 DEBUG 2988 --- [midtier] [l-1:housekeeper] com.zaxxer.hikari.pool.HikariPool        : HikariPool-1 - Fill pool skipped, pool has sufficient level or currently being filled.
2025-10-14T20:12:04.674+05:30 DEBUG 2988 --- [midtier] [l-1:housekeeper] com.zaxxer.hikari.pool.HikariPool        : HikariPool-1 - keepalive: connection org.postgresql.jdbc.PgConnection@146204ff is alive
2025-10-14T20:12:23.519+05:30 DEBUG 2988 --- [midtier] [l-1:housekeeper] com.zaxxer.hikari.pool.HikariPool        : HikariPool-1 - Pool stats (total=10/10, idle=10/10, active=0, waiting=0)
2025-10-14T20:12:23.520+05:30 DEBUG 2988 --- [midtier] [l-1:housekeeper] com.zaxxer.hikari.pool.HikariPool        : HikariPool-1 - Fill pool skipped, pool has sufficient level or currently being filled.
2025-10-14T20:12:23.722+05:30 DEBUG 2988 --- [midtier] [l-1:housekeeper] com.zaxxer.hikari.pool.HikariPool        : HikariPool-1 - keepalive: connection org.postgresql.jdbc.PgConnection@7b9fa0ea is alive
2025-10-14T20:12:52.683+05:30 DEBUG 2988 --- [midtier] [l-1:housekeeper] com.zaxxer.hikari.pool.HikariPool        : HikariPool-1 - keepalive: connection org.postgresql.jdbc.PgConnection@2e5db068 is alive
2025-10-14T20:12:56.419+05:30 DEBUG 2988 --- [midtier] [l-1:housekeeper] com.zaxxer.hikari.pool.HikariPool        : HikariPool-1 - keepalive: connection org.postgresql.jdbc.PgConnection@1e750667 is alive
2025-10-14T20:12:58.846+05:30 DEBUG 2988 --- [midtier] [l-1:housekeeper] com.zaxxer.hikari.pool.HikariPool        : HikariPool-1 - keepalive: connection org.postgresql.jdbc.PgConnection@4591ee06 is alive
2025-10-14T20:12:59.956+05:30 DEBUG 2988 --- [midtier] [l-1:housekeeper] com.zaxxer.hikari.pool.HikariPool        : HikariPool-1 - Pool stats (total=10/10, idle=10/10, active=0, waiting=0)
2025-10-14T20:12:59.956+05:30 DEBUG 2988 --- [midtier] [l-1:housekeeper] com.zaxxer.hikari.pool.HikariPool        : HikariPool-1 - Fill pool skipped, pool has sufficient level or currently being filled.
2025-10-14T20:13:04.034+05:30 DEBUG 2988 --- [midtier] [l-1:housekeeper] com.zaxxer.hikari.pool.HikariPool        : HikariPool-1 - keepalive: connection org.postgresql.jdbc.PgConnection@7865b9cf is alive
2025-10-14T20:13:25.825+05:30 DEBUG 2988 --- [midtier] [l-1:housekeeper] com.zaxxer.hikari.pool.HikariPool        : HikariPool-1 - keepalive: connection org.postgresql.jdbc.PgConnection@64b5f69d is alive
2025-10-14T20:13:29.958+05:30 DEBUG 2988 --- [midtier] [l-1:housekeeper] com.zaxxer.hikari.pool.HikariPool        : HikariPool-1 - Pool stats (total=10/10, idle=10/10, active=0, waiting=0)
2025-10-14T20:13:29.958+05:30 DEBUG 2988 --- [midtier] [l-1:housekeeper] com.zaxxer.hikari.pool.HikariPool        : HikariPool-1 - Fill pool skipped, pool has sufficient level or currently being filled.
2025-10-14T20:13:40.701+05:30 DEBUG 2988 --- [midtier] [l-1:housekeeper] com.zaxxer.hikari.pool.HikariPool        : HikariPool-1 - keepalive: connection org.postgresql.jdbc.PgConnection@52318919 is alive
2025-10-14T20:13:52.143+05:30 DEBUG 2988 --- [midtier] [l-1:housekeeper] com.zaxxer.hikari.pool.HikariPool        : HikariPool-1 - keepalive: connection org.postgresql.jdbc.PgConnection@588c7b59 is alive
2025-10-14T20:14:01.069+05:30 DEBUG 2988 --- [midtier] [l-1:housekeeper] com.zaxxer.hikari.pool.HikariPool        : HikariPool-1 - keepalive: connection org.postgresql.jdbc.PgConnection@146204ff is alive
2025-10-14T20:14:01.159+05:30 DEBUG 2988 --- [midtier] [l-1:housekeeper] com.zaxxer.hikari.pool.HikariPool        : HikariPool-1 - keepalive: connection org.postgresql.jdbc.PgConnection@5deae49f is alive
2025-10-14T20:14:06.419+05:30 DEBUG 2988 --- [midtier] [l-1:housekeeper] com.zaxxer.hikari.pool.HikariPool        : HikariPool-1 - Pool stats (total=10/10, idle=10/10, active=0, waiting=0)
2025-10-14T20:14:06.419+05:30 DEBUG 2988 --- [midtier] [l-1:housekeeper] com.zaxxer.hikari.pool.HikariPool        : HikariPool-1 - Fill pool skipped, pool has sufficient level or currently being filled.
2025-10-14T20:14:24.451+05:30 DEBUG 2988 --- [midtier] [l-1:housekeeper] com.zaxxer.hikari.pool.HikariPool        : HikariPool-1 - keepalive: connection org.postgresql.jdbc.PgConnection@7b9fa0ea is alive
2025-10-14T20:14:42.794+05:30 DEBUG 2988 --- [midtier] [l-1:housekeeper] com.zaxxer.hikari.pool.HikariPool        : HikariPool-1 - Pool stats (total=10/10, idle=10/10, active=0, waiting=0)
2025-10-14T20:14:42.794+05:30 DEBUG 2988 --- [midtier] [l-1:housekeeper] com.zaxxer.hikari.pool.HikariPool        : HikariPool-1 - Fill pool skipped, pool has sufficient level or currently being filled.
2025-10-14T20:14:58.266+05:30 DEBUG 2988 --- [midtier] [l-1:housekeeper] com.zaxxer.hikari.pool.HikariPool        : HikariPool-1 - keepalive: connection org.postgresql.jdbc.PgConnection@2e5db068 is alive
2025-10-14T20:14:58.922+05:30 DEBUG 2988 --- [midtier] [l-1:housekeeper] com.zaxxer.hikari.pool.HikariPool        : HikariPool-1 - keepalive: connection org.postgresql.jdbc.PgConnection@1e750667 is alive
2025-10-14T20:15:00.560+05:30 DEBUG 2988 --- [midtier] [l-1:housekeeper] com.zaxxer.hikari.pool.HikariPool        : HikariPool-1 - keepalive: connection org.postgresql.jdbc.PgConnection@7865b9cf is alive
2025-10-14T20:15:09.691+05:30 DEBUG 2988 --- [midtier] [l-1:housekeeper] com.zaxxer.hikari.pool.HikariPool        : HikariPool-1 - keepalive: connection org.postgresql.jdbc.PgConnection@4591ee06 is alive
2025-10-14T20:15:12.800+05:30 DEBUG 2988 --- [midtier] [l-1:housekeeper] com.zaxxer.hikari.pool.HikariPool        : HikariPool-1 - Pool stats (total=10/10, idle=10/10, active=0, waiting=0)
2025-10-14T20:15:12.800+05:30 DEBUG 2988 --- [midtier] [l-1:housekeeper] com.zaxxer.hikari.pool.HikariPool        : HikariPool-1 - Fill pool skipped, pool has sufficient level or currently being filled.
2025-10-14T20:15:44.193+05:30 DEBUG 2988 --- [midtier] [l-1:housekeeper] com.zaxxer.hikari.pool.HikariPool        : HikariPool-1 - keepalive: connection org.postgresql.jdbc.PgConnection@64b5f69d is alive
2025-10-14T20:15:46.910+05:30 DEBUG 2988 --- [midtier] [l-1:housekeeper] com.zaxxer.hikari.pool.HikariPool        : HikariPool-1 - keepalive: connection org.postgresql.jdbc.PgConnection@52318919 is alive
2025-10-14T20:15:49.262+05:30 DEBUG 2988 --- [midtier] [l-1:housekeeper] com.zaxxer.hikari.pool.HikariPool        : HikariPool-1 - Pool stats (total=10/10, idle=10/10, active=0, waiting=0)
2025-10-14T20:15:49.263+05:30 DEBUG 2988 --- [midtier] [l-1:housekeeper] com.zaxxer.hikari.pool.HikariPool        : HikariPool-1 - Fill pool skipped, pool has sufficient level or currently being filled.
2025-10-14T20:15:57.419+05:30 DEBUG 2988 --- [midtier] [l-1:housekeeper] com.zaxxer.hikari.pool.HikariPool        : HikariPool-1 - keepalive: connection org.postgresql.jdbc.PgConnection@146204ff is alive
2025-10-14T20:16:03.789+05:30 DEBUG 2988 --- [midtier] [l-1:housekeeper] com.zaxxer.hikari.pool.HikariPool        : HikariPool-1 - keepalive: connection org.postgresql.jdbc.PgConnection@588c7b59 is alive
2025-10-14T20:16:13.544+05:30 DEBUG 2988 --- [midtier] [l-1:housekeeper] com.zaxxer.hikari.pool.HikariPool        : HikariPool-1 - keepalive: connection org.postgresql.jdbc.PgConnection@5deae49f is alive
2025-10-14T20:16:19.268+05:30 DEBUG 2988 --- [midtier] [l-1:housekeeper] com.zaxxer.hikari.pool.HikariPool        : HikariPool-1 - Pool stats (total=10/10, idle=10/10, active=0, waiting=0)
2025-10-14T20:16:19.268+05:30 DEBUG 2988 --- [midtier] [l-1:housekeeper] com.zaxxer.hikari.pool.HikariPool        : HikariPool-1 - Fill pool skipped, pool has sufficient level or currently being filled.
2025-10-14T20:16:25.124+05:30 DEBUG 2988 --- [midtier] [l-1:housekeeper] com.zaxxer.hikari.pool.HikariPool        : HikariPool-1 - keepalive: connection org.postgresql.jdbc.PgConnection@7b9fa0ea is alive
2025-10-14T20:16:34.055+05:30 DEBUG 2988 --- [midtier] [nnection-closer] com.zaxxer.hikari.pool.PoolBase          : HikariPool-1 - Closing connection org.postgresql.jdbc.PgConnection@5deae49f: (connection has passed maxLifetime)
2025-10-14T20:16:34.059+05:30 DEBUG 2988 --- [midtier] [onnection-adder] com.zaxxer.hikari.pool.PoolBase          : HikariPool-1 - Attempting to create/setup new connection (b85ab4b1-6ab4-4225-8ec6-575b5f8aab51)
2025-10-14T20:16:34.108+05:30 DEBUG 2988 --- [midtier] [onnection-adder] com.zaxxer.hikari.pool.PoolBase          : HikariPool-1 - Established new connection (b85ab4b1-6ab4-4225-8ec6-575b5f8aab51)
2025-10-14T20:16:34.109+05:30 DEBUG 2988 --- [midtier] [onnection-adder] com.zaxxer.hikari.pool.HikariPool        : HikariPool-1 - Added connection org.postgresql.jdbc.PgConnection@24c64d00
2025-10-14T20:16:54.771+05:30 DEBUG 2988 --- [midtier] [l-1:housekeeper] com.zaxxer.hikari.pool.HikariPool        : HikariPool-1 - Pool stats (total=10/10, idle=10/10, active=0, waiting=0)
2025-10-14T20:16:54.772+05:30 DEBUG 2988 --- [midtier] [l-1:housekeeper] com.zaxxer.hikari.pool.HikariPool        : HikariPool-1 - Fill pool skipped, pool has sufficient level or currently being filled.
2025-10-14T20:16:56.226+05:30 DEBUG 2988 --- [midtier] [l-1:housekeeper] com.zaxxer.hikari.pool.HikariPool        : HikariPool-1 - keepalive: connection org.postgresql.jdbc.PgConnection@7865b9cf is alive
2025-10-14T20:17:00.551+05:30 DEBUG 2988 --- [midtier] [l-1:housekeeper] com.zaxxer.hikari.pool.HikariPool        : HikariPool-1 - keepalive: connection org.postgresql.jdbc.PgConnection@1e750667 is alive
2025-10-14T20:17:02.984+05:30 DEBUG 2988 --- [midtier] [l-1:housekeeper] com.zaxxer.hikari.pool.HikariPool        : HikariPool-1 - keepalive: connection org.postgresql.jdbc.PgConnection@2e5db068 is alive
2025-10-14T20:17:19.663+05:30 DEBUG 2988 --- [midtier] [l-1:housekeeper] com.zaxxer.hikari.pool.HikariPool        : HikariPool-1 - keepalive: connection org.postgresql.jdbc.PgConnection@4591ee06 is alive
2025-10-14T20:20:35.227+05:30  WARN 2988 --- [midtier] [l-1:housekeeper] com.zaxxer.hikari.pool.HikariPool        : HikariPool-1 - Thread starvation or clock leap detected (housekeeper delta=3m40s87ms).
2025-10-14T20:20:35.237+05:30 DEBUG 2988 --- [midtier] [l-1:housekeeper] com.zaxxer.hikari.pool.HikariPool        : HikariPool-1 - Pool stats (total=10/10, idle=10/10, active=0, waiting=0)
2025-10-14T20:20:35.237+05:30 DEBUG 2988 --- [midtier] [l-1:housekeeper] com.zaxxer.hikari.pool.HikariPool        : HikariPool-1 - Fill pool skipped, pool has sufficient level or currently being filled.
2025-10-14T20:20:55.459+05:30 DEBUG 2988 --- [midtier] [l-1:housekeeper] com.zaxxer.hikari.pool.HikariPool        : HikariPool-1 - keepalive: connection org.postgresql.jdbc.PgConnection@52318919 is alive
2025-10-14T20:20:56.065+05:30 DEBUG 2988 --- [midtier] [l-1:housekeeper] com.zaxxer.hikari.pool.HikariPool        : HikariPool-1 - keepalive: connection org.postgresql.jdbc.PgConnection@146204ff is alive
2025-10-14T20:20:58.412+05:30 DEBUG 2988 --- [midtier] [l-1:housekeeper] com.zaxxer.hikari.pool.HikariPool        : HikariPool-1 - keepalive: connection org.postgresql.jdbc.PgConnection@64b5f69d is alive
2025-10-14T20:21:05.249+05:30 DEBUG 2988 --- [midtier] [l-1:housekeeper] com.zaxxer.hikari.pool.HikariPool        : HikariPool-1 - Pool stats (total=10/10, idle=10/10, active=0, waiting=0)
2025-10-14T20:21:05.252+05:30 DEBUG 2988 --- [midtier] [l-1:housekeeper] com.zaxxer.hikari.pool.HikariPool        : HikariPool-1 - Fill pool skipped, pool has sufficient level or currently being filled.
2025-10-14T20:21:17.736+05:30 DEBUG 2988 --- [midtier] [l-1:housekeeper] com.zaxxer.hikari.pool.HikariPool        : HikariPool-1 - keepalive: connection org.postgresql.jdbc.PgConnection@588c7b59 is alive
2025-10-14T20:21:28.106+05:30 DEBUG 2988 --- [midtier] [l-1:housekeeper] com.zaxxer.hikari.pool.HikariPool        : HikariPool-1 - keepalive: connection org.postgresql.jdbc.PgConnection@7b9fa0ea is alive
2025-10-14T20:21:29.980+05:30 DEBUG 2988 --- [midtier] [nnection-closer] com.zaxxer.hikari.pool.PoolBase          : HikariPool-1 - Closing connection org.postgresql.jdbc.PgConnection@7b9fa0ea: (connection has passed maxLifetime)
2025-10-14T20:21:29.990+05:30 DEBUG 2988 --- [midtier] [onnection-adder] com.zaxxer.hikari.pool.PoolBase          : HikariPool-1 - Attempting to create/setup new connection (99bd46b8-ff64-47f9-a1a4-e14fb72dafb0)
2025-10-14T20:21:30.063+05:30 DEBUG 2988 --- [midtier] [onnection-adder] com.zaxxer.hikari.pool.PoolBase          : HikariPool-1 - Established new connection (99bd46b8-ff64-47f9-a1a4-e14fb72dafb0)
2025-10-14T20:21:30.063+05:30 DEBUG 2988 --- [midtier] [onnection-adder] com.zaxxer.hikari.pool.HikariPool        : HikariPool-1 - Added connection org.postgresql.jdbc.PgConnection@3c1134fb
2025-10-14T20:21:35.258+05:30 DEBUG 2988 --- [midtier] [l-1:housekeeper] com.zaxxer.hikari.pool.HikariPool        : HikariPool-1 - Pool stats (total=10/10, idle=10/10, active=0, waiting=0)
2025-10-14T20:21:35.258+05:30 DEBUG 2988 --- [midtier] [l-1:housekeeper] com.zaxxer.hikari.pool.HikariPool        : HikariPool-1 - Fill pool skipped, pool has sufficient level or currently being filled.
2025-10-14T20:21:39.364+05:30 DEBUG 2988 --- [midtier] [l-1:housekeeper] com.zaxxer.hikari.pool.HikariPool        : HikariPool-1 - keepalive: connection org.postgresql.jdbc.PgConnection@24c64d00 is alive
2025-10-14T20:21:49.563+05:30 DEBUG 2988 --- [midtier] [l-1:housekeeper] com.zaxxer.hikari.pool.HikariPool        : HikariPool-1 - keepalive: connection org.postgresql.jdbc.PgConnection@7865b9cf is alive
2025-10-14T20:21:59.858+05:30 DEBUG 2988 --- [midtier] [l-1:housekeeper] com.zaxxer.hikari.pool.HikariPool        : HikariPool-1 - keepalive: connection org.postgresql.jdbc.PgConnection@1e750667 is alive
2025-10-14T20:22:02.251+05:30 DEBUG 2988 --- [midtier] [nnection-closer] com.zaxxer.hikari.pool.PoolBase          : HikariPool-1 - Closing connection org.postgresql.jdbc.PgConnection@1e750667: (connection has passed maxLifetime)
2025-10-14T20:22:02.254+05:30 DEBUG 2988 --- [midtier] [onnection-adder] com.zaxxer.hikari.pool.PoolBase          : HikariPool-1 - Attempting to create/setup new connection (e1c8e5d5-a760-463a-bfec-fa2cc8420e4c)
2025-10-14T20:22:02.304+05:30 DEBUG 2988 --- [midtier] [onnection-adder] com.zaxxer.hikari.pool.PoolBase          : HikariPool-1 - Established new connection (e1c8e5d5-a760-463a-bfec-fa2cc8420e4c)
2025-10-14T20:22:02.305+05:30 DEBUG 2988 --- [midtier] [onnection-adder] com.zaxxer.hikari.pool.HikariPool        : HikariPool-1 - Added connection org.postgresql.jdbc.PgConnection@16e6638d
2025-10-14T20:22:05.260+05:30 DEBUG 2988 --- [midtier] [l-1:housekeeper] com.zaxxer.hikari.pool.HikariPool        : HikariPool-1 - Pool stats (total=10/10, idle=10/10, active=0, waiting=0)
2025-10-14T20:22:05.261+05:30 DEBUG 2988 --- [midtier] [l-1:housekeeper] com.zaxxer.hikari.pool.HikariPool        : HikariPool-1 - Fill pool skipped, pool has sufficient level or currently being filled.
2025-10-14T20:22:05.372+05:30 DEBUG 2988 --- [midtier] [l-1:housekeeper] com.zaxxer.hikari.pool.HikariPool        : HikariPool-1 - keepalive: connection org.postgresql.jdbc.PgConnection@2e5db068 is alive
2025-10-14T20:22:27.314+05:30 DEBUG 2988 --- [midtier] [l-1:housekeeper] com.zaxxer.hikari.pool.HikariPool        : HikariPool-1 - keepalive: connection org.postgresql.jdbc.PgConnection@4591ee06 is alive
2025-10-14T20:22:35.265+05:30 DEBUG 2988 --- [midtier] [l-1:housekeeper] com.zaxxer.hikari.pool.HikariPool        : HikariPool-1 - Pool stats (total=10/10, idle=10/10, active=0, waiting=0)
2025-10-14T20:22:35.265+05:30 DEBUG 2988 --- [midtier] [l-1:housekeeper] com.zaxxer.hikari.pool.HikariPool        : HikariPool-1 - Fill pool skipped, pool has sufficient level or currently being filled.
2025-10-14T20:22:39.573+05:30 DEBUG 2988 --- [midtier] [l-1:housekeeper] com.zaxxer.hikari.pool.HikariPool        : HikariPool-1 - keepalive: connection org.postgresql.jdbc.PgConnection@146204ff is alive
2025-10-14T20:22:48.853+05:30 DEBUG 2988 --- [midtier] [l-1:housekeeper] com.zaxxer.hikari.pool.HikariPool        : HikariPool-1 - keepalive: connection org.postgresql.jdbc.PgConnection@52318919 is alive
2025-10-14T20:22:57.495+05:30 DEBUG 2988 --- [midtier] [l-1:housekeeper] com.zaxxer.hikari.pool.HikariPool        : HikariPool-1 - keepalive: connection org.postgresql.jdbc.PgConnection@64b5f69d is alive
2025-10-14T20:23:05.268+05:30 DEBUG 2988 --- [midtier] [l-1:housekeeper] com.zaxxer.hikari.pool.HikariPool        : HikariPool-1 - Pool stats (total=10/10, idle=10/10, active=0, waiting=0)
2025-10-14T20:23:05.269+05:30 DEBUG 2988 --- [midtier] [l-1:housekeeper] com.zaxxer.hikari.pool.HikariPool        : HikariPool-1 - Fill pool skipped, pool has sufficient level or currently being filled.
2025-10-14T20:23:16.547+05:30 DEBUG 2988 --- [midtier] [l-1:housekeeper] com.zaxxer.hikari.pool.HikariPool        : HikariPool-1 - keepalive: connection org.postgresql.jdbc.PgConnection@588c7b59 is alive
2025-10-14T20:23:24.745+05:30 DEBUG 2988 --- [midtier] [l-1:housekeeper] com.zaxxer.hikari.pool.HikariPool        : HikariPool-1 - keepalive: connection org.postgresql.jdbc.PgConnection@3c1134fb is alive
2025-10-14T20:23:33.261+05:30 DEBUG 2988 --- [midtier] [l-1:housekeeper] com.zaxxer.hikari.pool.HikariPool        : HikariPool-1 - keepalive: connection org.postgresql.jdbc.PgConnection@7865b9cf is alive
2025-10-14T20:23:34.983+05:30 DEBUG 2988 --- [midtier] [l-1:housekeeper] com.zaxxer.hikari.pool.HikariPool        : HikariPool-1 - keepalive: connection org.postgresql.jdbc.PgConnection@24c64d00 is alive
2025-10-14T20:23:35.273+05:30 DEBUG 2988 --- [midtier] [l-1:housekeeper] com.zaxxer.hikari.pool.HikariPool        : HikariPool-1 - Pool stats (total=10/10, idle=10/10, active=0, waiting=0)
2025-10-14T20:23:35.274+05:30 DEBUG 2988 --- [midtier] [l-1:housekeeper] com.zaxxer.hikari.pool.HikariPool        : HikariPool-1 - Fill pool skipped, pool has sufficient level or currently being filled.
2025-10-14T20:23:57.629+05:30 DEBUG 2988 --- [midtier] [l-1:housekeeper] com.zaxxer.hikari.pool.HikariPool        : HikariPool-1 - keepalive: connection org.postgresql.jdbc.PgConnection@16e6638d is alive
2025-10-14T20:23:58.132+05:30 DEBUG 2988 --- [midtier] [l-1:housekeeper] com.zaxxer.hikari.pool.HikariPool        : HikariPool-1 - keepalive: connection org.postgresql.jdbc.PgConnection@2e5db068 is alive
2025-10-14T20:24:05.281+05:30 DEBUG 2988 --- [midtier] [l-1:housekeeper] com.zaxxer.hikari.pool.HikariPool        : HikariPool-1 - Pool stats (total=10/10, idle=10/10, active=0, waiting=0)
2025-10-14T20:24:05.281+05:30 DEBUG 2988 --- [midtier] [l-1:housekeeper] com.zaxxer.hikari.pool.HikariPool        : HikariPool-1 - Fill pool skipped, pool has sufficient level or currently being filled.
2025-10-14T20:24:23.082+05:30 DEBUG 2988 --- [midtier] [l-1:housekeeper] com.zaxxer.hikari.pool.HikariPool        : HikariPool-1 - keepalive: connection org.postgresql.jdbc.PgConnection@146204ff is alive
2025-10-14T20:24:25.329+05:30 DEBUG 2988 --- [midtier] [l-1:housekeeper] com.zaxxer.hikari.pool.HikariPool        : HikariPool-1 - keepalive: connection org.postgresql.jdbc.PgConnection@4591ee06 is alive
2025-10-14T20:24:35.287+05:30 DEBUG 2988 --- [midtier] [l-1:housekeeper] com.zaxxer.hikari.pool.HikariPool        : HikariPool-1 - Pool stats (total=10/10, idle=10/10, active=0, waiting=0)
2025-10-14T20:24:35.288+05:30 DEBUG 2988 --- [midtier] [l-1:housekeeper] com.zaxxer.hikari.pool.HikariPool        : HikariPool-1 - Fill pool skipped, pool has sufficient level or currently being filled.
2025-10-14T20:24:42.223+05:30 DEBUG 2988 --- [midtier] [l-1:housekeeper] com.zaxxer.hikari.pool.HikariPool        : HikariPool-1 - keepalive: connection org.postgresql.jdbc.PgConnection@52318919 is alive
2025-10-14T20:24:56.579+05:30 DEBUG 2988 --- [midtier] [l-1:housekeeper] com.zaxxer.hikari.pool.HikariPool        : HikariPool-1 - keepalive: connection org.postgresql.jdbc.PgConnection@64b5f69d is alive
2025-10-14T20:25:05.294+05:30 DEBUG 2988 --- [midtier] [l-1:housekeeper] com.zaxxer.hikari.pool.HikariPool        : HikariPool-1 - Pool stats (total=10/10, idle=10/10, active=0, waiting=0)
2025-10-14T20:25:05.294+05:30 DEBUG 2988 --- [midtier] [l-1:housekeeper] com.zaxxer.hikari.pool.HikariPool        : HikariPool-1 - Fill pool skipped, pool has sufficient level or currently being filled.
2025-10-14T20:25:15.356+05:30 DEBUG 2988 --- [midtier] [l-1:housekeeper] com.zaxxer.hikari.pool.HikariPool        : HikariPool-1 - keepalive: connection org.postgresql.jdbc.PgConnection@588c7b59 is alive
2025-10-14T20:25:16.958+05:30 DEBUG 2988 --- [midtier] [l-1:housekeeper] com.zaxxer.hikari.pool.HikariPool        : HikariPool-1 - keepalive: connection org.postgresql.jdbc.PgConnection@7865b9cf is alive
2025-10-14T20:25:19.426+05:30 DEBUG 2988 --- [midtier] [l-1:housekeeper] com.zaxxer.hikari.pool.HikariPool        : HikariPool-1 - keepalive: connection org.postgresql.jdbc.PgConnection@3c1134fb is alive
2025-10-14T20:25:30.602+05:30 DEBUG 2988 --- [midtier] [l-1:housekeeper] com.zaxxer.hikari.pool.HikariPool        : HikariPool-1 - keepalive: connection org.postgresql.jdbc.PgConnection@24c64d00 is alive
2025-10-14T20:25:35.299+05:30 DEBUG 2988 --- [midtier] [l-1:housekeeper] com.zaxxer.hikari.pool.HikariPool        : HikariPool-1 - Pool stats (total=10/10, idle=10/10, active=0, waiting=0)
2025-10-14T20:25:35.300+05:30 DEBUG 2988 --- [midtier] [l-1:housekeeper] com.zaxxer.hikari.pool.HikariPool        : HikariPool-1 - Fill pool skipped, pool has sufficient level or currently being filled.
2025-10-14T20:25:50.888+05:30 DEBUG 2988 --- [midtier] [l-1:housekeeper] com.zaxxer.hikari.pool.HikariPool        : HikariPool-1 - keepalive: connection org.postgresql.jdbc.PgConnection@2e5db068 is alive
2025-10-14T20:25:52.954+05:30 DEBUG 2988 --- [midtier] [l-1:housekeeper] com.zaxxer.hikari.pool.HikariPool        : HikariPool-1 - keepalive: connection org.postgresql.jdbc.PgConnection@16e6638d is alive
2025-10-14T20:26:05.303+05:30 DEBUG 2988 --- [midtier] [l-1:housekeeper] com.zaxxer.hikari.pool.HikariPool        : HikariPool-1 - Pool stats (total=10/10, idle=10/10, active=0, waiting=0)
2025-10-14T20:26:05.303+05:30 DEBUG 2988 --- [midtier] [l-1:housekeeper] com.zaxxer.hikari.pool.HikariPool        : HikariPool-1 - Fill pool skipped, pool has sufficient level or currently being filled.
2025-10-14T20:26:06.643+05:30 DEBUG 2988 --- [midtier] [l-1:housekeeper] com.zaxxer.hikari.pool.HikariPool        : HikariPool-1 - keepalive: connection org.postgresql.jdbc.PgConnection@146204ff is alive
2025-10-14T20:26:23.343+05:30 DEBUG 2988 --- [midtier] [l-1:housekeeper] com.zaxxer.hikari.pool.HikariPool        : HikariPool-1 - keepalive: connection org.postgresql.jdbc.PgConnection@4591ee06 is alive
2025-10-14T20:26:35.307+05:30 DEBUG 2988 --- [midtier] [l-1:housekeeper] com.zaxxer.hikari.pool.HikariPool        : HikariPool-1 - Pool stats (total=10/10, idle=10/10, active=0, waiting=0)
2025-10-14T20:26:35.307+05:30 DEBUG 2988 --- [midtier] [l-1:housekeeper] com.zaxxer.hikari.pool.HikariPool        : HikariPool-1 - Fill pool skipped, pool has sufficient level or currently being filled.
2025-10-14T20:26:35.591+05:30 DEBUG 2988 --- [midtier] [l-1:housekeeper] com.zaxxer.hikari.pool.HikariPool        : HikariPool-1 - keepalive: connection org.postgresql.jdbc.PgConnection@52318919 is alive
2025-10-14T20:26:55.659+05:30 DEBUG 2988 --- [midtier] [l-1:housekeeper] com.zaxxer.hikari.pool.HikariPool        : HikariPool-1 - keepalive: connection org.postgresql.jdbc.PgConnection@64b5f69d is alive
2025-10-14T20:27:00.659+05:30 DEBUG 2988 --- [midtier] [l-1:housekeeper] com.zaxxer.hikari.pool.HikariPool        : HikariPool-1 - keepalive: connection org.postgresql.jdbc.PgConnection@7865b9cf is alive
2025-10-14T20:27:05.308+05:30 DEBUG 2988 --- [midtier] [l-1:housekeeper] com.zaxxer.hikari.pool.HikariPool        : HikariPool-1 - Pool stats (total=10/10, idle=10/10, active=0, waiting=0)
2025-10-14T20:27:05.310+05:30 DEBUG 2988 --- [midtier] [l-1:housekeeper] com.zaxxer.hikari.pool.HikariPool        : HikariPool-1 - Fill pool skipped, pool has sufficient level or currently being filled.
2025-10-14T20:27:14.109+05:30 DEBUG 2988 --- [midtier] [l-1:housekeeper] com.zaxxer.hikari.pool.HikariPool        : HikariPool-1 - keepalive: connection org.postgresql.jdbc.PgConnection@3c1134fb is alive
2025-10-14T20:27:14.164+05:30 DEBUG 2988 --- [midtier] [l-1:housekeeper] com.zaxxer.hikari.pool.HikariPool        : HikariPool-1 - keepalive: connection org.postgresql.jdbc.PgConnection@588c7b59 is alive
2025-10-14T20:27:26.221+05:30 DEBUG 2988 --- [midtier] [l-1:housekeeper] com.zaxxer.hikari.pool.HikariPool        : HikariPool-1 - keepalive: connection org.postgresql.jdbc.PgConnection@24c64d00 is alive
2025-10-14T20:27:35.314+05:30 DEBUG 2988 --- [midtier] [l-1:housekeeper] com.zaxxer.hikari.pool.HikariPool        : HikariPool-1 - Pool stats (total=10/10, idle=10/10, active=0, waiting=0)
2025-10-14T20:27:35.314+05:30 DEBUG 2988 --- [midtier] [l-1:housekeeper] com.zaxxer.hikari.pool.HikariPool        : HikariPool-1 - Fill pool skipped, pool has sufficient level or currently being filled.
2025-10-14T20:27:43.640+05:30 DEBUG 2988 --- [midtier] [l-1:housekeeper] com.zaxxer.hikari.pool.HikariPool        : HikariPool-1 - keepalive: connection org.postgresql.jdbc.PgConnection@2e5db068 is alive
2025-10-14T20:27:48.276+05:30 DEBUG 2988 --- [midtier] [l-1:housekeeper] com.zaxxer.hikari.pool.HikariPool        : HikariPool-1 - keepalive: connection org.postgresql.jdbc.PgConnection@16e6638d is alive
2025-10-14T20:27:50.150+05:30 DEBUG 2988 --- [midtier] [l-1:housekeeper] com.zaxxer.hikari.pool.HikariPool        : HikariPool-1 - keepalive: connection org.postgresql.jdbc.PgConnection@146204ff is alive
2025-10-14T20:28:05.320+05:30 DEBUG 2988 --- [midtier] [l-1:housekeeper] com.zaxxer.hikari.pool.HikariPool        : HikariPool-1 - Pool stats (total=10/10, idle=10/10, active=0, waiting=0)
2025-10-14T20:28:05.320+05:30 DEBUG 2988 --- [midtier] [l-1:housekeeper] com.zaxxer.hikari.pool.HikariPool        : HikariPool-1 - Fill pool skipped, pool has sufficient level or currently being filled.
2025-10-14T20:28:21.354+05:30 DEBUG 2988 --- [midtier] [l-1:housekeeper] com.zaxxer.hikari.pool.HikariPool        : HikariPool-1 - keepalive: connection org.postgresql.jdbc.PgConnection@4591ee06 is alive
2025-10-14T20:28:28.958+05:30 DEBUG 2988 --- [midtier] [l-1:housekeeper] com.zaxxer.hikari.pool.HikariPool        : HikariPool-1 - keepalive: connection org.postgresql.jdbc.PgConnection@52318919 is alive
2025-10-14T20:28:35.325+05:30 DEBUG 2988 --- [midtier] [l-1:housekeeper] com.zaxxer.hikari.pool.HikariPool        : HikariPool-1 - Pool stats (total=10/10, idle=10/10, active=0, waiting=0)
2025-10-14T20:28:35.325+05:30 DEBUG 2988 --- [midtier] [l-1:housekeeper] com.zaxxer.hikari.pool.HikariPool        : HikariPool-1 - Fill pool skipped, pool has sufficient level or currently being filled.
2025-10-14T20:28:44.357+05:30 DEBUG 2988 --- [midtier] [l-1:housekeeper] com.zaxxer.hikari.pool.HikariPool        : HikariPool-1 - keepalive: connection org.postgresql.jdbc.PgConnection@7865b9cf is alive
2025-10-14T20:28:54.740+05:30 DEBUG 2988 --- [midtier] [l-1:housekeeper] com.zaxxer.hikari.pool.HikariPool        : HikariPool-1 - keepalive: connection org.postgresql.jdbc.PgConnection@64b5f69d is alive
2025-10-14T20:29:05.330+05:30 DEBUG 2988 --- [midtier] [l-1:housekeeper] com.zaxxer.hikari.pool.HikariPool        : HikariPool-1 - Pool stats (total=10/10, idle=10/10, active=0, waiting=0)
2025-10-14T20:29:05.330+05:30 DEBUG 2988 --- [midtier] [l-1:housekeeper] com.zaxxer.hikari.pool.HikariPool        : HikariPool-1 - Fill pool skipped, pool has sufficient level or currently being filled.
2025-10-14T20:29:08.794+05:30 DEBUG 2988 --- [midtier] [l-1:housekeeper] com.zaxxer.hikari.pool.HikariPool        : HikariPool-1 - keepalive: connection org.postgresql.jdbc.PgConnection@3c1134fb is alive
2025-10-14T20:29:12.974+05:30 DEBUG 2988 --- [midtier] [l-1:housekeeper] com.zaxxer.hikari.pool.HikariPool        : HikariPool-1 - keepalive: connection org.postgresql.jdbc.PgConnection@588c7b59 is alive
2025-10-14T20:29:21.839+05:30 DEBUG 2988 --- [midtier] [l-1:housekeeper] com.zaxxer.hikari.pool.HikariPool        : HikariPool-1 - keepalive: connection org.postgresql.jdbc.PgConnection@24c64d00 is alive
2025-10-14T20:29:33.656+05:30 DEBUG 2988 --- [midtier] [l-1:housekeeper] com.zaxxer.hikari.pool.HikariPool        : HikariPool-1 - keepalive: connection org.postgresql.jdbc.PgConnection@146204ff is alive
2025-10-14T20:29:35.332+05:30 DEBUG 2988 --- [midtier] [l-1:housekeeper] com.zaxxer.hikari.pool.HikariPool        : HikariPool-1 - Pool stats (total=10/10, idle=10/10, active=0, waiting=0)
2025-10-14T20:29:35.333+05:30 DEBUG 2988 --- [midtier] [l-1:housekeeper] com.zaxxer.hikari.pool.HikariPool        : HikariPool-1 - Fill pool skipped, pool has sufficient level or currently being filled.
2025-10-14T20:29:36.393+05:30 DEBUG 2988 --- [midtier] [l-1:housekeeper] com.zaxxer.hikari.pool.HikariPool        : HikariPool-1 - keepalive: connection org.postgresql.jdbc.PgConnection@2e5db068 is alive
2025-10-14T20:29:43.594+05:30 DEBUG 2988 --- [midtier] [l-1:housekeeper] com.zaxxer.hikari.pool.HikariPool        : HikariPool-1 - keepalive: connection org.postgresql.jdbc.PgConnection@16e6638d is alive
2025-10-14T20:30:05.334+05:30 DEBUG 2988 --- [midtier] [l-1:housekeeper] com.zaxxer.hikari.pool.HikariPool        : HikariPool-1 - Pool stats (total=10/10, idle=10/10, active=0, waiting=0)
2025-10-14T20:30:05.334+05:30 DEBUG 2988 --- [midtier] [l-1:housekeeper] com.zaxxer.hikari.pool.HikariPool        : HikariPool-1 - Fill pool skipped, pool has sufficient level or currently being filled.
2025-10-14T20:30:19.368+05:30 DEBUG 2988 --- [midtier] [l-1:housekeeper] com.zaxxer.hikari.pool.HikariPool        : HikariPool-1 - keepalive: connection org.postgresql.jdbc.PgConnection@4591ee06 is alive
2025-10-14T20:30:22.326+05:30 DEBUG 2988 --- [midtier] [l-1:housekeeper] com.zaxxer.hikari.pool.HikariPool        : HikariPool-1 - keepalive: connection org.postgresql.jdbc.PgConnection@52318919 is alive
2025-10-14T20:30:28.057+05:30 DEBUG 2988 --- [midtier] [l-1:housekeeper] com.zaxxer.hikari.pool.HikariPool        : HikariPool-1 - keepalive: connection org.postgresql.jdbc.PgConnection@7865b9cf is alive
2025-10-14T20:30:35.338+05:30 DEBUG 2988 --- [midtier] [l-1:housekeeper] com.zaxxer.hikari.pool.HikariPool        : HikariPool-1 - Pool stats (total=10/10, idle=10/10, active=0, waiting=0)
2025-10-14T20:30:35.338+05:30 DEBUG 2988 --- [midtier] [l-1:housekeeper] com.zaxxer.hikari.pool.HikariPool        : HikariPool-1 - Fill pool skipped, pool has sufficient level or currently being filled.
2025-10-14T20:30:53.826+05:30 DEBUG 2988 --- [midtier] [l-1:housekeeper] com.zaxxer.hikari.pool.HikariPool        : HikariPool-1 - keepalive: connection org.postgresql.jdbc.PgConnection@64b5f69d is alive
2025-10-14T20:31:03.476+05:30 DEBUG 2988 --- [midtier] [l-1:housekeeper] com.zaxxer.hikari.pool.HikariPool        : HikariPool-1 - keepalive: connection org.postgresql.jdbc.PgConnection@3c1134fb is alive
2025-10-14T20:31:05.343+05:30 DEBUG 2988 --- [midtier] [l-1:housekeeper] com.zaxxer.hikari.pool.HikariPool        : HikariPool-1 - Pool stats (total=10/10, idle=10/10, active=0, waiting=0)
2025-10-14T20:31:05.343+05:30 DEBUG 2988 --- [midtier] [l-1:housekeeper] com.zaxxer.hikari.pool.HikariPool        : HikariPool-1 - Fill pool skipped, pool has sufficient level or currently being filled.
2025-10-14T20:31:11.783+05:30 DEBUG 2988 --- [midtier] [l-1:housekeeper] com.zaxxer.hikari.pool.HikariPool        : HikariPool-1 - keepalive: connection org.postgresql.jdbc.PgConnection@588c7b59 is alive
2025-10-14T20:31:17.163+05:30 DEBUG 2988 --- [midtier] [l-1:housekeeper] com.zaxxer.hikari.pool.HikariPool        : HikariPool-1 - keepalive: connection org.postgresql.jdbc.PgConnection@146204ff is alive
2025-10-14T20:31:17.455+05:30 DEBUG 2988 --- [midtier] [l-1:housekeeper] com.zaxxer.hikari.pool.HikariPool        : HikariPool-1 - keepalive: connection org.postgresql.jdbc.PgConnection@24c64d00 is alive
2025-10-14T20:31:29.135+05:30 DEBUG 2988 --- [midtier] [l-1:housekeeper] com.zaxxer.hikari.pool.HikariPool        : HikariPool-1 - keepalive: connection org.postgresql.jdbc.PgConnection@2e5db068 is alive
2025-10-14T20:31:35.334+05:30 DEBUG 2988 --- [midtier] [l-1:housekeeper] com.zaxxer.hikari.pool.HikariPool        : HikariPool-1 - Pool stats (total=10/10, idle=10/10, active=0, waiting=0)
2025-10-14T20:31:35.334+05:30 DEBUG 2988 --- [midtier] [l-1:housekeeper] com.zaxxer.hikari.pool.HikariPool        : HikariPool-1 - Fill pool skipped, pool has sufficient level or currently being filled.
2025-10-14T20:31:38.899+05:30 DEBUG 2988 --- [midtier] [l-1:housekeeper] com.zaxxer.hikari.pool.HikariPool        : HikariPool-1 - keepalive: connection org.postgresql.jdbc.PgConnection@16e6638d is alive
2025-10-14T20:32:05.331+05:30 DEBUG 2988 --- [midtier] [l-1:housekeeper] com.zaxxer.hikari.pool.HikariPool        : HikariPool-1 - Pool stats (total=10/10, idle=10/10, active=0, waiting=0)
2025-10-14T20:32:05.332+05:30 DEBUG 2988 --- [midtier] [l-1:housekeeper] com.zaxxer.hikari.pool.HikariPool        : HikariPool-1 - Fill pool skipped, pool has sufficient level or currently being filled.
2025-10-14T20:32:11.742+05:30 DEBUG 2988 --- [midtier] [l-1:housekeeper] com.zaxxer.hikari.pool.HikariPool        : HikariPool-1 - keepalive: connection org.postgresql.jdbc.PgConnection@7865b9cf is alive
2025-10-14T20:32:15.678+05:30 DEBUG 2988 --- [midtier] [l-1:housekeeper] com.zaxxer.hikari.pool.HikariPool        : HikariPool-1 - keepalive: connection org.postgresql.jdbc.PgConnection@52318919 is alive
2025-10-14T20:32:17.367+05:30 DEBUG 2988 --- [midtier] [l-1:housekeeper] com.zaxxer.hikari.pool.HikariPool        : HikariPool-1 - keepalive: connection org.postgresql.jdbc.PgConnection@4591ee06 is alive
2025-10-14T20:32:35.336+05:30 DEBUG 2988 --- [midtier] [l-1:housekeeper] com.zaxxer.hikari.pool.HikariPool        : HikariPool-1 - Pool stats (total=10/10, idle=10/10, active=0, waiting=0)
2025-10-14T20:32:35.339+05:30 DEBUG 2988 --- [midtier] [l-1:housekeeper] com.zaxxer.hikari.pool.HikariPool        : HikariPool-1 - Fill pool skipped, pool has sufficient level or currently being filled.
2025-10-14T20:32:52.892+05:30 DEBUG 2988 --- [midtier] [l-1:housekeeper] com.zaxxer.hikari.pool.HikariPool        : HikariPool-1 - keepalive: connection org.postgresql.jdbc.PgConnection@64b5f69d is alive
2025-10-14T20:32:58.140+05:30 DEBUG 2988 --- [midtier] [l-1:housekeeper] com.zaxxer.hikari.pool.HikariPool        : HikariPool-1 - keepalive: connection org.postgresql.jdbc.PgConnection@3c1134fb is alive
2025-10-14T20:33:00.654+05:30 DEBUG 2988 --- [midtier] [l-1:housekeeper] com.zaxxer.hikari.pool.HikariPool        : HikariPool-1 - keepalive: connection org.postgresql.jdbc.PgConnection@146204ff is alive
2025-10-14T20:33:05.346+05:30 DEBUG 2988 --- [midtier] [l-1:housekeeper] com.zaxxer.hikari.pool.HikariPool        : HikariPool-1 - Pool stats (total=10/10, idle=10/10, active=0, waiting=0)
2025-10-14T20:33:05.348+05:30 DEBUG 2988 --- [midtier] [l-1:housekeeper] com.zaxxer.hikari.pool.HikariPool        : HikariPool-1 - Fill pool skipped, pool has sufficient level or currently being filled.
2025-10-14T20:33:10.576+05:30 DEBUG 2988 --- [midtier] [l-1:housekeeper] com.zaxxer.hikari.pool.HikariPool        : HikariPool-1 - keepalive: connection org.postgresql.jdbc.PgConnection@588c7b59 is alive
2025-10-14T20:33:13.060+05:30 DEBUG 2988 --- [midtier] [l-1:housekeeper] com.zaxxer.hikari.pool.HikariPool        : HikariPool-1 - keepalive: connection org.postgresql.jdbc.PgConnection@24c64d00 is alive
2025-10-14T20:33:21.881+05:30 DEBUG 2988 --- [midtier] [l-1:housekeeper] com.zaxxer.hikari.pool.HikariPool        : HikariPool-1 - keepalive: connection org.postgresql.jdbc.PgConnection@2e5db068 is alive
2025-10-14T20:33:34.219+05:30 DEBUG 2988 --- [midtier] [l-1:housekeeper] com.zaxxer.hikari.pool.HikariPool        : HikariPool-1 - keepalive: connection org.postgresql.jdbc.PgConnection@16e6638d is alive
2025-10-14T20:33:35.354+05:30 DEBUG 2988 --- [midtier] [l-1:housekeeper] com.zaxxer.hikari.pool.HikariPool        : HikariPool-1 - Pool stats (total=10/10, idle=10/10, active=0, waiting=0)
2025-10-14T20:33:35.354+05:30 DEBUG 2988 --- [midtier] [l-1:housekeeper] com.zaxxer.hikari.pool.HikariPool        : HikariPool-1 - Fill pool skipped, pool has sufficient level or currently being filled.
2025-10-14T20:33:44.086+05:30 DEBUG 2988 --- [midtier] [nnection-closer] com.zaxxer.hikari.pool.PoolBase          : HikariPool-1 - Closing connection org.postgresql.jdbc.PgConnection@588c7b59: (connection has passed maxLifetime)
2025-10-14T20:33:44.093+05:30 DEBUG 2988 --- [midtier] [onnection-adder] com.zaxxer.hikari.pool.PoolBase          : HikariPool-1 - Attempting to create/setup new connection (abf1baa1-57f8-4369-8725-8789d6674c66)
2025-10-14T20:33:44.138+05:30 DEBUG 2988 --- [midtier] [onnection-adder] com.zaxxer.hikari.pool.PoolBase          : HikariPool-1 - Established new connection (abf1baa1-57f8-4369-8725-8789d6674c66)
2025-10-14T20:33:44.138+05:30 DEBUG 2988 --- [midtier] [onnection-adder] com.zaxxer.hikari.pool.HikariPool        : HikariPool-1 - Added connection org.postgresql.jdbc.PgConnection@774d9bf2
2025-10-14T20:33:55.441+05:30 DEBUG 2988 --- [midtier] [l-1:housekeeper] com.zaxxer.hikari.pool.HikariPool        : HikariPool-1 - keepalive: connection org.postgresql.jdbc.PgConnection@7865b9cf is alive
2025-10-14T20:34:05.356+05:30 DEBUG 2988 --- [midtier] [l-1:housekeeper] com.zaxxer.hikari.pool.HikariPool        : HikariPool-1 - Pool stats (total=10/10, idle=10/10, active=0, waiting=0)
2025-10-14T20:34:05.357+05:30 DEBUG 2988 --- [midtier] [l-1:housekeeper] com.zaxxer.hikari.pool.HikariPool        : HikariPool-1 - Fill pool skipped, pool has sufficient level or currently being filled.
2025-10-14T20:34:09.048+05:30 DEBUG 2988 --- [midtier] [l-1:housekeeper] com.zaxxer.hikari.pool.HikariPool        : HikariPool-1 - keepalive: connection org.postgresql.jdbc.PgConnection@52318919 is alive
2025-10-14T20:34:15.380+05:30 DEBUG 2988 --- [midtier] [l-1:housekeeper] com.zaxxer.hikari.pool.HikariPool        : HikariPool-1 - keepalive: connection org.postgresql.jdbc.PgConnection@4591ee06 is alive
2025-10-14T20:34:35.358+05:30 DEBUG 2988 --- [midtier] [l-1:housekeeper] com.zaxxer.hikari.pool.HikariPool        : HikariPool-1 - Pool stats (total=10/10, idle=10/10, active=0, waiting=0)
2025-10-14T20:34:35.358+05:30 DEBUG 2988 --- [midtier] [l-1:housekeeper] com.zaxxer.hikari.pool.HikariPool        : HikariPool-1 - Fill pool skipped, pool has sufficient level or currently being filled.
2025-10-14T20:34:44.164+05:30 DEBUG 2988 --- [midtier] [l-1:housekeeper] com.zaxxer.hikari.pool.HikariPool        : HikariPool-1 - keepalive: connection org.postgresql.jdbc.PgConnection@146204ff is alive
2025-10-14T20:34:51.974+05:30 DEBUG 2988 --- [midtier] [l-1:housekeeper] com.zaxxer.hikari.pool.HikariPool        : HikariPool-1 - keepalive: connection org.postgresql.jdbc.PgConnection@64b5f69d is alive
2025-10-14T20:34:52.821+05:30 DEBUG 2988 --- [midtier] [l-1:housekeeper] com.zaxxer.hikari.pool.HikariPool        : HikariPool-1 - keepalive: connection org.postgresql.jdbc.PgConnection@3c1134fb is alive
2025-10-14T20:35:05.359+05:30 DEBUG 2988 --- [midtier] [l-1:housekeeper] com.zaxxer.hikari.pool.HikariPool        : HikariPool-1 - Pool stats (total=10/10, idle=10/10, active=0, waiting=0)
2025-10-14T20:35:05.359+05:30 DEBUG 2988 --- [midtier] [l-1:housekeeper] com.zaxxer.hikari.pool.HikariPool        : HikariPool-1 - Fill pool skipped, pool has sufficient level or currently being filled.
2025-10-14T20:35:08.678+05:30 DEBUG 2988 --- [midtier] [l-1:housekeeper] com.zaxxer.hikari.pool.HikariPool        : HikariPool-1 - keepalive: connection org.postgresql.jdbc.PgConnection@24c64d00 is alive
2025-10-14T20:35:14.633+05:30 DEBUG 2988 --- [midtier] [l-1:housekeeper] com.zaxxer.hikari.pool.HikariPool        : HikariPool-1 - keepalive: connection org.postgresql.jdbc.PgConnection@2e5db068 is alive
2025-10-14T20:35:29.542+05:30 DEBUG 2988 --- [midtier] [l-1:housekeeper] com.zaxxer.hikari.pool.HikariPool        : HikariPool-1 - keepalive: connection org.postgresql.jdbc.PgConnection@16e6638d is alive
2025-10-14T20:35:35.363+05:30 DEBUG 2988 --- [midtier] [l-1:housekeeper] com.zaxxer.hikari.pool.HikariPool        : HikariPool-1 - Pool stats (total=10/10, idle=10/10, active=0, waiting=0)
2025-10-14T20:35:35.363+05:30 DEBUG 2988 --- [midtier] [l-1:housekeeper] com.zaxxer.hikari.pool.HikariPool        : HikariPool-1 - Fill pool skipped, pool has sufficient level or currently being filled.
2025-10-14T20:35:39.139+05:30 DEBUG 2988 --- [midtier] [l-1:housekeeper] com.zaxxer.hikari.pool.HikariPool        : HikariPool-1 - keepalive: connection org.postgresql.jdbc.PgConnection@7865b9cf is alive
2025-10-14T20:35:42.084+05:30 DEBUG 2988 --- [midtier] [l-1:housekeeper] com.zaxxer.hikari.pool.HikariPool        : HikariPool-1 - keepalive: connection org.postgresql.jdbc.PgConnection@774d9bf2 is alive
2025-10-14T20:36:02.419+05:30 DEBUG 2988 --- [midtier] [l-1:housekeeper] com.zaxxer.hikari.pool.HikariPool        : HikariPool-1 - keepalive: connection org.postgresql.jdbc.PgConnection@52318919 is alive
2025-10-14T20:36:05.369+05:30 DEBUG 2988 --- [midtier] [l-1:housekeeper] com.zaxxer.hikari.pool.HikariPool        : HikariPool-1 - Pool stats (total=10/10, idle=10/10, active=0, waiting=0)
2025-10-14T20:36:05.369+05:30 DEBUG 2988 --- [midtier] [l-1:housekeeper] com.zaxxer.hikari.pool.HikariPool        : HikariPool-1 - Fill pool skipped, pool has sufficient level or currently being filled.
2025-10-14T20:36:13.394+05:30 DEBUG 2988 --- [midtier] [l-1:housekeeper] com.zaxxer.hikari.pool.HikariPool        : HikariPool-1 - keepalive: connection org.postgresql.jdbc.PgConnection@4591ee06 is alive
2025-10-14T20:36:27.674+05:30 DEBUG 2988 --- [midtier] [l-1:housekeeper] com.zaxxer.hikari.pool.HikariPool        : HikariPool-1 - keepalive: connection org.postgresql.jdbc.PgConnection@146204ff is alive
2025-10-14T20:36:35.374+05:30 DEBUG 2988 --- [midtier] [l-1:housekeeper] com.zaxxer.hikari.pool.HikariPool        : HikariPool-1 - Pool stats (total=10/10, idle=10/10, active=0, waiting=0)
2025-10-14T20:36:35.374+05:30 DEBUG 2988 --- [midtier] [l-1:housekeeper] com.zaxxer.hikari.pool.HikariPool        : HikariPool-1 - Fill pool skipped, pool has sufficient level or currently being filled.
2025-10-14T20:36:47.500+05:30 DEBUG 2988 --- [midtier] [l-1:housekeeper] com.zaxxer.hikari.pool.HikariPool        : HikariPool-1 - keepalive: connection org.postgresql.jdbc.PgConnection@3c1134fb is alive
2025-10-14T20:36:49.154+05:30 DEBUG 2988 --- [midtier] [nnection-closer] com.zaxxer.hikari.pool.PoolBase          : HikariPool-1 - Closing connection org.postgresql.jdbc.PgConnection@52318919: (connection has passed maxLifetime)
2025-10-14T20:36:49.155+05:30 DEBUG 2988 --- [midtier] [onnection-adder] com.zaxxer.hikari.pool.PoolBase          : HikariPool-1 - Attempting to create/setup new connection (47a9e920-e49d-4305-8b78-6be0cb101c36)
2025-10-14T20:36:49.191+05:30 DEBUG 2988 --- [midtier] [onnection-adder] com.zaxxer.hikari.pool.PoolBase          : HikariPool-1 - Established new connection (47a9e920-e49d-4305-8b78-6be0cb101c36)
2025-10-14T20:36:49.191+05:30 DEBUG 2988 --- [midtier] [onnection-adder] com.zaxxer.hikari.pool.HikariPool        : HikariPool-1 - Added connection org.postgresql.jdbc.PgConnection@a959f41
2025-10-14T20:36:51.056+05:30 DEBUG 2988 --- [midtier] [l-1:housekeeper] com.zaxxer.hikari.pool.HikariPool        : HikariPool-1 - keepalive: connection org.postgresql.jdbc.PgConnection@64b5f69d is alive
2025-10-14T20:37:04.295+05:30 DEBUG 2988 --- [midtier] [l-1:housekeeper] com.zaxxer.hikari.pool.HikariPool        : HikariPool-1 - keepalive: connection org.postgresql.jdbc.PgConnection@24c64d00 is alive
2025-10-14T20:37:05.380+05:30 DEBUG 2988 --- [midtier] [l-1:housekeeper] com.zaxxer.hikari.pool.HikariPool        : HikariPool-1 - Pool stats (total=10/10, idle=10/10, active=0, waiting=0)
2025-10-14T20:37:05.381+05:30 DEBUG 2988 --- [midtier] [l-1:housekeeper] com.zaxxer.hikari.pool.HikariPool        : HikariPool-1 - Fill pool skipped, pool has sufficient level or currently being filled.
2025-10-14T20:37:07.387+05:30 DEBUG 2988 --- [midtier] [l-1:housekeeper] com.zaxxer.hikari.pool.HikariPool        : HikariPool-1 - keepalive: connection org.postgresql.jdbc.PgConnection@2e5db068 is alive
2025-10-14T20:37:22.838+05:30 DEBUG 2988 --- [midtier] [l-1:housekeeper] com.zaxxer.hikari.pool.HikariPool        : HikariPool-1 - keepalive: connection org.postgresql.jdbc.PgConnection@7865b9cf is alive
2025-10-14T20:37:24.863+05:30 DEBUG 2988 --- [midtier] [l-1:housekeeper] com.zaxxer.hikari.pool.HikariPool        : HikariPool-1 - keepalive: connection org.postgresql.jdbc.PgConnection@16e6638d is alive
2025-10-14T20:37:35.387+05:30 DEBUG 2988 --- [midtier] [l-1:housekeeper] com.zaxxer.hikari.pool.HikariPool        : HikariPool-1 - Pool stats (total=10/10, idle=10/10, active=0, waiting=0)
2025-10-14T20:37:35.387+05:30 DEBUG 2988 --- [midtier] [l-1:housekeeper] com.zaxxer.hikari.pool.HikariPool        : HikariPool-1 - Fill pool skipped, pool has sufficient level or currently being filled.
2025-10-14T20:37:40.029+05:30 DEBUG 2988 --- [midtier] [l-1:housekeeper] com.zaxxer.hikari.pool.HikariPool        : HikariPool-1 - keepalive: connection org.postgresql.jdbc.PgConnection@774d9bf2 is alive
2025-10-14T20:38:05.383+05:30 DEBUG 2988 --- [midtier] [l-1:housekeeper] com.zaxxer.hikari.pool.HikariPool        : HikariPool-1 - Pool stats (total=10/10, idle=10/10, active=0, waiting=0)
2025-10-14T20:38:05.388+05:30 DEBUG 2988 --- [midtier] [l-1:housekeeper] com.zaxxer.hikari.pool.HikariPool        : HikariPool-1 - Fill pool skipped, pool has sufficient level or currently being filled.
2025-10-14T20:38:11.175+05:30 DEBUG 2988 --- [midtier] [l-1:housekeeper] com.zaxxer.hikari.pool.HikariPool        : HikariPool-1 - keepalive: connection org.postgresql.jdbc.PgConnection@146204ff is alive
2025-10-14T20:38:11.402+05:30 DEBUG 2988 --- [midtier] [l-1:housekeeper] com.zaxxer.hikari.pool.HikariPool        : HikariPool-1 - keepalive: connection org.postgresql.jdbc.PgConnection@4591ee06 is alive
2025-10-14T20:38:33.622+05:30 DEBUG 2988 --- [midtier] [l-1:housekeeper] com.zaxxer.hikari.pool.HikariPool        : HikariPool-1 - keepalive: connection org.postgresql.jdbc.PgConnection@a959f41 is alive
2025-10-14T20:38:35.390+05:30 DEBUG 2988 --- [midtier] [l-1:housekeeper] com.zaxxer.hikari.pool.HikariPool        : HikariPool-1 - Pool stats (total=10/10, idle=10/10, active=0, waiting=0)
2025-10-14T20:38:35.390+05:30 DEBUG 2988 --- [midtier] [l-1:housekeeper] com.zaxxer.hikari.pool.HikariPool        : HikariPool-1 - Fill pool skipped, pool has sufficient level or currently being filled.
2025-10-14T20:38:42.174+05:30 DEBUG 2988 --- [midtier] [l-1:housekeeper] com.zaxxer.hikari.pool.HikariPool        : HikariPool-1 - keepalive: connection org.postgresql.jdbc.PgConnection@3c1134fb is alive
2025-10-14T20:38:50.127+05:30 DEBUG 2988 --- [midtier] [l-1:housekeeper] com.zaxxer.hikari.pool.HikariPool        : HikariPool-1 - keepalive: connection org.postgresql.jdbc.PgConnection@64b5f69d is alive
2025-10-14T20:38:59.903+05:30 DEBUG 2988 --- [midtier] [l-1:housekeeper] com.zaxxer.hikari.pool.HikariPool        : HikariPool-1 - keepalive: connection org.postgresql.jdbc.PgConnection@24c64d00 is alive
2025-10-14T20:39:00.135+05:30 DEBUG 2988 --- [midtier] [l-1:housekeeper] com.zaxxer.hikari.pool.HikariPool        : HikariPool-1 - keepalive: connection org.postgresql.jdbc.PgConnection@2e5db068 is alive
2025-10-14T20:39:05.391+05:30 DEBUG 2988 --- [midtier] [l-1:housekeeper] com.zaxxer.hikari.pool.HikariPool        : HikariPool-1 - Pool stats (total=10/10, idle=10/10, active=0, waiting=0)
2025-10-14T20:39:05.391+05:30 DEBUG 2988 --- [midtier] [l-1:housekeeper] com.zaxxer.hikari.pool.HikariPool        : HikariPool-1 - Fill pool skipped, pool has sufficient level or currently being filled.
2025-10-14T20:39:06.527+05:30 DEBUG 2988 --- [midtier] [l-1:housekeeper] com.zaxxer.hikari.pool.HikariPool        : HikariPool-1 - keepalive: connection org.postgresql.jdbc.PgConnection@7865b9cf is alive
2025-10-14T20:39:20.178+05:30 DEBUG 2988 --- [midtier] [l-1:housekeeper] com.zaxxer.hikari.pool.HikariPool        : HikariPool-1 - keepalive: connection org.postgresql.jdbc.PgConnection@16e6638d is alive
2025-10-14T20:39:35.397+05:30 DEBUG 2988 --- [midtier] [l-1:housekeeper] com.zaxxer.hikari.pool.HikariPool        : HikariPool-1 - Pool stats (total=10/10, idle=10/10, active=0, waiting=0)
2025-10-14T20:39:35.397+05:30 DEBUG 2988 --- [midtier] [l-1:housekeeper] com.zaxxer.hikari.pool.HikariPool        : HikariPool-1 - Fill pool skipped, pool has sufficient level or currently being filled.
2025-10-14T20:39:37.964+05:30 DEBUG 2988 --- [midtier] [l-1:housekeeper] com.zaxxer.hikari.pool.HikariPool        : HikariPool-1 - keepalive: connection org.postgresql.jdbc.PgConnection@774d9bf2 is alive
2025-10-14T20:39:54.680+05:30 DEBUG 2988 --- [midtier] [l-1:housekeeper] com.zaxxer.hikari.pool.HikariPool        : HikariPool-1 - keepalive: connection org.postgresql.jdbc.PgConnection@146204ff is alive
2025-10-14T20:40:05.403+05:30 DEBUG 2988 --- [midtier] [l-1:housekeeper] com.zaxxer.hikari.pool.HikariPool        : HikariPool-1 - Pool stats (total=10/10, idle=10/10, active=0, waiting=0)
2025-10-14T20:40:05.403+05:30 DEBUG 2988 --- [midtier] [l-1:housekeeper] com.zaxxer.hikari.pool.HikariPool        : HikariPool-1 - Fill pool skipped, pool has sufficient level or currently being filled.
2025-10-14T20:40:09.412+05:30 DEBUG 2988 --- [midtier] [l-1:housekeeper] com.zaxxer.hikari.pool.HikariPool        : HikariPool-1 - keepalive: connection org.postgresql.jdbc.PgConnection@4591ee06 is alive
2025-10-14T20:40:18.062+05:30 DEBUG 2988 --- [midtier] [l-1:housekeeper] com.zaxxer.hikari.pool.HikariPool        : HikariPool-1 - keepalive: connection org.postgresql.jdbc.PgConnection@a959f41 is alive
2025-10-14T20:40:35.407+05:30 DEBUG 2988 --- [midtier] [l-1:housekeeper] com.zaxxer.hikari.pool.HikariPool        : HikariPool-1 - Pool stats (total=10/10, idle=10/10, active=0, waiting=0)
2025-10-14T20:40:35.407+05:30 DEBUG 2988 --- [midtier] [l-1:housekeeper] com.zaxxer.hikari.pool.HikariPool        : HikariPool-1 - Fill pool skipped, pool has sufficient level or currently being filled.
2025-10-14T20:40:36.855+05:30 DEBUG 2988 --- [midtier] [l-1:housekeeper] com.zaxxer.hikari.pool.HikariPool        : HikariPool-1 - keepalive: connection org.postgresql.jdbc.PgConnection@3c1134fb is alive
2025-10-14T20:40:37.193+05:30 DEBUG 2988 --- [midtier] [nnection-closer] com.zaxxer.hikari.pool.PoolBase          : HikariPool-1 - Closing connection org.postgresql.jdbc.PgConnection@2e5db068: (connection has passed maxLifetime)
2025-10-14T20:40:37.203+05:30 DEBUG 2988 --- [midtier] [onnection-adder] com.zaxxer.hikari.pool.PoolBase          : HikariPool-1 - Attempting to create/setup new connection (f2d0360b-5c2c-405c-8ade-6fa6e954f021)
2025-10-14T20:40:37.231+05:30 DEBUG 2988 --- [midtier] [onnection-adder] com.zaxxer.hikari.pool.PoolBase          : HikariPool-1 - Established new connection (f2d0360b-5c2c-405c-8ade-6fa6e954f021)
2025-10-14T20:40:37.231+05:30 DEBUG 2988 --- [midtier] [onnection-adder] com.zaxxer.hikari.pool.HikariPool        : HikariPool-1 - Added connection org.postgresql.jdbc.PgConnection@62f1e446
2025-10-14T20:40:49.212+05:30 DEBUG 2988 --- [midtier] [l-1:housekeeper] com.zaxxer.hikari.pool.HikariPool        : HikariPool-1 - keepalive: connection org.postgresql.jdbc.PgConnection@64b5f69d is alive
2025-10-14T20:40:50.225+05:30 DEBUG 2988 --- [midtier] [l-1:housekeeper] com.zaxxer.hikari.pool.HikariPool        : HikariPool-1 - keepalive: connection org.postgresql.jdbc.PgConnection@7865b9cf is alive
2025-10-14T20:40:55.522+05:30 DEBUG 2988 --- [midtier] [l-1:housekeeper] com.zaxxer.hikari.pool.HikariPool        : HikariPool-1 - keepalive: connection org.postgresql.jdbc.PgConnection@24c64d00 is alive
2025-10-14T20:40:56.538+05:30 DEBUG 2988 --- [midtier] [nnection-closer] com.zaxxer.hikari.pool.PoolBase          : HikariPool-1 - Closing connection org.postgresql.jdbc.PgConnection@64b5f69d: (connection has passed maxLifetime)
2025-10-14T20:40:56.538+05:30 DEBUG 2988 --- [midtier] [onnection-adder] com.zaxxer.hikari.pool.PoolBase          : HikariPool-1 - Attempting to create/setup new connection (dd86859f-7280-4d7b-b4c0-1ca7af67a931)
2025-10-14T20:40:56.558+05:30 DEBUG 2988 --- [midtier] [onnection-adder] com.zaxxer.hikari.pool.PoolBase          : HikariPool-1 - Established new connection (dd86859f-7280-4d7b-b4c0-1ca7af67a931)
2025-10-14T20:40:56.558+05:30 DEBUG 2988 --- [midtier] [onnection-adder] com.zaxxer.hikari.pool.HikariPool        : HikariPool-1 - Added connection org.postgresql.jdbc.PgConnection@14a0e377
2025-10-14T20:41:05.413+05:30 DEBUG 2988 --- [midtier] [l-1:housekeeper] com.zaxxer.hikari.pool.HikariPool        : HikariPool-1 - Pool stats (total=10/10, idle=10/10, active=0, waiting=0)
2025-10-14T20:41:05.414+05:30 DEBUG 2988 --- [midtier] [l-1:housekeeper] com.zaxxer.hikari.pool.HikariPool        : HikariPool-1 - Fill pool skipped, pool has sufficient level or currently being filled.
2025-10-14T20:41:15.496+05:30 DEBUG 2988 --- [midtier] [l-1:housekeeper] com.zaxxer.hikari.pool.HikariPool        : HikariPool-1 - keepalive: connection org.postgresql.jdbc.PgConnection@16e6638d is alive
2025-10-14T20:41:35.419+05:30 DEBUG 2988 --- [midtier] [l-1:housekeeper] com.zaxxer.hikari.pool.HikariPool        : HikariPool-1 - Pool stats (total=10/10, idle=10/10, active=0, waiting=0)
2025-10-14T20:41:35.419+05:30 DEBUG 2988 --- [midtier] [l-1:housekeeper] com.zaxxer.hikari.pool.HikariPool        : HikariPool-1 - Fill pool skipped, pool has sufficient level or currently being filled.
2025-10-14T20:41:35.860+05:30 DEBUG 2988 --- [midtier] [nnection-closer] com.zaxxer.hikari.pool.PoolBase          : HikariPool-1 - Closing connection org.postgresql.jdbc.PgConnection@146204ff: (connection has passed maxLifetime)
2025-10-14T20:41:35.862+05:30 DEBUG 2988 --- [midtier] [onnection-adder] com.zaxxer.hikari.pool.PoolBase          : HikariPool-1 - Attempting to create/setup new connection (e60b7135-65a7-49d2-a250-4a96fa9945ca)
2025-10-14T20:41:35.888+05:30 DEBUG 2988 --- [midtier] [onnection-adder] com.zaxxer.hikari.pool.PoolBase          : HikariPool-1 - Established new connection (e60b7135-65a7-49d2-a250-4a96fa9945ca)
2025-10-14T20:41:35.888+05:30 DEBUG 2988 --- [midtier] [onnection-adder] com.zaxxer.hikari.pool.HikariPool        : HikariPool-1 - Added connection org.postgresql.jdbc.PgConnection@1b660ade
2025-10-14T20:41:35.912+05:30 DEBUG 2988 --- [midtier] [l-1:housekeeper] com.zaxxer.hikari.pool.HikariPool        : HikariPool-1 - keepalive: connection org.postgresql.jdbc.PgConnection@774d9bf2 is alive
2025-10-14T20:41:51.357+05:30 DEBUG 2988 --- [midtier] [nnection-closer] com.zaxxer.hikari.pool.PoolBase          : HikariPool-1 - Closing connection org.postgresql.jdbc.PgConnection@4591ee06: (connection has passed maxLifetime)
2025-10-14T20:41:51.359+05:30 DEBUG 2988 --- [midtier] [onnection-adder] com.zaxxer.hikari.pool.PoolBase          : HikariPool-1 - Attempting to create/setup new connection (86ec057d-56b5-4f67-bde7-6286e62aaf82)
2025-10-14T20:41:51.377+05:30 DEBUG 2988 --- [midtier] [onnection-adder] com.zaxxer.hikari.pool.PoolBase          : HikariPool-1 - Established new connection (86ec057d-56b5-4f67-bde7-6286e62aaf82)
2025-10-14T20:41:51.377+05:30 DEBUG 2988 --- [midtier] [onnection-adder] com.zaxxer.hikari.pool.HikariPool        : HikariPool-1 - Added connection org.postgresql.jdbc.PgConnection@bdfe7c8
2025-10-14T20:42:02.496+05:30 DEBUG 2988 --- [midtier] [l-1:housekeeper] com.zaxxer.hikari.pool.HikariPool        : HikariPool-1 - keepalive: connection org.postgresql.jdbc.PgConnection@a959f41 is alive
2025-10-14T20:42:05.418+05:30 DEBUG 2988 --- [midtier] [l-1:housekeeper] com.zaxxer.hikari.pool.HikariPool        : HikariPool-1 - Pool stats (total=10/10, idle=10/10, active=0, waiting=0)
2025-10-14T20:42:05.418+05:30 DEBUG 2988 --- [midtier] [l-1:housekeeper] com.zaxxer.hikari.pool.HikariPool        : HikariPool-1 - Fill pool skipped, pool has sufficient level or currently being filled.
2025-10-14T20:42:08.840+05:30 DEBUG 2988 --- [midtier] [nnection-closer] com.zaxxer.hikari.pool.PoolBase          : HikariPool-1 - Closing connection org.postgresql.jdbc.PgConnection@7865b9cf: (connection has passed maxLifetime)
2025-10-14T20:42:08.842+05:30 DEBUG 2988 --- [midtier] [onnection-adder] com.zaxxer.hikari.pool.PoolBase          : HikariPool-1 - Attempting to create/setup new connection (deffe30b-0d39-473b-9afb-af01aafb02b9)
2025-10-14T20:42:08.864+05:30 DEBUG 2988 --- [midtier] [onnection-adder] com.zaxxer.hikari.pool.PoolBase          : HikariPool-1 - Established new connection (deffe30b-0d39-473b-9afb-af01aafb02b9)
2025-10-14T20:42:08.864+05:30 DEBUG 2988 --- [midtier] [onnection-adder] com.zaxxer.hikari.pool.HikariPool        : HikariPool-1 - Added connection org.postgresql.jdbc.PgConnection@68ef6e10
2025-10-14T20:42:21.602+05:30 DEBUG 2988 --- [midtier] [l-1:housekeeper] com.zaxxer.hikari.pool.HikariPool        : HikariPool-1 - keepalive: connection org.postgresql.jdbc.PgConnection@62f1e446 is alive
2025-10-14T20:42:31.528+05:30 DEBUG 2988 --- [midtier] [l-1:housekeeper] com.zaxxer.hikari.pool.HikariPool        : HikariPool-1 - keepalive: connection org.postgresql.jdbc.PgConnection@3c1134fb is alive
2025-10-14T20:42:35.420+05:30 DEBUG 2988 --- [midtier] [l-1:housekeeper] com.zaxxer.hikari.pool.HikariPool        : HikariPool-1 - Pool stats (total=10/10, idle=10/10, active=0, waiting=0)
2025-10-14T20:42:35.421+05:30 DEBUG 2988 --- [midtier] [l-1:housekeeper] com.zaxxer.hikari.pool.HikariPool        : HikariPool-1 - Fill pool skipped, pool has sufficient level or currently being filled.
2025-10-14T20:42:51.135+05:30 DEBUG 2988 --- [midtier] [l-1:housekeeper] com.zaxxer.hikari.pool.HikariPool        : HikariPool-1 - keepalive: connection org.postgresql.jdbc.PgConnection@24c64d00 is alive
2025-10-14T20:42:55.735+05:30 DEBUG 2988 --- [midtier] [l-1:housekeeper] com.zaxxer.hikari.pool.HikariPool        : HikariPool-1 - keepalive: connection org.postgresql.jdbc.PgConnection@14a0e377 is alive
2025-10-14T20:43:05.426+05:30 DEBUG 2988 --- [midtier] [l-1:housekeeper] com.zaxxer.hikari.pool.HikariPool        : HikariPool-1 - Pool stats (total=10/10, idle=10/10, active=0, waiting=0)
2025-10-14T20:43:05.427+05:30 DEBUG 2988 --- [midtier] [l-1:housekeeper] com.zaxxer.hikari.pool.HikariPool        : HikariPool-1 - Fill pool skipped, pool has sufficient level or currently being filled.
2025-10-14T20:43:10.810+05:30 DEBUG 2988 --- [midtier] [l-1:housekeeper] com.zaxxer.hikari.pool.HikariPool        : HikariPool-1 - keepalive: connection org.postgresql.jdbc.PgConnection@16e6638d is alive
2025-10-14T20:43:18.643+05:30 DEBUG 2988 --- [midtier] [l-1:housekeeper] com.zaxxer.hikari.pool.HikariPool        : HikariPool-1 - keepalive: connection org.postgresql.jdbc.PgConnection@1b660ade is alive
2025-10-14T20:43:33.553+05:30 DEBUG 2988 --- [midtier] [l-1:housekeeper] com.zaxxer.hikari.pool.HikariPool        : HikariPool-1 - keepalive: connection org.postgresql.jdbc.PgConnection@bdfe7c8 is alive
2025-10-14T20:43:33.853+05:30 DEBUG 2988 --- [midtier] [l-1:housekeeper] com.zaxxer.hikari.pool.HikariPool        : HikariPool-1 - keepalive: connection org.postgresql.jdbc.PgConnection@774d9bf2 is alive
2025-10-14T20:43:35.428+05:30 DEBUG 2988 --- [midtier] [l-1:housekeeper] com.zaxxer.hikari.pool.HikariPool        : HikariPool-1 - Pool stats (total=10/10, idle=10/10, active=0, waiting=0)
2025-10-14T20:43:35.428+05:30 DEBUG 2988 --- [midtier] [l-1:housekeeper] com.zaxxer.hikari.pool.HikariPool        : HikariPool-1 - Fill pool skipped, pool has sufficient level or currently being filled.
2025-10-14T20:43:46.938+05:30 DEBUG 2988 --- [midtier] [l-1:housekeeper] com.zaxxer.hikari.pool.HikariPool        : HikariPool-1 - keepalive: connection org.postgresql.jdbc.PgConnection@a959f41 is alive
2025-10-14T20:44:02.158+05:30 DEBUG 2988 --- [midtier] [l-1:housekeeper] com.zaxxer.hikari.pool.HikariPool        : HikariPool-1 - keepalive: connection org.postgresql.jdbc.PgConnection@68ef6e10 is alive
2025-10-14T20:44:05.429+05:30 DEBUG 2988 --- [midtier] [l-1:housekeeper] com.zaxxer.hikari.pool.HikariPool        : HikariPool-1 - Pool stats (total=10/10, idle=10/10, active=0, waiting=0)
2025-10-14T20:44:05.429+05:30 DEBUG 2988 --- [midtier] [l-1:housekeeper] com.zaxxer.hikari.pool.HikariPool        : HikariPool-1 - Fill pool skipped, pool has sufficient level or currently being filled.
2025-10-14T20:44:05.979+05:30 DEBUG 2988 --- [midtier] [l-1:housekeeper] com.zaxxer.hikari.pool.HikariPool        : HikariPool-1 - keepalive: connection org.postgresql.jdbc.PgConnection@62f1e446 is alive
2025-10-14T20:44:26.212+05:30 DEBUG 2988 --- [midtier] [l-1:housekeeper] com.zaxxer.hikari.pool.HikariPool        : HikariPool-1 - keepalive: connection org.postgresql.jdbc.PgConnection@3c1134fb is alive
2025-10-14T20:44:35.434+05:30 DEBUG 2988 --- [midtier] [l-1:housekeeper] com.zaxxer.hikari.pool.HikariPool        : HikariPool-1 - Pool stats (total=10/10, idle=10/10, active=0, waiting=0)
2025-10-14T20:44:35.434+05:30 DEBUG 2988 --- [midtier] [l-1:housekeeper] com.zaxxer.hikari.pool.HikariPool        : HikariPool-1 - Fill pool skipped, pool has sufficient level or currently being filled.
2025-10-14T20:44:46.759+05:30 DEBUG 2988 --- [midtier] [l-1:housekeeper] com.zaxxer.hikari.pool.HikariPool        : HikariPool-1 - keepalive: connection org.postgresql.jdbc.PgConnection@24c64d00 is alive
2025-10-14T20:44:54.923+05:30 DEBUG 2988 --- [midtier] [l-1:housekeeper] com.zaxxer.hikari.pool.HikariPool        : HikariPool-1 - keepalive: connection org.postgresql.jdbc.PgConnection@14a0e377 is alive
2025-10-14T20:45:01.402+05:30 DEBUG 2988 --- [midtier] [l-1:housekeeper] com.zaxxer.hikari.pool.HikariPool        : HikariPool-1 - keepalive: connection org.postgresql.jdbc.PgConnection@1b660ade is alive
2025-10-14T20:45:05.439+05:30 DEBUG 2988 --- [midtier] [l-1:housekeeper] com.zaxxer.hikari.pool.HikariPool        : HikariPool-1 - Pool stats (total=10/10, idle=10/10, active=0, waiting=0)
2025-10-14T20:45:05.441+05:30 DEBUG 2988 --- [midtier] [l-1:housekeeper] com.zaxxer.hikari.pool.HikariPool        : HikariPool-1 - Fill pool skipped, pool has sufficient level or currently being filled.
2025-10-14T20:45:06.132+05:30 DEBUG 2988 --- [midtier] [l-1:housekeeper] com.zaxxer.hikari.pool.HikariPool        : HikariPool-1 - keepalive: connection org.postgresql.jdbc.PgConnection@16e6638d is alive
2025-10-14T20:45:15.730+05:30 DEBUG 2988 --- [midtier] [l-1:housekeeper] com.zaxxer.hikari.pool.HikariPool        : HikariPool-1 - keepalive: connection org.postgresql.jdbc.PgConnection@bdfe7c8 is alive
2025-10-14T20:45:31.378+05:30 DEBUG 2988 --- [midtier] [l-1:housekeeper] com.zaxxer.hikari.pool.HikariPool        : HikariPool-1 - keepalive: connection org.postgresql.jdbc.PgConnection@a959f41 is alive
2025-10-14T20:45:31.798+05:30 DEBUG 2988 --- [midtier] [l-1:housekeeper] com.zaxxer.hikari.pool.HikariPool        : HikariPool-1 - keepalive: connection org.postgresql.jdbc.PgConnection@774d9bf2 is alive
2025-10-14T20:45:35.442+05:30 DEBUG 2988 --- [midtier] [l-1:housekeeper] com.zaxxer.hikari.pool.HikariPool        : HikariPool-1 - Pool stats (total=10/10, idle=10/10, active=0, waiting=0)
2025-10-14T20:45:35.442+05:30 DEBUG 2988 --- [midtier] [l-1:housekeeper] com.zaxxer.hikari.pool.HikariPool        : HikariPool-1 - Fill pool skipped, pool has sufficient level or currently being filled.
2025-10-14T20:45:50.359+05:30 DEBUG 2988 --- [midtier] [l-1:housekeeper] com.zaxxer.hikari.pool.HikariPool        : HikariPool-1 - keepalive: connection org.postgresql.jdbc.PgConnection@62f1e446 is alive
2025-10-14T20:45:55.454+05:30 DEBUG 2988 --- [midtier] [l-1:housekeeper] com.zaxxer.hikari.pool.HikariPool        : HikariPool-1 - keepalive: connection org.postgresql.jdbc.PgConnection@68ef6e10 is alive
2025-10-14T20:46:05.445+05:30 DEBUG 2988 --- [midtier] [l-1:housekeeper] com.zaxxer.hikari.pool.HikariPool        : HikariPool-1 - Pool stats (total=10/10, idle=10/10, active=0, waiting=0)
2025-10-14T20:46:05.446+05:30 DEBUG 2988 --- [midtier] [l-1:housekeeper] com.zaxxer.hikari.pool.HikariPool        : HikariPool-1 - Fill pool skipped, pool has sufficient level or currently being filled.
2025-10-14T20:46:20.893+05:30 DEBUG 2988 --- [midtier] [l-1:housekeeper] com.zaxxer.hikari.pool.HikariPool        : HikariPool-1 - keepalive: connection org.postgresql.jdbc.PgConnection@3c1134fb is alive
2025-10-14T20:46:35.451+05:30 DEBUG 2988 --- [midtier] [l-1:housekeeper] com.zaxxer.hikari.pool.HikariPool        : HikariPool-1 - Pool stats (total=10/10, idle=10/10, active=0, waiting=0)
2025-10-14T20:46:35.452+05:30 DEBUG 2988 --- [midtier] [l-1:housekeeper] com.zaxxer.hikari.pool.HikariPool        : HikariPool-1 - Fill pool skipped, pool has sufficient level or currently being filled.
2025-10-14T20:46:42.378+05:30 DEBUG 2988 --- [midtier] [l-1:housekeeper] com.zaxxer.hikari.pool.HikariPool        : HikariPool-1 - keepalive: connection org.postgresql.jdbc.PgConnection@24c64d00 is alive
2025-10-14T20:46:44.161+05:30 DEBUG 2988 --- [midtier] [l-1:housekeeper] com.zaxxer.hikari.pool.HikariPool        : HikariPool-1 - keepalive: connection org.postgresql.jdbc.PgConnection@1b660ade is alive
2025-10-14T20:46:54.108+05:30 DEBUG 2988 --- [midtier] [l-1:housekeeper] com.zaxxer.hikari.pool.HikariPool        : HikariPool-1 - keepalive: connection org.postgresql.jdbc.PgConnection@14a0e377 is alive
2025-10-14T20:46:57.908+05:30 DEBUG 2988 --- [midtier] [l-1:housekeeper] com.zaxxer.hikari.pool.HikariPool        : HikariPool-1 - keepalive: connection org.postgresql.jdbc.PgConnection@bdfe7c8 is alive
2025-10-14T20:47:01.455+05:30 DEBUG 2988 --- [midtier] [l-1:housekeeper] com.zaxxer.hikari.pool.HikariPool        : HikariPool-1 - keepalive: connection org.postgresql.jdbc.PgConnection@16e6638d is alive
2025-10-14T20:47:05.458+05:30 DEBUG 2988 --- [midtier] [l-1:housekeeper] com.zaxxer.hikari.pool.HikariPool        : HikariPool-1 - Pool stats (total=10/10, idle=10/10, active=0, waiting=0)
2025-10-14T20:47:05.458+05:30 DEBUG 2988 --- [midtier] [l-1:housekeeper] com.zaxxer.hikari.pool.HikariPool        : HikariPool-1 - Fill pool skipped, pool has sufficient level or currently being filled.
2025-10-14T20:47:15.814+05:30 DEBUG 2988 --- [midtier] [l-1:housekeeper] com.zaxxer.hikari.pool.HikariPool        : HikariPool-1 - keepalive: connection org.postgresql.jdbc.PgConnection@a959f41 is alive
2025-10-14T20:47:29.744+05:30 DEBUG 2988 --- [midtier] [l-1:housekeeper] com.zaxxer.hikari.pool.HikariPool        : HikariPool-1 - keepalive: connection org.postgresql.jdbc.PgConnection@774d9bf2 is alive
2025-10-14T20:47:34.735+05:30 DEBUG 2988 --- [midtier] [l-1:housekeeper] com.zaxxer.hikari.pool.HikariPool        : HikariPool-1 - keepalive: connection org.postgresql.jdbc.PgConnection@62f1e446 is alive
2025-10-14T20:47:35.462+05:30 DEBUG 2988 --- [midtier] [l-1:housekeeper] com.zaxxer.hikari.pool.HikariPool        : HikariPool-1 - Pool stats (total=10/10, idle=10/10, active=0, waiting=0)
2025-10-14T20:47:35.463+05:30 DEBUG 2988 --- [midtier] [l-1:housekeeper] com.zaxxer.hikari.pool.HikariPool        : HikariPool-1 - Fill pool skipped, pool has sufficient level or currently being filled.
2025-10-14T20:47:48.750+05:30 DEBUG 2988 --- [midtier] [l-1:housekeeper] com.zaxxer.hikari.pool.HikariPool        : HikariPool-1 - keepalive: connection org.postgresql.jdbc.PgConnection@68ef6e10 is alive
2025-10-14T20:48:05.465+05:30 DEBUG 2988 --- [midtier] [l-1:housekeeper] com.zaxxer.hikari.pool.HikariPool        : HikariPool-1 - Pool stats (total=10/10, idle=10/10, active=0, waiting=0)
2025-10-14T20:48:05.466+05:30 DEBUG 2988 --- [midtier] [l-1:housekeeper] com.zaxxer.hikari.pool.HikariPool        : HikariPool-1 - Fill pool skipped, pool has sufficient level or currently being filled.
2025-10-14T20:48:10.927+05:30 DEBUG 2988 --- [midtier] [nnection-closer] com.zaxxer.hikari.pool.PoolBase          : HikariPool-1 - Closing connection org.postgresql.jdbc.PgConnection@24c64d00: (connection has passed maxLifetime)
2025-10-14T20:48:10.933+05:30 DEBUG 2988 --- [midtier] [onnection-adder] com.zaxxer.hikari.pool.PoolBase          : HikariPool-1 - Attempting to create/setup new connection (25de310b-d308-442d-8c8e-20b7ee443513)
2025-10-14T20:48:10.977+05:30 DEBUG 2988 --- [midtier] [onnection-adder] com.zaxxer.hikari.pool.PoolBase          : HikariPool-1 - Established new connection (25de310b-d308-442d-8c8e-20b7ee443513)
2025-10-14T20:48:10.977+05:30 DEBUG 2988 --- [midtier] [onnection-adder] com.zaxxer.hikari.pool.HikariPool        : HikariPool-1 - Added connection org.postgresql.jdbc.PgConnection@4e272fda
2025-10-14T20:48:15.572+05:30 DEBUG 2988 --- [midtier] [l-1:housekeeper] com.zaxxer.hikari.pool.HikariPool        : HikariPool-1 - keepalive: connection org.postgresql.jdbc.PgConnection@3c1134fb is alive
2025-10-14T20:48:26.923+05:30 DEBUG 2988 --- [midtier] [l-1:housekeeper] com.zaxxer.hikari.pool.HikariPool        : HikariPool-1 - keepalive: connection org.postgresql.jdbc.PgConnection@1b660ade is alive
2025-10-14T20:48:32.014+05:30 DEBUG 2988 --- [midtier] [nnection-closer] com.zaxxer.hikari.pool.PoolBase          : HikariPool-1 - Closing connection org.postgresql.jdbc.PgConnection@3c1134fb: (connection has passed maxLifetime)
2025-10-14T20:48:32.017+05:30 DEBUG 2988 --- [midtier] [onnection-adder] com.zaxxer.hikari.pool.PoolBase          : HikariPool-1 - Attempting to create/setup new connection (a6bf8ab8-7e62-488d-b8d0-b921a8fb3848)
2025-10-14T20:48:32.033+05:30 DEBUG 2988 --- [midtier] [onnection-adder] com.zaxxer.hikari.pool.PoolBase          : HikariPool-1 - Established new connection (a6bf8ab8-7e62-488d-b8d0-b921a8fb3848)
2025-10-14T20:48:32.033+05:30 DEBUG 2988 --- [midtier] [onnection-adder] com.zaxxer.hikari.pool.HikariPool        : HikariPool-1 - Added connection org.postgresql.jdbc.PgConnection@bca26ef
2025-10-14T20:48:35.471+05:30 DEBUG 2988 --- [midtier] [l-1:housekeeper] com.zaxxer.hikari.pool.HikariPool        : HikariPool-1 - Pool stats (total=10/10, idle=10/10, active=0, waiting=0)
2025-10-14T20:48:35.476+05:30 DEBUG 2988 --- [midtier] [l-1:housekeeper] com.zaxxer.hikari.pool.HikariPool        : HikariPool-1 - Fill pool skipped, pool has sufficient level or currently being filled.
2025-10-14T20:48:40.086+05:30 DEBUG 2988 --- [midtier] [l-1:housekeeper] com.zaxxer.hikari.pool.HikariPool        : HikariPool-1 - keepalive: connection org.postgresql.jdbc.PgConnection@bdfe7c8 is alive
2025-10-14T20:48:51.884+05:30 DEBUG 2988 --- [midtier] [nnection-closer] com.zaxxer.hikari.pool.PoolBase          : HikariPool-1 - Closing connection org.postgresql.jdbc.PgConnection@16e6638d: (connection has passed maxLifetime)
2025-10-14T20:48:51.890+05:30 DEBUG 2988 --- [midtier] [onnection-adder] com.zaxxer.hikari.pool.PoolBase          : HikariPool-1 - Attempting to create/setup new connection (00099e2e-ebe0-4415-970a-9164df0c7af2)
2025-10-14T20:48:51.919+05:30 DEBUG 2988 --- [midtier] [onnection-adder] com.zaxxer.hikari.pool.PoolBase          : HikariPool-1 - Established new connection (00099e2e-ebe0-4415-970a-9164df0c7af2)
2025-10-14T20:48:51.919+05:30 DEBUG 2988 --- [midtier] [onnection-adder] com.zaxxer.hikari.pool.HikariPool        : HikariPool-1 - Added connection org.postgresql.jdbc.PgConnection@7cf06901
2025-10-14T20:48:53.294+05:30 DEBUG 2988 --- [midtier] [l-1:housekeeper] com.zaxxer.hikari.pool.HikariPool        : HikariPool-1 - keepalive: connection org.postgresql.jdbc.PgConnection@14a0e377 is alive
2025-10-14T20:49:00.253+05:30 DEBUG 2988 --- [midtier] [l-1:housekeeper] com.zaxxer.hikari.pool.HikariPool        : HikariPool-1 - keepalive: connection org.postgresql.jdbc.PgConnection@a959f41 is alive
2025-10-14T20:49:05.482+05:30 DEBUG 2988 --- [midtier] [l-1:housekeeper] com.zaxxer.hikari.pool.HikariPool        : HikariPool-1 - Pool stats (total=10/10, idle=10/10, active=0, waiting=0)
2025-10-14T20:49:05.482+05:30 DEBUG 2988 --- [midtier] [l-1:housekeeper] com.zaxxer.hikari.pool.HikariPool        : HikariPool-1 - Fill pool skipped, pool has sufficient level or currently being filled.
2025-10-14T20:49:19.110+05:30 DEBUG 2988 --- [midtier] [l-1:housekeeper] com.zaxxer.hikari.pool.HikariPool        : HikariPool-1 - keepalive: connection org.postgresql.jdbc.PgConnection@62f1e446 is alive
2025-10-14T20:49:27.689+05:30 DEBUG 2988 --- [midtier] [l-1:housekeeper] com.zaxxer.hikari.pool.HikariPool        : HikariPool-1 - keepalive: connection org.postgresql.jdbc.PgConnection@774d9bf2 is alive
2025-10-14T20:49:35.485+05:30 DEBUG 2988 --- [midtier] [l-1:housekeeper] com.zaxxer.hikari.pool.HikariPool        : HikariPool-1 - Pool stats (total=10/10, idle=10/10, active=0, waiting=0)
2025-10-14T20:49:35.486+05:30 DEBUG 2988 --- [midtier] [l-1:housekeeper] com.zaxxer.hikari.pool.HikariPool        : HikariPool-1 - Fill pool skipped, pool has sufficient level or currently being filled.
2025-10-14T20:49:42.043+05:30 DEBUG 2988 --- [midtier] [l-1:housekeeper] com.zaxxer.hikari.pool.HikariPool        : HikariPool-1 - keepalive: connection org.postgresql.jdbc.PgConnection@68ef6e10 is alive
2025-10-14T20:50:05.491+05:30 DEBUG 2988 --- [midtier] [l-1:housekeeper] com.zaxxer.hikari.pool.HikariPool        : HikariPool-1 - Pool stats (total=10/10, idle=10/10, active=0, waiting=0)
2025-10-14T20:50:05.491+05:30 DEBUG 2988 --- [midtier] [l-1:housekeeper] com.zaxxer.hikari.pool.HikariPool        : HikariPool-1 - Fill pool skipped, pool has sufficient level or currently being filled.
2025-10-14T20:50:06.269+05:30 DEBUG 2988 --- [midtier] [l-1:housekeeper] com.zaxxer.hikari.pool.HikariPool        : HikariPool-1 - keepalive: connection org.postgresql.jdbc.PgConnection@4e272fda is alive
2025-10-14T20:50:09.684+05:30 DEBUG 2988 --- [midtier] [l-1:housekeeper] com.zaxxer.hikari.pool.HikariPool        : HikariPool-1 - keepalive: connection org.postgresql.jdbc.PgConnection@1b660ade is alive
2025-10-14T20:50:21.545+05:30 DEBUG 2988 --- [midtier] [l-1:housekeeper] com.zaxxer.hikari.pool.HikariPool        : HikariPool-1 - keepalive: connection org.postgresql.jdbc.PgConnection@bca26ef is alive
2025-10-14T20:50:22.260+05:30 DEBUG 2988 --- [midtier] [l-1:housekeeper] com.zaxxer.hikari.pool.HikariPool        : HikariPool-1 - keepalive: connection org.postgresql.jdbc.PgConnection@bdfe7c8 is alive
2025-10-14T20:50:35.496+05:30 DEBUG 2988 --- [midtier] [l-1:housekeeper] com.zaxxer.hikari.pool.HikariPool        : HikariPool-1 - Pool stats (total=10/10, idle=10/10, active=0, waiting=0)
2025-10-14T20:50:35.496+05:30 DEBUG 2988 --- [midtier] [l-1:housekeeper] com.zaxxer.hikari.pool.HikariPool        : HikariPool-1 - Fill pool skipped, pool has sufficient level or currently being filled.
2025-10-14T20:50:38.979+05:30 DEBUG 2988 --- [midtier] [l-1:housekeeper] com.zaxxer.hikari.pool.HikariPool        : HikariPool-1 - keepalive: connection org.postgresql.jdbc.PgConnection@7cf06901 is alive
2025-10-14T20:50:44.694+05:30 DEBUG 2988 --- [midtier] [l-1:housekeeper] com.zaxxer.hikari.pool.HikariPool        : HikariPool-1 - keepalive: connection org.postgresql.jdbc.PgConnection@a959f41 is alive
2025-10-14T20:50:52.477+05:30 DEBUG 2988 --- [midtier] [l-1:housekeeper] com.zaxxer.hikari.pool.HikariPool        : HikariPool-1 - keepalive: connection org.postgresql.jdbc.PgConnection@14a0e377 is alive
2025-10-14T20:51:03.488+05:30 DEBUG 2988 --- [midtier] [l-1:housekeeper] com.zaxxer.hikari.pool.HikariPool        : HikariPool-1 - keepalive: connection org.postgresql.jdbc.PgConnection@62f1e446 is alive
2025-10-14T20:51:05.499+05:30 DEBUG 2988 --- [midtier] [l-1:housekeeper] com.zaxxer.hikari.pool.HikariPool        : HikariPool-1 - Pool stats (total=10/10, idle=10/10, active=0, waiting=0)
2025-10-14T20:51:05.499+05:30 DEBUG 2988 --- [midtier] [l-1:housekeeper] com.zaxxer.hikari.pool.HikariPool        : HikariPool-1 - Fill pool skipped, pool has sufficient level or currently being filled.
2025-10-14T20:51:25.637+05:30 DEBUG 2988 --- [midtier] [l-1:housekeeper] com.zaxxer.hikari.pool.HikariPool        : HikariPool-1 - keepalive: connection org.postgresql.jdbc.PgConnection@774d9bf2 is alive
2025-10-14T20:51:35.339+05:30 DEBUG 2988 --- [midtier] [l-1:housekeeper] com.zaxxer.hikari.pool.HikariPool        : HikariPool-1 - keepalive: connection org.postgresql.jdbc.PgConnection@68ef6e10 is alive
2025-10-14T20:51:35.503+05:30 DEBUG 2988 --- [midtier] [l-1:housekeeper] com.zaxxer.hikari.pool.HikariPool        : HikariPool-1 - Pool stats (total=10/10, idle=10/10, active=0, waiting=0)
2025-10-14T20:51:35.504+05:30 DEBUG 2988 --- [midtier] [l-1:housekeeper] com.zaxxer.hikari.pool.HikariPool        : HikariPool-1 - Fill pool skipped, pool has sufficient level or currently being filled.
2025-10-14T20:51:52.445+05:30 DEBUG 2988 --- [midtier] [l-1:housekeeper] com.zaxxer.hikari.pool.HikariPool        : HikariPool-1 - keepalive: connection org.postgresql.jdbc.PgConnection@1b660ade is alive
2025-10-14T20:52:01.562+05:30 DEBUG 2988 --- [midtier] [l-1:housekeeper] com.zaxxer.hikari.pool.HikariPool        : HikariPool-1 - keepalive: connection org.postgresql.jdbc.PgConnection@4e272fda is alive
2025-10-14T20:52:04.435+05:30 DEBUG 2988 --- [midtier] [l-1:housekeeper] com.zaxxer.hikari.pool.HikariPool        : HikariPool-1 - keepalive: connection org.postgresql.jdbc.PgConnection@bdfe7c8 is alive
2025-10-14T20:52:05.506+05:30 DEBUG 2988 --- [midtier] [l-1:housekeeper] com.zaxxer.hikari.pool.HikariPool        : HikariPool-1 - Pool stats (total=10/10, idle=10/10, active=0, waiting=0)
2025-10-14T20:52:05.506+05:30 DEBUG 2988 --- [midtier] [l-1:housekeeper] com.zaxxer.hikari.pool.HikariPool        : HikariPool-1 - Fill pool skipped, pool has sufficient level or currently being filled.
2025-10-14T20:52:11.051+05:30 DEBUG 2988 --- [midtier] [l-1:housekeeper] com.zaxxer.hikari.pool.HikariPool        : HikariPool-1 - keepalive: connection org.postgresql.jdbc.PgConnection@bca26ef is alive
2025-10-14T20:52:26.031+05:30 DEBUG 2988 --- [midtier] [l-1:housekeeper] com.zaxxer.hikari.pool.HikariPool        : HikariPool-1 - keepalive: connection org.postgresql.jdbc.PgConnection@7cf06901 is alive
2025-10-14T20:52:29.118+05:30 DEBUG 2988 --- [midtier] [l-1:housekeeper] com.zaxxer.hikari.pool.HikariPool        : HikariPool-1 - keepalive: connection org.postgresql.jdbc.PgConnection@a959f41 is alive
2025-10-14T20:52:35.499+05:30 DEBUG 2988 --- [midtier] [l-1:housekeeper] com.zaxxer.hikari.pool.HikariPool        : HikariPool-1 - Pool stats (total=10/10, idle=10/10, active=0, waiting=0)
2025-10-14T20:52:35.502+05:30 DEBUG 2988 --- [midtier] [l-1:housekeeper] com.zaxxer.hikari.pool.HikariPool        : HikariPool-1 - Fill pool skipped, pool has sufficient level or currently being filled.
2025-10-14T20:52:47.851+05:30 DEBUG 2988 --- [midtier] [l-1:housekeeper] com.zaxxer.hikari.pool.HikariPool        : HikariPool-1 - keepalive: connection org.postgresql.jdbc.PgConnection@62f1e446 is alive
2025-10-14T20:52:51.648+05:30 DEBUG 2988 --- [midtier] [l-1:housekeeper] com.zaxxer.hikari.pool.HikariPool        : HikariPool-1 - keepalive: connection org.postgresql.jdbc.PgConnection@14a0e377 is alive
2025-10-14T20:53:05.502+05:30 DEBUG 2988 --- [midtier] [l-1:housekeeper] com.zaxxer.hikari.pool.HikariPool        : HikariPool-1 - Pool stats (total=10/10, idle=10/10, active=0, waiting=0)
2025-10-14T20:53:05.504+05:30 DEBUG 2988 --- [midtier] [l-1:housekeeper] com.zaxxer.hikari.pool.HikariPool        : HikariPool-1 - Fill pool skipped, pool has sufficient level or currently being filled.
2025-10-14T20:53:23.568+05:30 DEBUG 2988 --- [midtier] [l-1:housekeeper] com.zaxxer.hikari.pool.HikariPool        : HikariPool-1 - keepalive: connection org.postgresql.jdbc.PgConnection@774d9bf2 is alive
2025-10-14T20:53:28.617+05:30 DEBUG 2988 --- [midtier] [l-1:housekeeper] com.zaxxer.hikari.pool.HikariPool        : HikariPool-1 - keepalive: connection org.postgresql.jdbc.PgConnection@68ef6e10 is alive
2025-10-14T20:53:35.193+05:30 DEBUG 2988 --- [midtier] [l-1:housekeeper] com.zaxxer.hikari.pool.HikariPool        : HikariPool-1 - keepalive: connection org.postgresql.jdbc.PgConnection@1b660ade is alive
2025-10-14T20:53:35.509+05:30 DEBUG 2988 --- [midtier] [l-1:housekeeper] com.zaxxer.hikari.pool.HikariPool        : HikariPool-1 - Pool stats (total=10/10, idle=10/10, active=0, waiting=0)
2025-10-14T20:53:35.511+05:30 DEBUG 2988 --- [midtier] [l-1:housekeeper] com.zaxxer.hikari.pool.HikariPool        : HikariPool-1 - Fill pool skipped, pool has sufficient level or currently being filled.
2025-10-14T20:53:46.599+05:30 DEBUG 2988 --- [midtier] [l-1:housekeeper] com.zaxxer.hikari.pool.HikariPool        : HikariPool-1 - keepalive: connection org.postgresql.jdbc.PgConnection@bdfe7c8 is alive
2025-10-14T20:53:56.836+05:30 DEBUG 2988 --- [midtier] [l-1:housekeeper] com.zaxxer.hikari.pool.HikariPool        : HikariPool-1 - keepalive: connection org.postgresql.jdbc.PgConnection@4e272fda is alive
2025-10-14T20:54:00.555+05:30 DEBUG 2988 --- [midtier] [l-1:housekeeper] com.zaxxer.hikari.pool.HikariPool        : HikariPool-1 - keepalive: connection org.postgresql.jdbc.PgConnection@bca26ef is alive
2025-10-14T20:54:05.516+05:30 DEBUG 2988 --- [midtier] [l-1:housekeeper] com.zaxxer.hikari.pool.HikariPool        : HikariPool-1 - Pool stats (total=10/10, idle=10/10, active=0, waiting=0)
2025-10-14T20:54:05.519+05:30 DEBUG 2988 --- [midtier] [l-1:housekeeper] com.zaxxer.hikari.pool.HikariPool        : HikariPool-1 - Fill pool skipped, pool has sufficient level or currently being filled.
2025-10-14T20:54:13.089+05:30 DEBUG 2988 --- [midtier] [l-1:housekeeper] com.zaxxer.hikari.pool.HikariPool        : HikariPool-1 - keepalive: connection org.postgresql.jdbc.PgConnection@7cf06901 is alive
2025-10-14T20:54:13.556+05:30 DEBUG 2988 --- [midtier] [l-1:housekeeper] com.zaxxer.hikari.pool.HikariPool        : HikariPool-1 - keepalive: connection org.postgresql.jdbc.PgConnection@a959f41 is alive
2025-10-14T20:54:32.229+05:30 DEBUG 2988 --- [midtier] [l-1:housekeeper] com.zaxxer.hikari.pool.HikariPool        : HikariPool-1 - keepalive: connection org.postgresql.jdbc.PgConnection@62f1e446 is alive
2025-10-14T20:54:35.522+05:30 DEBUG 2988 --- [midtier] [l-1:housekeeper] com.zaxxer.hikari.pool.HikariPool        : HikariPool-1 - Pool stats (total=10/10, idle=10/10, active=0, waiting=0)
2025-10-14T20:54:35.525+05:30 DEBUG 2988 --- [midtier] [l-1:housekeeper] com.zaxxer.hikari.pool.HikariPool        : HikariPool-1 - Fill pool skipped, pool has sufficient level or currently being filled.
2025-10-14T20:54:50.830+05:30 DEBUG 2988 --- [midtier] [l-1:housekeeper] com.zaxxer.hikari.pool.HikariPool        : HikariPool-1 - keepalive: connection org.postgresql.jdbc.PgConnection@14a0e377 is alive
2025-10-14T20:55:05.528+05:30 DEBUG 2988 --- [midtier] [l-1:housekeeper] com.zaxxer.hikari.pool.HikariPool        : HikariPool-1 - Pool stats (total=10/10, idle=10/10, active=0, waiting=0)
2025-10-14T20:55:05.529+05:30 DEBUG 2988 --- [midtier] [l-1:housekeeper] com.zaxxer.hikari.pool.HikariPool        : HikariPool-1 - Fill pool skipped, pool has sufficient level or currently being filled.
2025-10-14T20:55:17.955+05:30 DEBUG 2988 --- [midtier] [l-1:housekeeper] com.zaxxer.hikari.pool.HikariPool        : HikariPool-1 - keepalive: connection org.postgresql.jdbc.PgConnection@1b660ade is alive
2025-10-14T20:55:21.513+05:30 DEBUG 2988 --- [midtier] [l-1:housekeeper] com.zaxxer.hikari.pool.HikariPool        : HikariPool-1 - keepalive: connection org.postgresql.jdbc.PgConnection@774d9bf2 is alive
2025-10-14T20:55:21.912+05:30 DEBUG 2988 --- [midtier] [l-1:housekeeper] com.zaxxer.hikari.pool.HikariPool        : HikariPool-1 - keepalive: connection org.postgresql.jdbc.PgConnection@68ef6e10 is alive
2025-10-14T20:55:28.778+05:30 DEBUG 2988 --- [midtier] [l-1:housekeeper] com.zaxxer.hikari.pool.HikariPool        : HikariPool-1 - keepalive: connection org.postgresql.jdbc.PgConnection@bdfe7c8 is alive
2025-10-14T20:55:35.534+05:30 DEBUG 2988 --- [midtier] [l-1:housekeeper] com.zaxxer.hikari.pool.HikariPool        : HikariPool-1 - Pool stats (total=10/10, idle=10/10, active=0, waiting=0)
2025-10-14T20:55:35.535+05:30 DEBUG 2988 --- [midtier] [l-1:housekeeper] com.zaxxer.hikari.pool.HikariPool        : HikariPool-1 - Fill pool skipped, pool has sufficient level or currently being filled.
2025-10-14T20:55:50.068+05:30 DEBUG 2988 --- [midtier] [l-1:housekeeper] com.zaxxer.hikari.pool.HikariPool        : HikariPool-1 - keepalive: connection org.postgresql.jdbc.PgConnection@bca26ef is alive
2025-10-14T20:55:52.128+05:30 DEBUG 2988 --- [midtier] [l-1:housekeeper] com.zaxxer.hikari.pool.HikariPool        : HikariPool-1 - keepalive: connection org.postgresql.jdbc.PgConnection@4e272fda is alive
2025-10-14T20:55:57.992+05:30 DEBUG 2988 --- [midtier] [l-1:housekeeper] com.zaxxer.hikari.pool.HikariPool        : HikariPool-1 - keepalive: connection org.postgresql.jdbc.PgConnection@a959f41 is alive
2025-10-14T20:56:00.151+05:30 DEBUG 2988 --- [midtier] [l-1:housekeeper] com.zaxxer.hikari.pool.HikariPool        : HikariPool-1 - keepalive: connection org.postgresql.jdbc.PgConnection@7cf06901 is alive
2025-10-14T20:56:05.542+05:30 DEBUG 2988 --- [midtier] [l-1:housekeeper] com.zaxxer.hikari.pool.HikariPool        : HikariPool-1 - Pool stats (total=10/10, idle=10/10, active=0, waiting=0)
2025-10-14T20:56:05.543+05:30 DEBUG 2988 --- [midtier] [l-1:housekeeper] com.zaxxer.hikari.pool.HikariPool        : HikariPool-1 - Fill pool skipped, pool has sufficient level or currently being filled.
2025-10-14T20:56:16.606+05:30 DEBUG 2988 --- [midtier] [l-1:housekeeper] com.zaxxer.hikari.pool.HikariPool        : HikariPool-1 - keepalive: connection org.postgresql.jdbc.PgConnection@62f1e446 is alive
2025-10-14T20:56:35.548+05:30 DEBUG 2988 --- [midtier] [l-1:housekeeper] com.zaxxer.hikari.pool.HikariPool        : HikariPool-1 - Pool stats (total=10/10, idle=10/10, active=0, waiting=0)
2025-10-14T20:56:35.548+05:30 DEBUG 2988 --- [midtier] [l-1:housekeeper] com.zaxxer.hikari.pool.HikariPool        : HikariPool-1 - Fill pool skipped, pool has sufficient level or currently being filled.
2025-10-14T20:56:50.016+05:30 DEBUG 2988 --- [midtier] [l-1:housekeeper] com.zaxxer.hikari.pool.HikariPool        : HikariPool-1 - keepalive: connection org.postgresql.jdbc.PgConnection@14a0e377 is alive
2025-10-14T20:57:00.719+05:30 DEBUG 2988 --- [midtier] [l-1:housekeeper] com.zaxxer.hikari.pool.HikariPool        : HikariPool-1 - keepalive: connection org.postgresql.jdbc.PgConnection@1b660ade is alive
2025-10-14T20:57:05.550+05:30 DEBUG 2988 --- [midtier] [l-1:housekeeper] com.zaxxer.hikari.pool.HikariPool        : HikariPool-1 - Pool stats (total=10/10, idle=10/10, active=0, waiting=0)
2025-10-14T20:57:05.550+05:30 DEBUG 2988 --- [midtier] [l-1:housekeeper] com.zaxxer.hikari.pool.HikariPool        : HikariPool-1 - Fill pool skipped, pool has sufficient level or currently being filled.
2025-10-14T20:57:10.956+05:30 DEBUG 2988 --- [midtier] [l-1:housekeeper] com.zaxxer.hikari.pool.HikariPool        : HikariPool-1 - keepalive: connection org.postgresql.jdbc.PgConnection@bdfe7c8 is alive
2025-10-14T20:57:15.206+05:30 DEBUG 2988 --- [midtier] [l-1:housekeeper] com.zaxxer.hikari.pool.HikariPool        : HikariPool-1 - keepalive: connection org.postgresql.jdbc.PgConnection@68ef6e10 is alive
2025-10-14T20:57:19.460+05:30 DEBUG 2988 --- [midtier] [l-1:housekeeper] com.zaxxer.hikari.pool.HikariPool        : HikariPool-1 - keepalive: connection org.postgresql.jdbc.PgConnection@774d9bf2 is alive
2025-10-14T20:57:35.553+05:30 DEBUG 2988 --- [midtier] [l-1:housekeeper] com.zaxxer.hikari.pool.HikariPool        : HikariPool-1 - Pool stats (total=10/10, idle=10/10, active=0, waiting=0)
2025-10-14T20:57:35.554+05:30 DEBUG 2988 --- [midtier] [l-1:housekeeper] com.zaxxer.hikari.pool.HikariPool        : HikariPool-1 - Fill pool skipped, pool has sufficient level or currently being filled.
2025-10-14T20:57:39.578+05:30 DEBUG 2988 --- [midtier] [l-1:housekeeper] com.zaxxer.hikari.pool.HikariPool        : HikariPool-1 - keepalive: connection org.postgresql.jdbc.PgConnection@bca26ef is alive
2025-10-14T20:57:42.429+05:30 DEBUG 2988 --- [midtier] [l-1:housekeeper] com.zaxxer.hikari.pool.HikariPool        : HikariPool-1 - keepalive: connection org.postgresql.jdbc.PgConnection@a959f41 is alive
2025-10-14T20:57:47.209+05:30 DEBUG 2988 --- [midtier] [l-1:housekeeper] com.zaxxer.hikari.pool.HikariPool        : HikariPool-1 - keepalive: connection org.postgresql.jdbc.PgConnection@7cf06901 is alive
2025-10-14T20:57:47.414+05:30 DEBUG 2988 --- [midtier] [l-1:housekeeper] com.zaxxer.hikari.pool.HikariPool        : HikariPool-1 - keepalive: connection org.postgresql.jdbc.PgConnection@4e272fda is alive
2025-10-14T20:58:00.980+05:30 DEBUG 2988 --- [midtier] [l-1:housekeeper] com.zaxxer.hikari.pool.HikariPool        : HikariPool-1 - keepalive: connection org.postgresql.jdbc.PgConnection@62f1e446 is alive
2025-10-14T20:58:05.555+05:30 DEBUG 2988 --- [midtier] [l-1:housekeeper] com.zaxxer.hikari.pool.HikariPool        : HikariPool-1 - Pool stats (total=10/10, idle=10/10, active=0, waiting=0)
2025-10-14T20:58:05.558+05:30 DEBUG 2988 --- [midtier] [l-1:housekeeper] com.zaxxer.hikari.pool.HikariPool        : HikariPool-1 - Fill pool skipped, pool has sufficient level or currently being filled.
2025-10-14T20:58:35.566+05:30 DEBUG 2988 --- [midtier] [l-1:housekeeper] com.zaxxer.hikari.pool.HikariPool        : HikariPool-1 - Pool stats (total=10/10, idle=10/10, active=0, waiting=0)
2025-10-14T20:58:35.567+05:30 DEBUG 2988 --- [midtier] [l-1:housekeeper] com.zaxxer.hikari.pool.HikariPool        : HikariPool-1 - Fill pool skipped, pool has sufficient level or currently being filled.
2025-10-14T20:58:43.471+05:30 DEBUG 2988 --- [midtier] [l-1:housekeeper] com.zaxxer.hikari.pool.HikariPool        : HikariPool-1 - keepalive: connection org.postgresql.jdbc.PgConnection@1b660ade is alive
2025-10-14T20:58:49.198+05:30 DEBUG 2988 --- [midtier] [l-1:housekeeper] com.zaxxer.hikari.pool.HikariPool        : HikariPool-1 - keepalive: connection org.postgresql.jdbc.PgConnection@14a0e377 is alive
2025-10-14T20:58:53.129+05:30 DEBUG 2988 --- [midtier] [l-1:housekeeper] com.zaxxer.hikari.pool.HikariPool        : HikariPool-1 - keepalive: connection org.postgresql.jdbc.PgConnection@bdfe7c8 is alive
2025-10-14T20:59:05.572+05:30 DEBUG 2988 --- [midtier] [l-1:housekeeper] com.zaxxer.hikari.pool.HikariPool        : HikariPool-1 - Pool stats (total=10/10, idle=10/10, active=0, waiting=0)
2025-10-14T20:59:05.572+05:30 DEBUG 2988 --- [midtier] [l-1:housekeeper] com.zaxxer.hikari.pool.HikariPool        : HikariPool-1 - Fill pool skipped, pool has sufficient level or currently being filled.
2025-10-14T20:59:08.496+05:30 DEBUG 2988 --- [midtier] [l-1:housekeeper] com.zaxxer.hikari.pool.HikariPool        : HikariPool-1 - keepalive: connection org.postgresql.jdbc.PgConnection@68ef6e10 is alive
2025-10-14T20:59:17.403+05:30 DEBUG 2988 --- [midtier] [l-1:housekeeper] com.zaxxer.hikari.pool.HikariPool        : HikariPool-1 - keepalive: connection org.postgresql.jdbc.PgConnection@774d9bf2 is alive
2025-10-14T20:59:26.883+05:30 DEBUG 2988 --- [midtier] [l-1:housekeeper] com.zaxxer.hikari.pool.HikariPool        : HikariPool-1 - keepalive: connection org.postgresql.jdbc.PgConnection@a959f41 is alive
2025-10-14T20:59:29.088+05:30 DEBUG 2988 --- [midtier] [l-1:housekeeper] com.zaxxer.hikari.pool.HikariPool        : HikariPool-1 - keepalive: connection org.postgresql.jdbc.PgConnection@bca26ef is alive
2025-10-14T20:59:34.271+05:30 DEBUG 2988 --- [midtier] [l-1:housekeeper] com.zaxxer.hikari.pool.HikariPool        : HikariPool-1 - keepalive: connection org.postgresql.jdbc.PgConnection@7cf06901 is alive
2025-10-14T20:59:35.579+05:30 DEBUG 2988 --- [midtier] [l-1:housekeeper] com.zaxxer.hikari.pool.HikariPool        : HikariPool-1 - Pool stats (total=10/10, idle=10/10, active=0, waiting=0)
2025-10-14T20:59:35.581+05:30 DEBUG 2988 --- [midtier] [l-1:housekeeper] com.zaxxer.hikari.pool.HikariPool        : HikariPool-1 - Fill pool skipped, pool has sufficient level or currently being filled.
2025-10-14T20:59:42.704+05:30 DEBUG 2988 --- [midtier] [l-1:housekeeper] com.zaxxer.hikari.pool.HikariPool        : HikariPool-1 - keepalive: connection org.postgresql.jdbc.PgConnection@4e272fda is alive
2025-10-14T20:59:45.357+05:30 DEBUG 2988 --- [midtier] [l-1:housekeeper] com.zaxxer.hikari.pool.HikariPool        : HikariPool-1 - keepalive: connection org.postgresql.jdbc.PgConnection@62f1e446 is alive
2025-10-14T21:00:05.585+05:30 DEBUG 2988 --- [midtier] [l-1:housekeeper] com.zaxxer.hikari.pool.HikariPool        : HikariPool-1 - Pool stats (total=10/10, idle=10/10, active=0, waiting=0)
2025-10-14T21:00:05.585+05:30 DEBUG 2988 --- [midtier] [l-1:housekeeper] com.zaxxer.hikari.pool.HikariPool        : HikariPool-1 - Fill pool skipped, pool has sufficient level or currently being filled.
2025-10-14T21:00:18.844+05:30 DEBUG 2988 --- [midtier] [nnection-closer] com.zaxxer.hikari.pool.PoolBase          : HikariPool-1 - Closing connection org.postgresql.jdbc.PgConnection@774d9bf2: (connection has passed maxLifetime)
2025-10-14T21:00:18.850+05:30 DEBUG 2988 --- [midtier] [onnection-adder] com.zaxxer.hikari.pool.PoolBase          : HikariPool-1 - Attempting to create/setup new connection (02a356cc-b06e-4c20-a16f-8817a69801e3)
2025-10-14T21:00:18.901+05:30 DEBUG 2988 --- [midtier] [onnection-adder] com.zaxxer.hikari.pool.PoolBase          : HikariPool-1 - Established new connection (02a356cc-b06e-4c20-a16f-8817a69801e3)
2025-10-14T21:00:18.902+05:30 DEBUG 2988 --- [midtier] [onnection-adder] com.zaxxer.hikari.pool.HikariPool        : HikariPool-1 - Added connection org.postgresql.jdbc.PgConnection@4c945755
2025-10-14T21:00:26.231+05:30 DEBUG 2988 --- [midtier] [l-1:housekeeper] com.zaxxer.hikari.pool.HikariPool        : HikariPool-1 - keepalive: connection org.postgresql.jdbc.PgConnection@1b660ade is alive
2025-10-14T21:00:35.306+05:30 DEBUG 2988 --- [midtier] [l-1:housekeeper] com.zaxxer.hikari.pool.HikariPool        : HikariPool-1 - keepalive: connection org.postgresql.jdbc.PgConnection@bdfe7c8 is alive
2025-10-14T21:00:35.591+05:30 DEBUG 2988 --- [midtier] [l-1:housekeeper] com.zaxxer.hikari.pool.HikariPool        : HikariPool-1 - Pool stats (total=10/10, idle=10/10, active=0, waiting=0)
2025-10-14T21:00:35.594+05:30 DEBUG 2988 --- [midtier] [l-1:housekeeper] com.zaxxer.hikari.pool.HikariPool        : HikariPool-1 - Fill pool skipped, pool has sufficient level or currently being filled.
2025-10-14T21:00:35.653+05:30 DEBUG 2988 --- [midtier] [nnection-closer] com.zaxxer.hikari.pool.PoolBase          : HikariPool-1 - Closing connection org.postgresql.jdbc.PgConnection@a959f41: (connection has passed maxLifetime)
2025-10-14T21:00:35.657+05:30 DEBUG 2988 --- [midtier] [onnection-adder] com.zaxxer.hikari.pool.PoolBase          : HikariPool-1 - Attempting to create/setup new connection (813eaab7-53d3-4c91-b4fd-c115fef64368)
2025-10-14T21:00:35.682+05:30 DEBUG 2988 --- [midtier] [onnection-adder] com.zaxxer.hikari.pool.PoolBase          : HikariPool-1 - Established new connection (813eaab7-53d3-4c91-b4fd-c115fef64368)
2025-10-14T21:00:35.683+05:30 DEBUG 2988 --- [midtier] [onnection-adder] com.zaxxer.hikari.pool.HikariPool        : HikariPool-1 - Added connection org.postgresql.jdbc.PgConnection@6fa7cfca
2025-10-14T21:00:48.381+05:30 DEBUG 2988 --- [midtier] [l-1:housekeeper] com.zaxxer.hikari.pool.HikariPool        : HikariPool-1 - keepalive: connection org.postgresql.jdbc.PgConnection@14a0e377 is alive
2025-10-14T21:01:01.791+05:30 DEBUG 2988 --- [midtier] [l-1:housekeeper] com.zaxxer.hikari.pool.HikariPool        : HikariPool-1 - keepalive: connection org.postgresql.jdbc.PgConnection@68ef6e10 is alive
2025-10-14T21:01:05.597+05:30 DEBUG 2988 --- [midtier] [l-1:housekeeper] com.zaxxer.hikari.pool.HikariPool        : HikariPool-1 - Pool stats (total=10/10, idle=10/10, active=0, waiting=0)
2025-10-14T21:01:05.598+05:30 DEBUG 2988 --- [midtier] [l-1:housekeeper] com.zaxxer.hikari.pool.HikariPool        : HikariPool-1 - Fill pool skipped, pool has sufficient level or currently being filled.
2025-10-14T21:01:18.598+05:30 DEBUG 2988 --- [midtier] [l-1:housekeeper] com.zaxxer.hikari.pool.HikariPool        : HikariPool-1 - keepalive: connection org.postgresql.jdbc.PgConnection@bca26ef is alive
2025-10-14T21:01:21.332+05:30 DEBUG 2988 --- [midtier] [l-1:housekeeper] com.zaxxer.hikari.pool.HikariPool        : HikariPool-1 - keepalive: connection org.postgresql.jdbc.PgConnection@7cf06901 is alive
2025-10-14T21:01:29.736+05:30 DEBUG 2988 --- [midtier] [l-1:housekeeper] com.zaxxer.hikari.pool.HikariPool        : HikariPool-1 - keepalive: connection org.postgresql.jdbc.PgConnection@62f1e446 is alive
2025-10-14T21:01:35.602+05:30 DEBUG 2988 --- [midtier] [l-1:housekeeper] com.zaxxer.hikari.pool.HikariPool        : HikariPool-1 - Pool stats (total=10/10, idle=10/10, active=0, waiting=0)
2025-10-14T21:01:35.603+05:30 DEBUG 2988 --- [midtier] [l-1:housekeeper] com.zaxxer.hikari.pool.HikariPool        : HikariPool-1 - Fill pool skipped, pool has sufficient level or currently being filled.
2025-10-14T21:01:37.999+05:30 DEBUG 2988 --- [midtier] [l-1:housekeeper] com.zaxxer.hikari.pool.HikariPool        : HikariPool-1 - keepalive: connection org.postgresql.jdbc.PgConnection@4e272fda is alive
2025-10-14T21:01:56.962+05:30 DEBUG 2988 --- [midtier] [l-1:housekeeper] com.zaxxer.hikari.pool.HikariPool        : HikariPool-1 - keepalive: connection org.postgresql.jdbc.PgConnection@4c945755 is alive
2025-10-14T21:02:05.607+05:30 DEBUG 2988 --- [midtier] [l-1:housekeeper] com.zaxxer.hikari.pool.HikariPool        : HikariPool-1 - Pool stats (total=10/10, idle=10/10, active=0, waiting=0)
2025-10-14T21:02:05.608+05:30 DEBUG 2988 --- [midtier] [l-1:housekeeper] com.zaxxer.hikari.pool.HikariPool        : HikariPool-1 - Fill pool skipped, pool has sufficient level or currently being filled.
2025-10-14T21:02:08.990+05:30 DEBUG 2988 --- [midtier] [l-1:housekeeper] com.zaxxer.hikari.pool.HikariPool        : HikariPool-1 - keepalive: connection org.postgresql.jdbc.PgConnection@1b660ade is alive
2025-10-14T21:02:17.512+05:30 DEBUG 2988 --- [midtier] [l-1:housekeeper] com.zaxxer.hikari.pool.HikariPool        : HikariPool-1 - keepalive: connection org.postgresql.jdbc.PgConnection@bdfe7c8 is alive
2025-10-14T21:02:26.761+05:30 DEBUG 2988 --- [midtier] [l-1:housekeeper] com.zaxxer.hikari.pool.HikariPool        : HikariPool-1 - keepalive: connection org.postgresql.jdbc.PgConnection@6fa7cfca is alive
2025-10-14T21:02:35.608+05:30 DEBUG 2988 --- [midtier] [l-1:housekeeper] com.zaxxer.hikari.pool.HikariPool        : HikariPool-1 - Pool stats (total=10/10, idle=10/10, active=0, waiting=0)
2025-10-14T21:02:35.609+05:30 DEBUG 2988 --- [midtier] [l-1:housekeeper] com.zaxxer.hikari.pool.HikariPool        : HikariPool-1 - Fill pool skipped, pool has sufficient level or currently being filled.
2025-10-14T21:02:47.564+05:30 DEBUG 2988 --- [midtier] [l-1:housekeeper] com.zaxxer.hikari.pool.HikariPool        : HikariPool-1 - keepalive: connection org.postgresql.jdbc.PgConnection@14a0e377 is alive
2025-10-14T21:02:55.082+05:30 DEBUG 2988 --- [midtier] [l-1:housekeeper] com.zaxxer.hikari.pool.HikariPool        : HikariPool-1 - keepalive: connection org.postgresql.jdbc.PgConnection@68ef6e10 is alive
2025-10-14T21:03:05.609+05:30 DEBUG 2988 --- [midtier] [l-1:housekeeper] com.zaxxer.hikari.pool.HikariPool        : HikariPool-1 - Pool stats (total=10/10, idle=10/10, active=0, waiting=0)
2025-10-14T21:03:05.610+05:30 DEBUG 2988 --- [midtier] [l-1:housekeeper] com.zaxxer.hikari.pool.HikariPool        : HikariPool-1 - Fill pool skipped, pool has sufficient level or currently being filled.
2025-10-14T21:03:08.103+05:30 DEBUG 2988 --- [midtier] [l-1:housekeeper] com.zaxxer.hikari.pool.HikariPool        : HikariPool-1 - keepalive: connection org.postgresql.jdbc.PgConnection@bca26ef is alive
2025-10-14T21:03:08.391+05:30 DEBUG 2988 --- [midtier] [l-1:housekeeper] com.zaxxer.hikari.pool.HikariPool        : HikariPool-1 - keepalive: connection org.postgresql.jdbc.PgConnection@7cf06901 is alive
2025-10-14T21:03:14.106+05:30 DEBUG 2988 --- [midtier] [l-1:housekeeper] com.zaxxer.hikari.pool.HikariPool        : HikariPool-1 - keepalive: connection org.postgresql.jdbc.PgConnection@62f1e446 is alive
2025-10-14T21:03:33.284+05:30 DEBUG 2988 --- [midtier] [l-1:housekeeper] com.zaxxer.hikari.pool.HikariPool        : HikariPool-1 - keepalive: connection org.postgresql.jdbc.PgConnection@4e272fda is alive
2025-10-14T21:03:35.018+05:30 DEBUG 2988 --- [midtier] [l-1:housekeeper] com.zaxxer.hikari.pool.HikariPool        : HikariPool-1 - keepalive: connection org.postgresql.jdbc.PgConnection@4c945755 is alive
2025-10-14T21:03:35.613+05:30 DEBUG 2988 --- [midtier] [l-1:housekeeper] com.zaxxer.hikari.pool.HikariPool        : HikariPool-1 - Pool stats (total=10/10, idle=10/10, active=0, waiting=0)
2025-10-14T21:03:35.613+05:30 DEBUG 2988 --- [midtier] [l-1:housekeeper] com.zaxxer.hikari.pool.HikariPool        : HikariPool-1 - Fill pool skipped, pool has sufficient level or currently being filled.
2025-10-14T21:03:51.742+05:30 DEBUG 2988 --- [midtier] [l-1:housekeeper] com.zaxxer.hikari.pool.HikariPool        : HikariPool-1 - keepalive: connection org.postgresql.jdbc.PgConnection@1b660ade is alive
2025-10-14T21:03:53.931+05:30 DEBUG 2988 --- [midtier] [nnection-closer] com.zaxxer.hikari.pool.PoolBase          : HikariPool-1 - Closing connection org.postgresql.jdbc.PgConnection@62f1e446: (connection has passed maxLifetime)
2025-10-14T21:03:53.934+05:30 DEBUG 2988 --- [midtier] [onnection-adder] com.zaxxer.hikari.pool.PoolBase          : HikariPool-1 - Attempting to create/setup new connection (30f7fa7f-1ad5-4a33-b912-085dc0827cff)
2025-10-14T21:03:53.972+05:30 DEBUG 2988 --- [midtier] [onnection-adder] com.zaxxer.hikari.pool.PoolBase          : HikariPool-1 - Established new connection (30f7fa7f-1ad5-4a33-b912-085dc0827cff)
2025-10-14T21:03:53.972+05:30 DEBUG 2988 --- [midtier] [onnection-adder] com.zaxxer.hikari.pool.HikariPool        : HikariPool-1 - Added connection org.postgresql.jdbc.PgConnection@68529ed8
2025-10-14T21:03:59.685+05:30 DEBUG 2988 --- [midtier] [l-1:housekeeper] com.zaxxer.hikari.pool.HikariPool        : HikariPool-1 - keepalive: connection org.postgresql.jdbc.PgConnection@bdfe7c8 is alive
2025-10-14T21:04:05.619+05:30 DEBUG 2988 --- [midtier] [l-1:housekeeper] com.zaxxer.hikari.pool.HikariPool        : HikariPool-1 - Pool stats (total=10/10, idle=10/10, active=0, waiting=0)
2025-10-14T21:04:05.619+05:30 DEBUG 2988 --- [midtier] [l-1:housekeeper] com.zaxxer.hikari.pool.HikariPool        : HikariPool-1 - Fill pool skipped, pool has sufficient level or currently being filled.
2025-10-14T21:04:17.837+05:30 DEBUG 2988 --- [midtier] [l-1:housekeeper] com.zaxxer.hikari.pool.HikariPool        : HikariPool-1 - keepalive: connection org.postgresql.jdbc.PgConnection@6fa7cfca is alive
2025-10-14T21:04:35.623+05:30 DEBUG 2988 --- [midtier] [l-1:housekeeper] com.zaxxer.hikari.pool.HikariPool        : HikariPool-1 - Pool stats (total=10/10, idle=10/10, active=0, waiting=0)
2025-10-14T21:04:35.623+05:30 DEBUG 2988 --- [midtier] [l-1:housekeeper] com.zaxxer.hikari.pool.HikariPool        : HikariPool-1 - Fill pool skipped, pool has sufficient level or currently being filled.
2025-10-14T21:04:46.748+05:30 DEBUG 2988 --- [midtier] [l-1:housekeeper] com.zaxxer.hikari.pool.HikariPool        : HikariPool-1 - keepalive: connection org.postgresql.jdbc.PgConnection@14a0e377 is alive
2025-10-14T21:04:48.377+05:30 DEBUG 2988 --- [midtier] [l-1:housekeeper] com.zaxxer.hikari.pool.HikariPool        : HikariPool-1 - keepalive: connection org.postgresql.jdbc.PgConnection@68ef6e10 is alive
2025-10-14T21:04:55.450+05:30 DEBUG 2988 --- [midtier] [l-1:housekeeper] com.zaxxer.hikari.pool.HikariPool        : HikariPool-1 - keepalive: connection org.postgresql.jdbc.PgConnection@7cf06901 is alive
2025-10-14T21:04:57.617+05:30 DEBUG 2988 --- [midtier] [l-1:housekeeper] com.zaxxer.hikari.pool.HikariPool        : HikariPool-1 - keepalive: connection org.postgresql.jdbc.PgConnection@bca26ef is alive
2025-10-14T21:05:05.628+05:30 DEBUG 2988 --- [midtier] [l-1:housekeeper] com.zaxxer.hikari.pool.HikariPool        : HikariPool-1 - Pool stats (total=10/10, idle=10/10, active=0, waiting=0)
2025-10-14T21:05:05.628+05:30 DEBUG 2988 --- [midtier] [l-1:housekeeper] com.zaxxer.hikari.pool.HikariPool        : HikariPool-1 - Fill pool skipped, pool has sufficient level or currently being filled.
2025-10-14T21:05:13.079+05:30 DEBUG 2988 --- [midtier] [l-1:housekeeper] com.zaxxer.hikari.pool.HikariPool        : HikariPool-1 - keepalive: connection org.postgresql.jdbc.PgConnection@4c945755 is alive
2025-10-14T21:05:28.576+05:30 DEBUG 2988 --- [midtier] [l-1:housekeeper] com.zaxxer.hikari.pool.HikariPool        : HikariPool-1 - keepalive: connection org.postgresql.jdbc.PgConnection@4e272fda is alive
2025-10-14T21:05:34.504+05:30 DEBUG 2988 --- [midtier] [l-1:housekeeper] com.zaxxer.hikari.pool.HikariPool        : HikariPool-1 - keepalive: connection org.postgresql.jdbc.PgConnection@1b660ade is alive
2025-10-14T21:05:35.633+05:30 DEBUG 2988 --- [midtier] [l-1:housekeeper] com.zaxxer.hikari.pool.HikariPool        : HikariPool-1 - Pool stats (total=10/10, idle=10/10, active=0, waiting=0)
2025-10-14T21:05:35.633+05:30 DEBUG 2988 --- [midtier] [l-1:housekeeper] com.zaxxer.hikari.pool.HikariPool        : HikariPool-1 - Fill pool skipped, pool has sufficient level or currently being filled.
2025-10-14T21:05:40.940+05:30 DEBUG 2988 --- [midtier] [l-1:housekeeper] com.zaxxer.hikari.pool.HikariPool        : HikariPool-1 - keepalive: connection org.postgresql.jdbc.PgConnection@68529ed8 is alive
2025-10-14T21:05:41.863+05:30 DEBUG 2988 --- [midtier] [l-1:housekeeper] com.zaxxer.hikari.pool.HikariPool        : HikariPool-1 - keepalive: connection org.postgresql.jdbc.PgConnection@bdfe7c8 is alive
2025-10-14T21:06:05.639+05:30 DEBUG 2988 --- [midtier] [l-1:housekeeper] com.zaxxer.hikari.pool.HikariPool        : HikariPool-1 - Pool stats (total=10/10, idle=10/10, active=0, waiting=0)
2025-10-14T21:06:05.639+05:30 DEBUG 2988 --- [midtier] [l-1:housekeeper] com.zaxxer.hikari.pool.HikariPool        : HikariPool-1 - Fill pool skipped, pool has sufficient level or currently being filled.
2025-10-14T21:06:08.922+05:30 DEBUG 2988 --- [midtier] [l-1:housekeeper] com.zaxxer.hikari.pool.HikariPool        : HikariPool-1 - keepalive: connection org.postgresql.jdbc.PgConnection@6fa7cfca is alive
2025-10-14T21:06:35.643+05:30 DEBUG 2988 --- [midtier] [l-1:housekeeper] com.zaxxer.hikari.pool.HikariPool        : HikariPool-1 - Pool stats (total=10/10, idle=10/10, active=0, waiting=0)
2025-10-14T21:06:35.643+05:30 DEBUG 2988 --- [midtier] [l-1:housekeeper] com.zaxxer.hikari.pool.HikariPool        : HikariPool-1 - Fill pool skipped, pool has sufficient level or currently being filled.
2025-10-14T21:06:41.674+05:30 DEBUG 2988 --- [midtier] [l-1:housekeeper] com.zaxxer.hikari.pool.HikariPool        : HikariPool-1 - keepalive: connection org.postgresql.jdbc.PgConnection@68ef6e10 is alive
2025-10-14T21:06:42.515+05:30 DEBUG 2988 --- [midtier] [l-1:housekeeper] com.zaxxer.hikari.pool.HikariPool        : HikariPool-1 - keepalive: connection org.postgresql.jdbc.PgConnection@7cf06901 is alive
2025-10-14T21:06:45.932+05:30 DEBUG 2988 --- [midtier] [l-1:housekeeper] com.zaxxer.hikari.pool.HikariPool        : HikariPool-1 - keepalive: connection org.postgresql.jdbc.PgConnection@14a0e377 is alive
2025-10-14T21:06:47.130+05:30 DEBUG 2988 --- [midtier] [l-1:housekeeper] com.zaxxer.hikari.pool.HikariPool        : HikariPool-1 - keepalive: connection org.postgresql.jdbc.PgConnection@bca26ef is alive
2025-10-14T21:06:51.142+05:30 DEBUG 2988 --- [midtier] [l-1:housekeeper] com.zaxxer.hikari.pool.HikariPool        : HikariPool-1 - keepalive: connection org.postgresql.jdbc.PgConnection@4c945755 is alive
2025-10-14T21:07:05.648+05:30 DEBUG 2988 --- [midtier] [l-1:housekeeper] com.zaxxer.hikari.pool.HikariPool        : HikariPool-1 - Pool stats (total=10/10, idle=10/10, active=0, waiting=0)
2025-10-14T21:07:05.649+05:30 DEBUG 2988 --- [midtier] [l-1:housekeeper] com.zaxxer.hikari.pool.HikariPool        : HikariPool-1 - Fill pool skipped, pool has sufficient level or currently being filled.
2025-10-14T21:07:17.262+05:30 DEBUG 2988 --- [midtier] [l-1:housekeeper] com.zaxxer.hikari.pool.HikariPool        : HikariPool-1 - keepalive: connection org.postgresql.jdbc.PgConnection@1b660ade is alive
2025-10-14T21:07:23.865+05:30 DEBUG 2988 --- [midtier] [l-1:housekeeper] com.zaxxer.hikari.pool.HikariPool        : HikariPool-1 - keepalive: connection org.postgresql.jdbc.PgConnection@4e272fda is alive
2025-10-14T21:07:24.041+05:30 DEBUG 2988 --- [midtier] [l-1:housekeeper] com.zaxxer.hikari.pool.HikariPool        : HikariPool-1 - keepalive: connection org.postgresql.jdbc.PgConnection@bdfe7c8 is alive
2025-10-14T21:07:27.911+05:30 DEBUG 2988 --- [midtier] [l-1:housekeeper] com.zaxxer.hikari.pool.HikariPool        : HikariPool-1 - keepalive: connection org.postgresql.jdbc.PgConnection@68529ed8 is alive
2025-10-14T21:07:35.651+05:30 DEBUG 2988 --- [midtier] [l-1:housekeeper] com.zaxxer.hikari.pool.HikariPool        : HikariPool-1 - Pool stats (total=10/10, idle=10/10, active=0, waiting=0)
2025-10-14T21:07:35.651+05:30 DEBUG 2988 --- [midtier] [l-1:housekeeper] com.zaxxer.hikari.pool.HikariPool        : HikariPool-1 - Fill pool skipped, pool has sufficient level or currently being filled.
2025-10-14T21:07:47.376+05:30 DEBUG 2988 --- [midtier] [nnection-closer] com.zaxxer.hikari.pool.PoolBase          : HikariPool-1 - Closing connection org.postgresql.jdbc.PgConnection@bdfe7c8: (connection has passed maxLifetime)
2025-10-14T21:07:47.383+05:30 DEBUG 2988 --- [midtier] [onnection-adder] com.zaxxer.hikari.pool.PoolBase          : HikariPool-1 - Attempting to create/setup new connection (676fe341-30d1-44d1-967f-0200b57c82a3)
2025-10-14T21:07:47.416+05:30 DEBUG 2988 --- [midtier] [onnection-adder] com.zaxxer.hikari.pool.PoolBase          : HikariPool-1 - Established new connection (676fe341-30d1-44d1-967f-0200b57c82a3)
2025-10-14T21:07:47.416+05:30 DEBUG 2988 --- [midtier] [onnection-adder] com.zaxxer.hikari.pool.HikariPool        : HikariPool-1 - Added connection org.postgresql.jdbc.PgConnection@3f3d8d77
2025-10-14T21:07:50.525+05:30 DEBUG 2988 --- [midtier] [nnection-closer] com.zaxxer.hikari.pool.PoolBase          : HikariPool-1 - Closing connection org.postgresql.jdbc.PgConnection@1b660ade: (connection has passed maxLifetime)
2025-10-14T21:07:50.527+05:30 DEBUG 2988 --- [midtier] [onnection-adder] com.zaxxer.hikari.pool.PoolBase          : HikariPool-1 - Attempting to create/setup new connection (9c954e4e-3a26-44c1-98b6-b66104c5f538)
2025-10-14T21:07:50.542+05:30 DEBUG 2988 --- [midtier] [onnection-adder] com.zaxxer.hikari.pool.PoolBase          : HikariPool-1 - Established new connection (9c954e4e-3a26-44c1-98b6-b66104c5f538)
2025-10-14T21:07:50.542+05:30 DEBUG 2988 --- [midtier] [onnection-adder] com.zaxxer.hikari.pool.HikariPool        : HikariPool-1 - Added connection org.postgresql.jdbc.PgConnection@31fa74e0
2025-10-14T21:08:00.005+05:30 DEBUG 2988 --- [midtier] [l-1:housekeeper] com.zaxxer.hikari.pool.HikariPool        : HikariPool-1 - keepalive: connection org.postgresql.jdbc.PgConnection@6fa7cfca is alive
2025-10-14T21:08:05.657+05:30 DEBUG 2988 --- [midtier] [l-1:housekeeper] com.zaxxer.hikari.pool.HikariPool        : HikariPool-1 - Pool stats (total=10/10, idle=10/10, active=0, waiting=0)
2025-10-14T21:08:05.657+05:30 DEBUG 2988 --- [midtier] [l-1:housekeeper] com.zaxxer.hikari.pool.HikariPool        : HikariPool-1 - Fill pool skipped, pool has sufficient level or currently being filled.
2025-10-14T21:08:29.203+05:30 DEBUG 2988 --- [midtier] [l-1:housekeeper] com.zaxxer.hikari.pool.HikariPool        : HikariPool-1 - keepalive: connection org.postgresql.jdbc.PgConnection@4c945755 is alive
2025-10-14T21:08:29.576+05:30 DEBUG 2988 --- [midtier] [l-1:housekeeper] com.zaxxer.hikari.pool.HikariPool        : HikariPool-1 - keepalive: connection org.postgresql.jdbc.PgConnection@7cf06901 is alive
2025-10-14T21:08:34.968+05:30 DEBUG 2988 --- [midtier] [l-1:housekeeper] com.zaxxer.hikari.pool.HikariPool        : HikariPool-1 - keepalive: connection org.postgresql.jdbc.PgConnection@68ef6e10 is alive
2025-10-14T21:08:35.662+05:30 DEBUG 2988 --- [midtier] [l-1:housekeeper] com.zaxxer.hikari.pool.HikariPool        : HikariPool-1 - Pool stats (total=10/10, idle=10/10, active=0, waiting=0)
2025-10-14T21:08:35.664+05:30 DEBUG 2988 --- [midtier] [l-1:housekeeper] com.zaxxer.hikari.pool.HikariPool        : HikariPool-1 - Fill pool skipped, pool has sufficient level or currently being filled.
2025-10-14T21:08:36.644+05:30 DEBUG 2988 --- [midtier] [l-1:housekeeper] com.zaxxer.hikari.pool.HikariPool        : HikariPool-1 - keepalive: connection org.postgresql.jdbc.PgConnection@bca26ef is alive
2025-10-14T21:08:45.116+05:30 DEBUG 2988 --- [midtier] [l-1:housekeeper] com.zaxxer.hikari.pool.HikariPool        : HikariPool-1 - keepalive: connection org.postgresql.jdbc.PgConnection@14a0e377 is alive
2025-10-14T21:09:05.668+05:30 DEBUG 2988 --- [midtier] [l-1:housekeeper] com.zaxxer.hikari.pool.HikariPool        : HikariPool-1 - Pool stats (total=10/10, idle=10/10, active=0, waiting=0)
2025-10-14T21:09:05.670+05:30 DEBUG 2988 --- [midtier] [l-1:housekeeper] com.zaxxer.hikari.pool.HikariPool        : HikariPool-1 - Fill pool skipped, pool has sufficient level or currently being filled.
2025-10-14T21:09:14.880+05:30 DEBUG 2988 --- [midtier] [l-1:housekeeper] com.zaxxer.hikari.pool.HikariPool        : HikariPool-1 - keepalive: connection org.postgresql.jdbc.PgConnection@68529ed8 is alive
2025-10-14T21:09:19.157+05:30 DEBUG 2988 --- [midtier] [l-1:housekeeper] com.zaxxer.hikari.pool.HikariPool        : HikariPool-1 - keepalive: connection org.postgresql.jdbc.PgConnection@4e272fda is alive
2025-10-14T21:09:33.661+05:30 DEBUG 2988 --- [midtier] [l-1:housekeeper] com.zaxxer.hikari.pool.HikariPool        : HikariPool-1 - keepalive: connection org.postgresql.jdbc.PgConnection@31fa74e0 is alive
2025-10-14T21:09:35.675+05:30 DEBUG 2988 --- [midtier] [l-1:housekeeper] com.zaxxer.hikari.pool.HikariPool        : HikariPool-1 - Pool stats (total=10/10, idle=10/10, active=0, waiting=0)
2025-10-14T21:09:35.675+05:30 DEBUG 2988 --- [midtier] [l-1:housekeeper] com.zaxxer.hikari.pool.HikariPool        : HikariPool-1 - Fill pool skipped, pool has sufficient level or currently being filled.
2025-10-14T21:09:40.554+05:30 DEBUG 2988 --- [midtier] [l-1:housekeeper] com.zaxxer.hikari.pool.HikariPool        : HikariPool-1 - keepalive: connection org.postgresql.jdbc.PgConnection@3f3d8d77 is alive
2025-10-14T21:09:51.087+05:30 DEBUG 2988 --- [midtier] [l-1:housekeeper] com.zaxxer.hikari.pool.HikariPool        : HikariPool-1 - keepalive: connection org.postgresql.jdbc.PgConnection@6fa7cfca is alive
2025-10-14T21:10:05.680+05:30 DEBUG 2988 --- [midtier] [l-1:housekeeper] com.zaxxer.hikari.pool.HikariPool        : HikariPool-1 - Pool stats (total=10/10, idle=10/10, active=0, waiting=0)
2025-10-14T21:10:05.681+05:30 DEBUG 2988 --- [midtier] [l-1:housekeeper] com.zaxxer.hikari.pool.HikariPool        : HikariPool-1 - Fill pool skipped, pool has sufficient level or currently being filled.
2025-10-14T21:10:07.270+05:30 DEBUG 2988 --- [midtier] [l-1:housekeeper] com.zaxxer.hikari.pool.HikariPool        : HikariPool-1 - keepalive: connection org.postgresql.jdbc.PgConnection@4c945755 is alive
2025-10-14T21:10:14.500+05:30 DEBUG 2988 --- [midtier] [nnection-closer] com.zaxxer.hikari.pool.PoolBase          : HikariPool-1 - Closing connection org.postgresql.jdbc.PgConnection@14a0e377: (connection has passed maxLifetime)
2025-10-14T21:10:14.502+05:30 DEBUG 2988 --- [midtier] [onnection-adder] com.zaxxer.hikari.pool.PoolBase          : HikariPool-1 - Attempting to create/setup new connection (4a8dc735-8782-4957-b262-af1a2c4c0fbd)
2025-10-14T21:10:14.519+05:30 DEBUG 2988 --- [midtier] [onnection-adder] com.zaxxer.hikari.pool.PoolBase          : HikariPool-1 - Established new connection (4a8dc735-8782-4957-b262-af1a2c4c0fbd)
2025-10-14T21:10:14.519+05:30 DEBUG 2988 --- [midtier] [onnection-adder] com.zaxxer.hikari.pool.HikariPool        : HikariPool-1 - Added connection org.postgresql.jdbc.PgConnection@4610227d
2025-10-14T21:10:16.642+05:30 DEBUG 2988 --- [midtier] [l-1:housekeeper] com.zaxxer.hikari.pool.HikariPool        : HikariPool-1 - keepalive: connection org.postgresql.jdbc.PgConnection@7cf06901 is alive
2025-10-14T21:10:26.156+05:30 DEBUG 2988 --- [midtier] [l-1:housekeeper] com.zaxxer.hikari.pool.HikariPool        : HikariPool-1 - keepalive: connection org.postgresql.jdbc.PgConnection@bca26ef is alive
2025-10-14T21:10:28.266+05:30 DEBUG 2988 --- [midtier] [l-1:housekeeper] com.zaxxer.hikari.pool.HikariPool        : HikariPool-1 - keepalive: connection org.postgresql.jdbc.PgConnection@68ef6e10 is alive
2025-10-14T21:10:35.690+05:30 DEBUG 2988 --- [midtier] [l-1:housekeeper] com.zaxxer.hikari.pool.HikariPool        : HikariPool-1 - Pool stats (total=10/10, idle=10/10, active=0, waiting=0)
2025-10-14T21:10:35.690+05:30 DEBUG 2988 --- [midtier] [l-1:housekeeper] com.zaxxer.hikari.pool.HikariPool        : HikariPool-1 - Fill pool skipped, pool has sufficient level or currently being filled.
2025-10-14T21:11:01.852+05:30 DEBUG 2988 --- [midtier] [l-1:housekeeper] com.zaxxer.hikari.pool.HikariPool        : HikariPool-1 - keepalive: connection org.postgresql.jdbc.PgConnection@68529ed8 is alive
2025-10-14T21:11:05.699+05:30 DEBUG 2988 --- [midtier] [l-1:housekeeper] com.zaxxer.hikari.pool.HikariPool        : HikariPool-1 - Pool stats (total=10/10, idle=10/10, active=0, waiting=0)
2025-10-14T21:11:05.699+05:30 DEBUG 2988 --- [midtier] [l-1:housekeeper] com.zaxxer.hikari.pool.HikariPool        : HikariPool-1 - Fill pool skipped, pool has sufficient level or currently being filled.
2025-10-14T21:11:10.627+05:30 DEBUG 2988 --- [midtier] [nnection-closer] com.zaxxer.hikari.pool.PoolBase          : HikariPool-1 - Closing connection org.postgresql.jdbc.PgConnection@68ef6e10: (connection has passed maxLifetime)
2025-10-14T21:11:10.629+05:30 DEBUG 2988 --- [midtier] [onnection-adder] com.zaxxer.hikari.pool.PoolBase          : HikariPool-1 - Attempting to create/setup new connection (c48408d4-eb68-4cc4-af39-fae0f94f3c18)
2025-10-14T21:11:10.657+05:30 DEBUG 2988 --- [midtier] [onnection-adder] com.zaxxer.hikari.pool.PoolBase          : HikariPool-1 - Established new connection (c48408d4-eb68-4cc4-af39-fae0f94f3c18)
2025-10-14T21:11:10.657+05:30 DEBUG 2988 --- [midtier] [onnection-adder] com.zaxxer.hikari.pool.HikariPool        : HikariPool-1 - Added connection org.postgresql.jdbc.PgConnection@7f77e4d8
2025-10-14T21:11:14.446+05:30 DEBUG 2988 --- [midtier] [l-1:housekeeper] com.zaxxer.hikari.pool.HikariPool        : HikariPool-1 - keepalive: connection org.postgresql.jdbc.PgConnection@4e272fda is alive
2025-10-14T21:11:16.783+05:30 DEBUG 2988 --- [midtier] [l-1:housekeeper] com.zaxxer.hikari.pool.HikariPool        : HikariPool-1 - keepalive: connection org.postgresql.jdbc.PgConnection@31fa74e0 is alive
2025-10-14T21:11:33.700+05:30 DEBUG 2988 --- [midtier] [l-1:housekeeper] com.zaxxer.hikari.pool.HikariPool        : HikariPool-1 - keepalive: connection org.postgresql.jdbc.PgConnection@3f3d8d77 is alive
2025-10-14T21:11:35.708+05:30 DEBUG 2988 --- [midtier] [l-1:housekeeper] com.zaxxer.hikari.pool.HikariPool        : HikariPool-1 - Pool stats (total=10/10, idle=10/10, active=0, waiting=0)
2025-10-14T21:11:35.708+05:30 DEBUG 2988 --- [midtier] [l-1:housekeeper] com.zaxxer.hikari.pool.HikariPool        : HikariPool-1 - Fill pool skipped, pool has sufficient level or currently being filled.
2025-10-14T21:11:42.168+05:30 DEBUG 2988 --- [midtier] [l-1:housekeeper] com.zaxxer.hikari.pool.HikariPool        : HikariPool-1 - keepalive: connection org.postgresql.jdbc.PgConnection@6fa7cfca is alive
2025-10-14T21:11:45.335+05:30 DEBUG 2988 --- [midtier] [l-1:housekeeper] com.zaxxer.hikari.pool.HikariPool        : HikariPool-1 - keepalive: connection org.postgresql.jdbc.PgConnection@4c945755 is alive
2025-10-14T21:12:03.710+05:30 DEBUG 2988 --- [midtier] [l-1:housekeeper] com.zaxxer.hikari.pool.HikariPool        : HikariPool-1 - keepalive: connection org.postgresql.jdbc.PgConnection@7cf06901 is alive
2025-10-14T21:12:03.881+05:30 DEBUG 2988 --- [midtier] [l-1:housekeeper] com.zaxxer.hikari.pool.HikariPool        : HikariPool-1 - keepalive: connection org.postgresql.jdbc.PgConnection@4610227d is alive
2025-10-14T21:12:05.717+05:30 DEBUG 2988 --- [midtier] [l-1:housekeeper] com.zaxxer.hikari.pool.HikariPool        : HikariPool-1 - Pool stats (total=10/10, idle=10/10, active=0, waiting=0)
2025-10-14T21:12:05.723+05:30 DEBUG 2988 --- [midtier] [l-1:housekeeper] com.zaxxer.hikari.pool.HikariPool        : HikariPool-1 - Fill pool skipped, pool has sufficient level or currently being filled.
2025-10-14T21:12:15.674+05:30 DEBUG 2988 --- [midtier] [l-1:housekeeper] com.zaxxer.hikari.pool.HikariPool        : HikariPool-1 - keepalive: connection org.postgresql.jdbc.PgConnection@bca26ef is alive
2025-10-14T21:12:35.730+05:30 DEBUG 2988 --- [midtier] [l-1:housekeeper] com.zaxxer.hikari.pool.HikariPool        : HikariPool-1 - Pool stats (total=10/10, idle=10/10, active=0, waiting=0)
2025-10-14T21:12:35.731+05:30 DEBUG 2988 --- [midtier] [l-1:housekeeper] com.zaxxer.hikari.pool.HikariPool        : HikariPool-1 - Fill pool skipped, pool has sufficient level or currently being filled.
2025-10-14T21:12:48.824+05:30 DEBUG 2988 --- [midtier] [l-1:housekeeper] com.zaxxer.hikari.pool.HikariPool        : HikariPool-1 - keepalive: connection org.postgresql.jdbc.PgConnection@68529ed8 is alive
2025-10-14T21:12:56.853+05:30 DEBUG 2988 --- [midtier] [l-1:housekeeper] com.zaxxer.hikari.pool.HikariPool        : HikariPool-1 - keepalive: connection org.postgresql.jdbc.PgConnection@7f77e4d8 is alive
2025-10-14T21:12:59.897+05:30 DEBUG 2988 --- [midtier] [l-1:housekeeper] com.zaxxer.hikari.pool.HikariPool        : HikariPool-1 - keepalive: connection org.postgresql.jdbc.PgConnection@31fa74e0 is alive
2025-10-14T21:13:05.736+05:30 DEBUG 2988 --- [midtier] [l-1:housekeeper] com.zaxxer.hikari.pool.HikariPool        : HikariPool-1 - Pool stats (total=10/10, idle=10/10, active=0, waiting=0)
2025-10-14T21:13:05.736+05:30 DEBUG 2988 --- [midtier] [l-1:housekeeper] com.zaxxer.hikari.pool.HikariPool        : HikariPool-1 - Fill pool skipped, pool has sufficient level or currently being filled.
2025-10-14T21:13:09.738+05:30 DEBUG 2988 --- [midtier] [l-1:housekeeper] com.zaxxer.hikari.pool.HikariPool        : HikariPool-1 - keepalive: connection org.postgresql.jdbc.PgConnection@4e272fda is alive
2025-10-14T21:13:23.393+05:30 DEBUG 2988 --- [midtier] [l-1:housekeeper] com.zaxxer.hikari.pool.HikariPool        : HikariPool-1 - keepalive: connection org.postgresql.jdbc.PgConnection@4c945755 is alive
2025-10-14T21:13:24.900+05:30 DEBUG 2988 --- [midtier] [nnection-closer] com.zaxxer.hikari.pool.PoolBase          : HikariPool-1 - Closing connection org.postgresql.jdbc.PgConnection@4e272fda: (connection has passed maxLifetime)
2025-10-14T21:13:24.904+05:30 DEBUG 2988 --- [midtier] [onnection-adder] com.zaxxer.hikari.pool.PoolBase          : HikariPool-1 - Attempting to create/setup new connection (0fc1f13d-5f15-41a5-a907-2bcb4481aa25)
2025-10-14T21:13:24.944+05:30 DEBUG 2988 --- [midtier] [onnection-adder] com.zaxxer.hikari.pool.PoolBase          : HikariPool-1 - Established new connection (0fc1f13d-5f15-41a5-a907-2bcb4481aa25)
2025-10-14T21:13:24.947+05:30 DEBUG 2988 --- [midtier] [onnection-adder] com.zaxxer.hikari.pool.HikariPool        : HikariPool-1 - Added connection org.postgresql.jdbc.PgConnection@3acf9ad3
2025-10-14T21:13:26.836+05:30 DEBUG 2988 --- [midtier] [l-1:housekeeper] com.zaxxer.hikari.pool.HikariPool        : HikariPool-1 - keepalive: connection org.postgresql.jdbc.PgConnection@3f3d8d77 is alive
2025-10-14T21:13:33.242+05:30 DEBUG 2988 --- [midtier] [l-1:housekeeper] com.zaxxer.hikari.pool.HikariPool        : HikariPool-1 - keepalive: connection org.postgresql.jdbc.PgConnection@6fa7cfca is alive
2025-10-14T21:13:35.742+05:30 DEBUG 2988 --- [midtier] [l-1:housekeeper] com.zaxxer.hikari.pool.HikariPool        : HikariPool-1 - Pool stats (total=10/10, idle=10/10, active=0, waiting=0)
2025-10-14T21:13:35.742+05:30 DEBUG 2988 --- [midtier] [l-1:housekeeper] com.zaxxer.hikari.pool.HikariPool        : HikariPool-1 - Fill pool skipped, pool has sufficient level or currently being filled.
2025-10-14T21:13:50.773+05:30 DEBUG 2988 --- [midtier] [l-1:housekeeper] com.zaxxer.hikari.pool.HikariPool        : HikariPool-1 - keepalive: connection org.postgresql.jdbc.PgConnection@7cf06901 is alive
2025-10-14T21:13:53.193+05:30 DEBUG 2988 --- [midtier] [l-1:housekeeper] com.zaxxer.hikari.pool.HikariPool        : HikariPool-1 - keepalive: connection org.postgresql.jdbc.PgConnection@4610227d is alive
2025-10-14T21:14:05.185+05:30 DEBUG 2988 --- [midtier] [l-1:housekeeper] com.zaxxer.hikari.pool.HikariPool        : HikariPool-1 - keepalive: connection org.postgresql.jdbc.PgConnection@bca26ef is alive
2025-10-14T21:14:05.750+05:30 DEBUG 2988 --- [midtier] [l-1:housekeeper] com.zaxxer.hikari.pool.HikariPool        : HikariPool-1 - Pool stats (total=10/10, idle=10/10, active=0, waiting=0)
2025-10-14T21:14:05.751+05:30 DEBUG 2988 --- [midtier] [l-1:housekeeper] com.zaxxer.hikari.pool.HikariPool        : HikariPool-1 - Fill pool skipped, pool has sufficient level or currently being filled.
2025-10-14T21:14:35.758+05:30 DEBUG 2988 --- [midtier] [l-1:housekeeper] com.zaxxer.hikari.pool.HikariPool        : HikariPool-1 - Pool stats (total=10/10, idle=10/10, active=0, waiting=0)
2025-10-14T21:14:35.759+05:30 DEBUG 2988 --- [midtier] [l-1:housekeeper] com.zaxxer.hikari.pool.HikariPool        : HikariPool-1 - Fill pool skipped, pool has sufficient level or currently being filled.
2025-10-14T21:14:35.797+05:30 DEBUG 2988 --- [midtier] [l-1:housekeeper] com.zaxxer.hikari.pool.HikariPool        : HikariPool-1 - keepalive: connection org.postgresql.jdbc.PgConnection@68529ed8 is alive
2025-10-14T21:14:43.019+05:30 DEBUG 2988 --- [midtier] [l-1:housekeeper] com.zaxxer.hikari.pool.HikariPool        : HikariPool-1 - keepalive: connection org.postgresql.jdbc.PgConnection@31fa74e0 is alive
2025-10-14T21:14:43.056+05:30 DEBUG 2988 --- [midtier] [l-1:housekeeper] com.zaxxer.hikari.pool.HikariPool        : HikariPool-1 - keepalive: connection org.postgresql.jdbc.PgConnection@7f77e4d8 is alive
2025-10-14T21:15:01.456+05:30 DEBUG 2988 --- [midtier] [l-1:housekeeper] com.zaxxer.hikari.pool.HikariPool        : HikariPool-1 - keepalive: connection org.postgresql.jdbc.PgConnection@4c945755 is alive
2025-10-14T21:15:01.486+05:30 DEBUG 2988 --- [midtier] [l-1:housekeeper] com.zaxxer.hikari.pool.HikariPool        : HikariPool-1 - keepalive: connection org.postgresql.jdbc.PgConnection@3acf9ad3 is alive
2025-10-14T21:15:05.770+05:30 DEBUG 2988 --- [midtier] [l-1:housekeeper] com.zaxxer.hikari.pool.HikariPool        : HikariPool-1 - Pool stats (total=10/10, idle=10/10, active=0, waiting=0)
2025-10-14T21:15:05.771+05:30 DEBUG 2988 --- [midtier] [l-1:housekeeper] com.zaxxer.hikari.pool.HikariPool        : HikariPool-1 - Fill pool skipped, pool has sufficient level or currently being filled.
2025-10-14T21:15:19.983+05:30 DEBUG 2988 --- [midtier] [l-1:housekeeper] com.zaxxer.hikari.pool.HikariPool        : HikariPool-1 - keepalive: connection org.postgresql.jdbc.PgConnection@3f3d8d77 is alive
2025-10-14T21:15:24.325+05:30 DEBUG 2988 --- [midtier] [l-1:housekeeper] com.zaxxer.hikari.pool.HikariPool        : HikariPool-1 - keepalive: connection org.postgresql.jdbc.PgConnection@6fa7cfca is alive
2025-10-14T21:30:57.257+05:30 DEBUG 2988 --- [midtier] [nnection-closer] com.zaxxer.hikari.pool.PoolBase          : HikariPool-1 - Closing connection org.postgresql.jdbc.PgConnection@7cf06901: (connection has passed maxLifetime)
2025-10-14T21:30:57.260+05:30 DEBUG 2988 --- [midtier] [onnection-adder] com.zaxxer.hikari.pool.PoolBase          : HikariPool-1 - Attempting to create/setup new connection (442dd07e-fd29-4e8b-b970-edce9842f112)
2025-10-14T21:30:57.285+05:30 DEBUG 2988 --- [midtier] [onnection-adder] com.zaxxer.hikari.pool.PoolBase          : HikariPool-1 - Established new connection (442dd07e-fd29-4e8b-b970-edce9842f112)
2025-10-14T21:30:57.285+05:30 DEBUG 2988 --- [midtier] [onnection-adder] com.zaxxer.hikari.pool.HikariPool        : HikariPool-1 - Added connection org.postgresql.jdbc.PgConnection@1efcff2
2025-10-14T21:30:59.444+05:30  WARN 2988 --- [midtier] [l-1:housekeeper] com.zaxxer.hikari.pool.HikariPool        : HikariPool-1 - Thread starvation or clock leap detected (housekeeper delta=15m53s666ms).
2025-10-14T21:30:59.445+05:30 DEBUG 2988 --- [midtier] [l-1:housekeeper] com.zaxxer.hikari.pool.HikariPool        : HikariPool-1 - Pool stats (total=10/10, idle=10/10, active=0, waiting=0)
2025-10-14T21:30:59.445+05:30 DEBUG 2988 --- [midtier] [l-1:housekeeper] com.zaxxer.hikari.pool.HikariPool        : HikariPool-1 - Fill pool skipped, pool has sufficient level or currently being filled.
2025-10-14T21:31:06.174+05:30 DEBUG 2988 --- [midtier] [l-1:housekeeper] com.zaxxer.hikari.pool.HikariPool        : HikariPool-1 - keepalive: connection org.postgresql.jdbc.PgConnection@4610227d is alive
2025-10-14T21:31:06.527+05:30 DEBUG 2988 --- [midtier] [nnection-closer] com.zaxxer.hikari.pool.PoolBase          : HikariPool-1 - Closing connection org.postgresql.jdbc.PgConnection@bca26ef: (connection has passed maxLifetime)
2025-10-14T21:31:06.531+05:30 DEBUG 2988 --- [midtier] [onnection-adder] com.zaxxer.hikari.pool.PoolBase          : HikariPool-1 - Attempting to create/setup new connection (fe690ca4-7f1e-4246-96bb-7eb77463d3b2)
2025-10-14T21:31:06.672+05:30 DEBUG 2988 --- [midtier] [onnection-adder] com.zaxxer.hikari.pool.PoolBase          : HikariPool-1 - Established new connection (fe690ca4-7f1e-4246-96bb-7eb77463d3b2)
2025-10-14T21:31:06.674+05:30 DEBUG 2988 --- [midtier] [onnection-adder] com.zaxxer.hikari.pool.HikariPool        : HikariPool-1 - Added connection org.postgresql.jdbc.PgConnection@436c38f8
2025-10-14T21:31:29.456+05:30 DEBUG 2988 --- [midtier] [l-1:housekeeper] com.zaxxer.hikari.pool.HikariPool        : HikariPool-1 - Pool stats (total=10/10, idle=10/10, active=0, waiting=0)
2025-10-14T21:31:29.458+05:30 DEBUG 2988 --- [midtier] [l-1:housekeeper] com.zaxxer.hikari.pool.HikariPool        : HikariPool-1 - Fill pool skipped, pool has sufficient level or currently being filled.
2025-10-14T21:39:29.994+05:30 DEBUG 2988 --- [midtier] [l-1:housekeeper] com.zaxxer.hikari.pool.HikariPool        : HikariPool-1 - keepalive: connection org.postgresql.jdbc.PgConnection@68529ed8 is alive
2025-10-14T21:39:33.371+05:30 DEBUG 2988 --- [midtier] [l-1:housekeeper] com.zaxxer.hikari.pool.HikariPool        : HikariPool-1 - keepalive: connection org.postgresql.jdbc.PgConnection@31fa74e0 is alive
2025-10-14T21:39:36.483+05:30 DEBUG 2988 --- [midtier] [l-1:housekeeper] com.zaxxer.hikari.pool.HikariPool        : HikariPool-1 - keepalive: connection org.postgresql.jdbc.PgConnection@7f77e4d8 is alive
2025-10-14T21:39:43.036+05:30  WARN 2988 --- [midtier] [l-1:housekeeper] com.zaxxer.hikari.pool.HikariPool        : HikariPool-1 - Thread starvation or clock leap detected (housekeeper delta=8m13s580ms).
2025-10-14T21:39:43.038+05:30 DEBUG 2988 --- [midtier] [l-1:housekeeper] com.zaxxer.hikari.pool.HikariPool        : HikariPool-1 - Pool stats (total=10/10, idle=10/10, active=0, waiting=0)
2025-10-14T21:39:43.039+05:30 DEBUG 2988 --- [midtier] [l-1:housekeeper] com.zaxxer.hikari.pool.HikariPool        : HikariPool-1 - Fill pool skipped, pool has sufficient level or currently being filled.
2025-10-14T21:39:45.254+05:30 DEBUG 2988 --- [midtier] [l-1:housekeeper] com.zaxxer.hikari.pool.HikariPool        : HikariPool-1 - keepalive: connection org.postgresql.jdbc.PgConnection@3acf9ad3 is alive
2025-10-14T21:39:46.753+05:30 DEBUG 2988 --- [midtier] [l-1:housekeeper] com.zaxxer.hikari.pool.HikariPool        : HikariPool-1 - keepalive: connection org.postgresql.jdbc.PgConnection@4c945755 is alive
2025-10-14T21:55:38.450+05:30  WARN 2988 --- [midtier] [l-1:housekeeper] com.zaxxer.hikari.pool.HikariPool        : HikariPool-1 - Thread starvation or clock leap detected (housekeeper delta=15m55s414ms).
2025-10-14T21:55:38.815+05:30 DEBUG 2988 --- [midtier] [l-1:housekeeper] com.zaxxer.hikari.pool.HikariPool        : HikariPool-1 - Pool stats (total=10/10, idle=10/10, active=0, waiting=0)
2025-10-14T21:55:38.815+05:30 DEBUG 2988 --- [midtier] [l-1:housekeeper] com.zaxxer.hikari.pool.HikariPool        : HikariPool-1 - Fill pool skipped, pool has sufficient level or currently being filled.
2025-10-14T21:55:44.748+05:30 DEBUG 2988 --- [midtier] [l-1:housekeeper] com.zaxxer.hikari.pool.HikariPool        : HikariPool-1 - keepalive: connection org.postgresql.jdbc.PgConnection@3f3d8d77 is alive
2025-10-14T21:55:46.936+05:30 DEBUG 2988 --- [midtier] [l-1:housekeeper] com.zaxxer.hikari.pool.HikariPool        : HikariPool-1 - keepalive: connection org.postgresql.jdbc.PgConnection@1efcff2 is alive
2025-10-14T21:55:47.035+05:30 DEBUG 2988 --- [midtier] [l-1:housekeeper] com.zaxxer.hikari.pool.HikariPool        : HikariPool-1 - keepalive: connection org.postgresql.jdbc.PgConnection@6fa7cfca is alive
2025-10-14T21:56:01.676+05:30 DEBUG 2988 --- [midtier] [l-1:housekeeper] com.zaxxer.hikari.pool.HikariPool        : HikariPool-1 - keepalive: connection org.postgresql.jdbc.PgConnection@436c38f8 is alive
2025-10-14T21:56:03.476+05:30 DEBUG 2988 --- [midtier] [l-1:housekeeper] com.zaxxer.hikari.pool.HikariPool        : HikariPool-1 - keepalive: connection org.postgresql.jdbc.PgConnection@4610227d is alive
2025-10-14T21:56:08.839+05:30 DEBUG 2988 --- [midtier] [l-1:housekeeper] com.zaxxer.hikari.pool.HikariPool        : HikariPool-1 - Pool stats (total=10/10, idle=10/10, active=0, waiting=0)
2025-10-14T21:56:08.841+05:30 DEBUG 2988 --- [midtier] [l-1:housekeeper] com.zaxxer.hikari.pool.HikariPool        : HikariPool-1 - Fill pool skipped, pool has sufficient level or currently being filled.
2025-10-14T22:12:02.173+05:30  WARN 2988 --- [midtier] [l-1:housekeeper] com.zaxxer.hikari.pool.HikariPool        : HikariPool-1 - Thread starvation or clock leap detected (housekeeper delta=15m53s334ms).
2025-10-14T22:12:02.174+05:30 DEBUG 2988 --- [midtier] [l-1:housekeeper] com.zaxxer.hikari.pool.HikariPool        : HikariPool-1 - Pool stats (total=10/10, idle=10/10, active=0, waiting=0)
2025-10-14T22:12:02.174+05:30 DEBUG 2988 --- [midtier] [l-1:housekeeper] com.zaxxer.hikari.pool.HikariPool        : HikariPool-1 - Fill pool skipped, pool has sufficient level or currently being filled.
2025-10-14T22:12:04.229+05:30 DEBUG 2988 --- [midtier] [l-1:housekeeper] com.zaxxer.hikari.pool.HikariPool        : HikariPool-1 - keepalive: connection org.postgresql.jdbc.PgConnection@31fa74e0 is alive
2025-10-14T22:12:04.693+05:30 DEBUG 2988 --- [midtier] [l-1:housekeeper] com.zaxxer.hikari.pool.HikariPool        : HikariPool-1 - keepalive: connection org.postgresql.jdbc.PgConnection@68529ed8 is alive
2025-10-14T22:12:09.529+05:30 DEBUG 2988 --- [midtier] [l-1:housekeeper] com.zaxxer.hikari.pool.HikariPool        : HikariPool-1 - keepalive: connection org.postgresql.jdbc.PgConnection@3acf9ad3 is alive
2025-10-14T22:12:10.429+05:30 DEBUG 2988 --- [midtier] [l-1:housekeeper] com.zaxxer.hikari.pool.HikariPool        : HikariPool-1 - keepalive: connection org.postgresql.jdbc.PgConnection@7f77e4d8 is alive
2025-10-14T22:12:12.544+05:30 DEBUG 2988 --- [midtier] [l-1:housekeeper] com.zaxxer.hikari.pool.HikariPool        : HikariPool-1 - keepalive: connection org.postgresql.jdbc.PgConnection@4c945755 is alive
2025-10-14T22:12:32.174+05:30 DEBUG 2988 --- [midtier] [l-1:housekeeper] com.zaxxer.hikari.pool.HikariPool        : HikariPool-1 - Pool stats (total=10/10, idle=10/10, active=0, waiting=0)
2025-10-14T22:12:32.176+05:30 DEBUG 2988 --- [midtier] [l-1:housekeeper] com.zaxxer.hikari.pool.HikariPool        : HikariPool-1 - Fill pool skipped, pool has sufficient level or currently being filled.
2025-10-14T22:28:15.501+05:30 DEBUG 2988 --- [midtier] [l-1:housekeeper] com.zaxxer.hikari.pool.HikariPool        : HikariPool-1 - keepalive: connection org.postgresql.jdbc.PgConnection@1efcff2 is alive
2025-10-14T22:28:24.778+05:30 DEBUG 2988 --- [midtier] [l-1:housekeeper] com.zaxxer.hikari.pool.HikariPool        : HikariPool-1 - keepalive: connection org.postgresql.jdbc.PgConnection@3f3d8d77 is alive
2025-10-14T22:28:24.987+05:30 DEBUG 2988 --- [midtier] [l-1:housekeeper] com.zaxxer.hikari.pool.HikariPool        : HikariPool-1 - keepalive: connection org.postgresql.jdbc.PgConnection@6fa7cfca is alive
2025-10-14T22:28:25.728+05:30  WARN 2988 --- [midtier] [l-1:housekeeper] com.zaxxer.hikari.pool.HikariPool        : HikariPool-1 - Thread starvation or clock leap detected (housekeeper delta=15m53s553ms).
2025-10-14T22:28:25.729+05:30 DEBUG 2988 --- [midtier] [l-1:housekeeper] com.zaxxer.hikari.pool.HikariPool        : HikariPool-1 - Pool stats (total=10/10, idle=10/10, active=0, waiting=0)
2025-10-14T22:28:25.729+05:30 DEBUG 2988 --- [midtier] [l-1:housekeeper] com.zaxxer.hikari.pool.HikariPool        : HikariPool-1 - Fill pool skipped, pool has sufficient level or currently being filled.
2025-10-14T22:28:35.552+05:30 DEBUG 2988 --- [midtier] [l-1:housekeeper] com.zaxxer.hikari.pool.HikariPool        : HikariPool-1 - keepalive: connection org.postgresql.jdbc.PgConnection@436c38f8 is alive
2025-10-14T22:28:39.678+05:30 DEBUG 2988 --- [midtier] [l-1:housekeeper] com.zaxxer.hikari.pool.HikariPool        : HikariPool-1 - keepalive: connection org.postgresql.jdbc.PgConnection@4610227d is alive
2025-10-14T22:44:20.149+05:30  WARN 2988 --- [midtier] [l-1:housekeeper] com.zaxxer.hikari.pool.HikariPool        : HikariPool-1 - Thread starvation or clock leap detected (housekeeper delta=15m54s422ms).
2025-10-14T22:44:20.149+05:30 DEBUG 2988 --- [midtier] [l-1:housekeeper] com.zaxxer.hikari.pool.HikariPool        : HikariPool-1 - Pool stats (total=10/10, idle=10/10, active=0, waiting=0)
2025-10-14T22:44:20.150+05:30 DEBUG 2988 --- [midtier] [l-1:housekeeper] com.zaxxer.hikari.pool.HikariPool        : HikariPool-1 - Fill pool skipped, pool has sufficient level or currently being filled.
2025-10-14T22:44:34.035+05:30 DEBUG 2988 --- [midtier] [l-1:housekeeper] com.zaxxer.hikari.pool.HikariPool        : HikariPool-1 - keepalive: connection org.postgresql.jdbc.PgConnection@3acf9ad3 is alive
2025-10-14T22:44:35.324+05:30 DEBUG 2988 --- [midtier] [l-1:housekeeper] com.zaxxer.hikari.pool.HikariPool        : HikariPool-1 - keepalive: connection org.postgresql.jdbc.PgConnection@31fa74e0 is alive
2025-10-14T22:44:38.581+05:30 DEBUG 2988 --- [midtier] [l-1:housekeeper] com.zaxxer.hikari.pool.HikariPool        : HikariPool-1 - keepalive: connection org.postgresql.jdbc.PgConnection@4c945755 is alive
2025-10-14T22:44:39.637+05:30 DEBUG 2988 --- [midtier] [l-1:housekeeper] com.zaxxer.hikari.pool.HikariPool        : HikariPool-1 - keepalive: connection org.postgresql.jdbc.PgConnection@68529ed8 is alive
2025-10-14T22:44:44.605+05:30 DEBUG 2988 --- [midtier] [l-1:housekeeper] com.zaxxer.hikari.pool.HikariPool        : HikariPool-1 - keepalive: connection org.postgresql.jdbc.PgConnection@7f77e4d8 is alive
2025-10-14T22:44:50.179+05:30 DEBUG 2988 --- [midtier] [l-1:housekeeper] com.zaxxer.hikari.pool.HikariPool        : HikariPool-1 - Pool stats (total=10/10, idle=10/10, active=0, waiting=0)
2025-10-14T22:44:50.181+05:30 DEBUG 2988 --- [midtier] [l-1:housekeeper] com.zaxxer.hikari.pool.HikariPool        : HikariPool-1 - Fill pool skipped, pool has sufficient level or currently being filled.
2025-10-14T23:00:44.619+05:30  WARN 2988 --- [midtier] [l-1:housekeeper] com.zaxxer.hikari.pool.HikariPool        : HikariPool-1 - Thread starvation or clock leap detected (housekeeper delta=15m54s440ms).
2025-10-14T23:00:44.621+05:30 DEBUG 2988 --- [midtier] [l-1:housekeeper] com.zaxxer.hikari.pool.HikariPool        : HikariPool-1 - Pool stats (total=10/10, idle=10/10, active=0, waiting=0)
2025-10-14T23:00:44.623+05:30 DEBUG 2988 --- [midtier] [l-1:housekeeper] com.zaxxer.hikari.pool.HikariPool        : HikariPool-1 - Fill pool skipped, pool has sufficient level or currently being filled.
2025-10-14T23:00:46.074+05:30 DEBUG 2988 --- [midtier] [l-1:housekeeper] com.zaxxer.hikari.pool.HikariPool        : HikariPool-1 - keepalive: connection org.postgresql.jdbc.PgConnection@1efcff2 is alive
2025-10-14T23:01:04.948+05:30 DEBUG 2988 --- [midtier] [l-1:housekeeper] com.zaxxer.hikari.pool.HikariPool        : HikariPool-1 - keepalive: connection org.postgresql.jdbc.PgConnection@6fa7cfca is alive
2025-10-14T23:01:06.796+05:30 DEBUG 2988 --- [midtier] [l-1:housekeeper] com.zaxxer.hikari.pool.HikariPool        : HikariPool-1 - keepalive: connection org.postgresql.jdbc.PgConnection@3f3d8d77 is alive
2025-10-14T23:01:11.435+05:30 DEBUG 2988 --- [midtier] [l-1:housekeeper] com.zaxxer.hikari.pool.HikariPool        : HikariPool-1 - keepalive: connection org.postgresql.jdbc.PgConnection@436c38f8 is alive
2025-10-14T23:01:14.626+05:30 DEBUG 2988 --- [midtier] [l-1:housekeeper] com.zaxxer.hikari.pool.HikariPool        : HikariPool-1 - Pool stats (total=10/10, idle=10/10, active=0, waiting=0)
2025-10-14T23:01:14.626+05:30 DEBUG 2988 --- [midtier] [l-1:housekeeper] com.zaxxer.hikari.pool.HikariPool        : HikariPool-1 - Fill pool skipped, pool has sufficient level or currently being filled.
2025-10-14T23:01:17.874+05:30 DEBUG 2988 --- [midtier] [l-1:housekeeper] com.zaxxer.hikari.pool.HikariPool        : HikariPool-1 - keepalive: connection org.postgresql.jdbc.PgConnection@4610227d is alive
2025-10-14T23:11:05.001+05:30 DEBUG 2988 --- [midtier] [l-1:housekeeper] com.zaxxer.hikari.pool.HikariPool        : HikariPool-1 - keepalive: connection org.postgresql.jdbc.PgConnection@3acf9ad3 is alive
2025-10-14T23:11:11.084+05:30 DEBUG 2988 --- [midtier] [l-1:housekeeper] com.zaxxer.hikari.pool.HikariPool        : HikariPool-1 - keepalive: connection org.postgresql.jdbc.PgConnection@4c945755 is alive
2025-10-14T23:11:12.884+05:30 DEBUG 2988 --- [midtier] [l-1:housekeeper] com.zaxxer.hikari.pool.HikariPool        : HikariPool-1 - keepalive: connection org.postgresql.jdbc.PgConnection@31fa74e0 is alive
2025-10-14T23:11:14.618+05:30  WARN 2988 --- [midtier] [l-1:housekeeper] com.zaxxer.hikari.pool.HikariPool        : HikariPool-1 - Thread starvation or clock leap detected (housekeeper delta=9m59s991ms).
2025-10-14T23:11:14.619+05:30 DEBUG 2988 --- [midtier] [l-1:housekeeper] com.zaxxer.hikari.pool.HikariPool        : HikariPool-1 - Pool stats (total=10/10, idle=10/10, active=0, waiting=0)
2025-10-14T23:11:14.620+05:30 DEBUG 2988 --- [midtier] [l-1:housekeeper] com.zaxxer.hikari.pool.HikariPool        : HikariPool-1 - Fill pool skipped, pool has sufficient level or currently being filled.
2025-10-14T23:11:21.037+05:30 DEBUG 2988 --- [midtier] [l-1:housekeeper] com.zaxxer.hikari.pool.HikariPool        : HikariPool-1 - keepalive: connection org.postgresql.jdbc.PgConnection@68529ed8 is alive
2025-10-14T23:11:25.238+05:30 DEBUG 2988 --- [midtier] [l-1:housekeeper] com.zaxxer.hikari.pool.HikariPool        : HikariPool-1 - keepalive: connection org.postgresql.jdbc.PgConnection@7f77e4d8 is alive
2025-10-14T23:15:28.625+05:30  WARN 2988 --- [midtier] [l-1:housekeeper] com.zaxxer.hikari.pool.HikariPool        : HikariPool-1 - Thread starvation or clock leap detected (housekeeper delta=4m14s8ms).
2025-10-14T23:15:28.625+05:30 DEBUG 2988 --- [midtier] [l-1:housekeeper] com.zaxxer.hikari.pool.HikariPool        : HikariPool-1 - Pool stats (total=10/10, idle=10/10, active=0, waiting=0)
2025-10-14T23:15:28.625+05:30 DEBUG 2988 --- [midtier] [l-1:housekeeper] com.zaxxer.hikari.pool.HikariPool        : HikariPool-1 - Fill pool skipped, pool has sufficient level or currently being filled.
2025-10-15T00:58:37.049+05:30 DEBUG 2988 --- [midtier] [l-1:housekeeper] com.zaxxer.hikari.pool.HikariPool        : HikariPool-1 - keepalive: connection org.postgresql.jdbc.PgConnection@1efcff2 is alive
2025-10-15T00:58:49.102+05:30  WARN 2988 --- [midtier] [l-1:housekeeper] com.zaxxer.hikari.pool.HikariPool        : HikariPool-1 - Thread starvation or clock leap detected (housekeeper delta=1h43m20s472ms).
2025-10-15T00:58:49.113+05:30 DEBUG 2988 --- [midtier] [l-1:housekeeper] com.zaxxer.hikari.pool.HikariPool        : HikariPool-1 - Pool stats (total=10/10, idle=10/10, active=0, waiting=0)
2025-10-15T00:58:49.113+05:30 DEBUG 2988 --- [midtier] [l-1:housekeeper] com.zaxxer.hikari.pool.HikariPool        : HikariPool-1 - Fill pool skipped, pool has sufficient level or currently being filled.
2025-10-15T00:59:00.511+05:30 DEBUG 2988 --- [midtier] [l-1:housekeeper] com.zaxxer.hikari.pool.HikariPool        : HikariPool-1 - keepalive: connection org.postgresql.jdbc.PgConnection@6fa7cfca is alive
2025-10-15T00:59:02.902+05:30 DEBUG 2988 --- [midtier] [l-1:housekeeper] com.zaxxer.hikari.pool.HikariPool        : HikariPool-1 - keepalive: connection org.postgresql.jdbc.PgConnection@436c38f8 is alive
2025-10-15T00:59:04.397+05:30 DEBUG 2988 --- [midtier] [l-1:housekeeper] com.zaxxer.hikari.pool.HikariPool        : HikariPool-1 - keepalive: connection org.postgresql.jdbc.PgConnection@3f3d8d77 is alive
2025-10-15T02:46:52.716+05:30 DEBUG 2988 --- [midtier] [l-1:housekeeper] com.zaxxer.hikari.pool.HikariPool        : HikariPool-1 - keepalive: connection org.postgresql.jdbc.PgConnection@4610227d is alive
2025-10-15T02:46:54.735+05:30 DEBUG 2988 --- [midtier] [l-1:housekeeper] com.zaxxer.hikari.pool.HikariPool        : HikariPool-1 - keepalive: connection org.postgresql.jdbc.PgConnection@3acf9ad3 is alive
2025-10-15T02:46:57.818+05:30  WARN 2988 --- [midtier] [l-1:housekeeper] com.zaxxer.hikari.pool.HikariPool        : HikariPool-1 - Thread starvation or clock leap detected (housekeeper delta=1h48m8s720ms).
2025-10-15T02:46:57.819+05:30 DEBUG 2988 --- [midtier] [l-1:housekeeper] com.zaxxer.hikari.pool.HikariPool        : HikariPool-1 - Pool stats (total=10/10, idle=10/10, active=0, waiting=0)
2025-10-15T02:46:57.820+05:30 DEBUG 2988 --- [midtier] [l-1:housekeeper] com.zaxxer.hikari.pool.HikariPool        : HikariPool-1 - Fill pool skipped, pool has sufficient level or currently being filled.
2025-10-15T02:47:02.414+05:30 DEBUG 2988 --- [midtier] [l-1:housekeeper] com.zaxxer.hikari.pool.HikariPool        : HikariPool-1 - keepalive: connection org.postgresql.jdbc.PgConnection@4c945755 is alive
2025-10-15T02:47:09.274+05:30 DEBUG 2988 --- [midtier] [l-1:housekeeper] com.zaxxer.hikari.pool.HikariPool        : HikariPool-1 - keepalive: connection org.postgresql.jdbc.PgConnection@31fa74e0 is alive
2025-10-15T02:47:21.275+05:30 DEBUG 2988 --- [midtier] [l-1:housekeeper] com.zaxxer.hikari.pool.HikariPool        : HikariPool-1 - keepalive: connection org.postgresql.jdbc.PgConnection@68529ed8 is alive
2025-10-15T03:04:09.849+05:30 DEBUG 2988 --- [midtier] [l-1:housekeeper] com.zaxxer.hikari.pool.HikariPool        : HikariPool-1 - keepalive: connection org.postgresql.jdbc.PgConnection@7f77e4d8 is alive
2025-10-15T03:04:09.862+05:30  WARN 2988 --- [midtier] [l-1:housekeeper] com.zaxxer.hikari.pool.HikariPool        : HikariPool-1 - Thread starvation or clock leap detected (housekeeper delta=17m12s44ms).
2025-10-15T03:04:09.865+05:30 DEBUG 2988 --- [midtier] [l-1:housekeeper] com.zaxxer.hikari.pool.HikariPool        : HikariPool-1 - Pool stats (total=10/10, idle=10/10, active=0, waiting=0)
2025-10-15T03:04:09.877+05:30 DEBUG 2988 --- [midtier] [l-1:housekeeper] com.zaxxer.hikari.pool.HikariPool        : HikariPool-1 - Fill pool skipped, pool has sufficient level or currently being filled.
2025-10-15T03:04:33.825+05:30 DEBUG 2988 --- [midtier] [nnection-closer] com.zaxxer.hikari.pool.PoolBase          : HikariPool-1 - Closing connection org.postgresql.jdbc.PgConnection@4c945755: (connection has passed maxLifetime)
2025-10-15T03:04:33.836+05:30 DEBUG 2988 --- [midtier] [onnection-adder] com.zaxxer.hikari.pool.PoolBase          : HikariPool-1 - Attempting to create/setup new connection (07778bfa-e7e9-4515-ad15-6a043357199b)
2025-10-15T03:04:33.892+05:30 DEBUG 2988 --- [midtier] [onnection-adder] com.zaxxer.hikari.pool.PoolBase          : HikariPool-1 - Established new connection (07778bfa-e7e9-4515-ad15-6a043357199b)
2025-10-15T03:04:33.892+05:30 DEBUG 2988 --- [midtier] [onnection-adder] com.zaxxer.hikari.pool.HikariPool        : HikariPool-1 - Added connection org.postgresql.jdbc.PgConnection@47ff91de
2025-10-15T03:04:35.314+05:30 DEBUG 2988 --- [midtier] [l-1:housekeeper] com.zaxxer.hikari.pool.HikariPool        : HikariPool-1 - keepalive: connection org.postgresql.jdbc.PgConnection@1efcff2 is alive
2025-10-15T04:52:21.961+05:30  WARN 2988 --- [midtier] [l-1:housekeeper] com.zaxxer.hikari.pool.HikariPool        : HikariPool-1 - Thread starvation or clock leap detected (housekeeper delta=1h48m11s920ms).
2025-10-15T04:52:22.319+05:30 DEBUG 2988 --- [midtier] [l-1:housekeeper] com.zaxxer.hikari.pool.HikariPool        : HikariPool-1 - Pool stats (total=10/10, idle=10/10, active=0, waiting=0)
2025-10-15T04:52:22.361+05:30 DEBUG 2988 --- [midtier] [l-1:housekeeper] com.zaxxer.hikari.pool.HikariPool        : HikariPool-1 - Fill pool skipped, pool has sufficient level or currently being filled.
2025-10-15T04:52:42.991+05:30 DEBUG 2988 --- [midtier] [l-1:housekeeper] com.zaxxer.hikari.pool.HikariPool        : HikariPool-1 - keepalive: connection org.postgresql.jdbc.PgConnection@436c38f8 is alive
2025-10-15T04:52:44.670+05:30 DEBUG 2988 --- [midtier] [l-1:housekeeper] com.zaxxer.hikari.pool.HikariPool        : HikariPool-1 - keepalive: connection org.postgresql.jdbc.PgConnection@6fa7cfca is alive
2025-10-15T04:52:45.658+05:30 DEBUG 2988 --- [midtier] [l-1:housekeeper] com.zaxxer.hikari.pool.HikariPool        : HikariPool-1 - keepalive: connection org.postgresql.jdbc.PgConnection@3acf9ad3 is alive
2025-10-15T04:52:50.615+05:30 DEBUG 2988 --- [midtier] [l-1:housekeeper] com.zaxxer.hikari.pool.HikariPool        : HikariPool-1 - keepalive: connection org.postgresql.jdbc.PgConnection@3f3d8d77 is alive
2025-10-15T05:05:15.779+05:30  WARN 2988 --- [midtier] [l-1:housekeeper] com.zaxxer.hikari.pool.HikariPool        : HikariPool-1 - Thread starvation or clock leap detected (housekeeper delta=12m53s951ms).
2025-10-15T05:05:16.022+05:30 DEBUG 2988 --- [midtier] [l-1:housekeeper] com.zaxxer.hikari.pool.HikariPool        : HikariPool-1 - Pool stats (total=10/10, idle=10/10, active=0, waiting=0)
2025-10-15T05:05:16.071+05:30 DEBUG 2988 --- [midtier] [l-1:housekeeper] com.zaxxer.hikari.pool.HikariPool        : HikariPool-1 - Fill pool skipped, pool has sufficient level or currently being filled.
2025-10-15T05:05:16.817+05:30 DEBUG 2988 --- [midtier] [l-1:housekeeper] com.zaxxer.hikari.pool.HikariPool        : HikariPool-1 - keepalive: connection org.postgresql.jdbc.PgConnection@4610227d is alive
2025-10-15T05:05:23.424+05:30 DEBUG 2988 --- [midtier] [l-1:housekeeper] com.zaxxer.hikari.pool.HikariPool        : HikariPool-1 - keepalive: connection org.postgresql.jdbc.PgConnection@31fa74e0 is alive
2025-10-15T05:05:39.280+05:30 DEBUG 2988 --- [midtier] [l-1:housekeeper] com.zaxxer.hikari.pool.HikariPool        : HikariPool-1 - keepalive: connection org.postgresql.jdbc.PgConnection@68529ed8 is alive
2025-10-15T05:05:46.071+05:30 DEBUG 2988 --- [midtier] [l-1:housekeeper] com.zaxxer.hikari.pool.HikariPool        : HikariPool-1 - Pool stats (total=10/10, idle=10/10, active=0, waiting=0)
2025-10-15T05:05:46.071+05:30 DEBUG 2988 --- [midtier] [l-1:housekeeper] com.zaxxer.hikari.pool.HikariPool        : HikariPool-1 - Fill pool skipped, pool has sufficient level or currently being filled.
2025-10-15T06:06:25.875+05:30 DEBUG 2988 --- [midtier] [l-1:housekeeper] com.zaxxer.hikari.pool.HikariPool        : HikariPool-1 - keepalive: connection org.postgresql.jdbc.PgConnection@7f77e4d8 is alive
2025-10-15T06:06:42.274+05:30 DEBUG 2988 --- [midtier] [l-1:housekeeper] com.zaxxer.hikari.pool.HikariPool        : HikariPool-1 - keepalive: connection org.postgresql.jdbc.PgConnection@1efcff2 is alive
2025-10-15T06:06:47.871+05:30  WARN 2988 --- [midtier] [l-1:housekeeper] com.zaxxer.hikari.pool.HikariPool        : HikariPool-1 - Thread starvation or clock leap detected (housekeeper delta=1h1m1s798ms).
2025-10-15T06:06:47.872+05:30 DEBUG 2988 --- [midtier] [l-1:housekeeper] com.zaxxer.hikari.pool.HikariPool        : HikariPool-1 - Pool stats (total=10/10, idle=10/10, active=0, waiting=0)
2025-10-15T06:06:47.872+05:30 DEBUG 2988 --- [midtier] [l-1:housekeeper] com.zaxxer.hikari.pool.HikariPool        : HikariPool-1 - Fill pool skipped, pool has sufficient level or currently being filled.
2025-10-15T06:06:56.553+05:30 DEBUG 2988 --- [midtier] [l-1:housekeeper] com.zaxxer.hikari.pool.HikariPool        : HikariPool-1 - keepalive: connection org.postgresql.jdbc.PgConnection@47ff91de is alive
2025-10-15T07:07:40.494+05:30 DEBUG 2988 --- [midtier] [l-1:housekeeper] com.zaxxer.hikari.pool.HikariPool        : HikariPool-1 - keepalive: connection org.postgresql.jdbc.PgConnection@3acf9ad3 is alive
2025-10-15T07:07:47.836+05:30  WARN 2988 --- [midtier] [l-1:housekeeper] com.zaxxer.hikari.pool.HikariPool        : HikariPool-1 - Thread starvation or clock leap detected (housekeeper delta=1h59s967ms).
2025-10-15T07:07:47.836+05:30 DEBUG 2988 --- [midtier] [l-1:housekeeper] com.zaxxer.hikari.pool.HikariPool        : HikariPool-1 - Pool stats (total=10/10, idle=10/10, active=0, waiting=0)
2025-10-15T07:07:47.836+05:30 DEBUG 2988 --- [midtier] [l-1:housekeeper] com.zaxxer.hikari.pool.HikariPool        : HikariPool-1 - Fill pool skipped, pool has sufficient level or currently being filled.
2025-10-15T07:07:48.508+05:30 DEBUG 2988 --- [midtier] [l-1:housekeeper] com.zaxxer.hikari.pool.HikariPool        : HikariPool-1 - keepalive: connection org.postgresql.jdbc.PgConnection@436c38f8 is alive
2025-10-15T07:07:54.263+05:30 DEBUG 2988 --- [midtier] [l-1:housekeeper] com.zaxxer.hikari.pool.HikariPool        : HikariPool-1 - keepalive: connection org.postgresql.jdbc.PgConnection@6fa7cfca is alive
2025-10-15T07:08:02.257+05:30 DEBUG 2988 --- [midtier] [l-1:housekeeper] com.zaxxer.hikari.pool.HikariPool        : HikariPool-1 - keepalive: connection org.postgresql.jdbc.PgConnection@3f3d8d77 is alive
2025-10-15T08:08:44.090+05:30 DEBUG 2988 --- [midtier] [l-1:housekeeper] com.zaxxer.hikari.pool.HikariPool        : HikariPool-1 - keepalive: connection org.postgresql.jdbc.PgConnection@4610227d is alive
2025-10-15T08:08:44.300+05:30 DEBUG 2988 --- [midtier] [l-1:housekeeper] com.zaxxer.hikari.pool.HikariPool        : HikariPool-1 - keepalive: connection org.postgresql.jdbc.PgConnection@31fa74e0 is alive
2025-10-15T08:08:48.520+05:30  WARN 2988 --- [midtier] [l-1:housekeeper] com.zaxxer.hikari.pool.HikariPool        : HikariPool-1 - Thread starvation or clock leap detected (housekeeper delta=1h1m683ms).
2025-10-15T08:08:48.521+05:30 DEBUG 2988 --- [midtier] [l-1:housekeeper] com.zaxxer.hikari.pool.HikariPool        : HikariPool-1 - Pool stats (total=10/10, idle=10/10, active=0, waiting=0)
2025-10-15T08:08:48.521+05:30 DEBUG 2988 --- [midtier] [l-1:housekeeper] com.zaxxer.hikari.pool.HikariPool        : HikariPool-1 - Fill pool skipped, pool has sufficient level or currently being filled.
2025-10-15T08:08:58.612+05:30 DEBUG 2988 --- [midtier] [l-1:housekeeper] com.zaxxer.hikari.pool.HikariPool        : HikariPool-1 - keepalive: connection org.postgresql.jdbc.PgConnection@68529ed8 is alive
2025-10-15T08:09:12.650+05:30 DEBUG 2988 --- [midtier] [l-1:housekeeper] com.zaxxer.hikari.pool.HikariPool        : HikariPool-1 - keepalive: connection org.postgresql.jdbc.PgConnection@7f77e4d8 is alive
2025-10-15T08:36:22.859+05:30  WARN 2988 --- [midtier] [l-1:housekeeper] com.zaxxer.hikari.pool.HikariPool        : HikariPool-1 - Thread starvation or clock leap detected (housekeeper delta=27m34s302ms).
2025-10-15T08:36:23.266+05:30 DEBUG 2988 --- [midtier] [l-1:housekeeper] com.zaxxer.hikari.pool.HikariPool        : HikariPool-1 - Pool stats (total=10/10, idle=10/10, active=0, waiting=0)
2025-10-15T08:36:23.277+05:30 DEBUG 2988 --- [midtier] [l-1:housekeeper] com.zaxxer.hikari.pool.HikariPool        : HikariPool-1 - Fill pool skipped, pool has sufficient level or currently being filled.
2025-10-15T08:36:26.748+05:30 DEBUG 2988 --- [midtier] [l-1:housekeeper] com.zaxxer.hikari.pool.HikariPool        : HikariPool-1 - keepalive: connection org.postgresql.jdbc.PgConnection@1efcff2 is alive
2025-10-15T08:37:41.359+05:30 DEBUG 2988 --- [midtier] [l-1:housekeeper] com.zaxxer.hikari.pool.HikariPool        : HikariPool-1 - keepalive: connection org.postgresql.jdbc.PgConnection@3acf9ad3 is alive
2025-10-15T08:37:44.617+05:30  WARN 2988 --- [midtier] [l-1:housekeeper] com.zaxxer.hikari.pool.HikariPool        : HikariPool-1 - Thread starvation or clock leap detected (housekeeper delta=1m21s795ms).
2025-10-15T08:37:44.617+05:30 DEBUG 2988 --- [midtier] [l-1:housekeeper] com.zaxxer.hikari.pool.HikariPool        : HikariPool-1 - Pool stats (total=10/10, idle=10/10, active=0, waiting=0)
2025-10-15T08:37:44.617+05:30 DEBUG 2988 --- [midtier] [l-1:housekeeper] com.zaxxer.hikari.pool.HikariPool        : HikariPool-1 - Fill pool skipped, pool has sufficient level or currently being filled.
2025-10-15T08:37:48.038+05:30 DEBUG 2988 --- [midtier] [l-1:housekeeper] com.zaxxer.hikari.pool.HikariPool        : HikariPool-1 - keepalive: connection org.postgresql.jdbc.PgConnection@47ff91de is alive
2025-10-15T09:09:52.695+05:30 DEBUG 2988 --- [midtier] [l-1:housekeeper] com.zaxxer.hikari.pool.HikariPool        : HikariPool-1 - keepalive: connection org.postgresql.jdbc.PgConnection@436c38f8 is alive
2025-10-15T09:09:59.075+05:30 DEBUG 2988 --- [midtier] [l-1:housekeeper] com.zaxxer.hikari.pool.HikariPool        : HikariPool-1 - keepalive: connection org.postgresql.jdbc.PgConnection@6fa7cfca is alive
2025-10-15T09:10:04.229+05:30  WARN 2988 --- [midtier] [l-1:housekeeper] com.zaxxer.hikari.pool.HikariPool        : HikariPool-1 - Thread starvation or clock leap detected (housekeeper delta=32m19s612ms).
2025-10-15T09:10:04.229+05:30 DEBUG 2988 --- [midtier] [l-1:housekeeper] com.zaxxer.hikari.pool.HikariPool        : HikariPool-1 - Pool stats (total=10/10, idle=10/10, active=0, waiting=0)
2025-10-15T09:10:04.229+05:30 DEBUG 2988 --- [midtier] [l-1:housekeeper] com.zaxxer.hikari.pool.HikariPool        : HikariPool-1 - Fill pool skipped, pool has sufficient level or currently being filled.
2025-10-15T09:10:09.162+05:30 DEBUG 2988 --- [midtier] [l-1:housekeeper] com.zaxxer.hikari.pool.HikariPool        : HikariPool-1 - keepalive: connection org.postgresql.jdbc.PgConnection@3f3d8d77 is alive
2025-10-15T09:10:10.507+05:30 DEBUG 2988 --- [midtier] [l-1:housekeeper] com.zaxxer.hikari.pool.HikariPool        : HikariPool-1 - keepalive: connection org.postgresql.jdbc.PgConnection@31fa74e0 is alive
2025-10-15T09:10:16.538+05:30 DEBUG 2988 --- [midtier] [l-1:housekeeper] com.zaxxer.hikari.pool.HikariPool        : HikariPool-1 - keepalive: connection org.postgresql.jdbc.PgConnection@4610227d is alive
2025-10-15T09:10:28.718+05:30 DEBUG 2988 --- [midtier] [l-1:housekeeper] com.zaxxer.hikari.pool.HikariPool        : HikariPool-1 - keepalive: connection org.postgresql.jdbc.PgConnection@68529ed8 is alive
2025-10-15T09:11:43.871+05:30  WARN 2988 --- [midtier] [l-1:housekeeper] com.zaxxer.hikari.pool.HikariPool        : HikariPool-1 - Thread starvation or clock leap detected (housekeeper delta=1m39s600ms).
2025-10-15T09:11:44.028+05:30 DEBUG 2988 --- [midtier] [l-1:housekeeper] com.zaxxer.hikari.pool.HikariPool        : HikariPool-1 - Pool stats (total=10/10, idle=10/10, active=0, waiting=0)
2025-10-15T09:11:44.039+05:30 DEBUG 2988 --- [midtier] [l-1:housekeeper] com.zaxxer.hikari.pool.HikariPool        : HikariPool-1 - Fill pool skipped, pool has sufficient level or currently being filled.
2025-10-15T09:11:48.995+05:30 DEBUG 2988 --- [midtier] [l-1:housekeeper] com.zaxxer.hikari.pool.HikariPool        : HikariPool-1 - keepalive: connection org.postgresql.jdbc.PgConnection@7f77e4d8 is alive
2025-10-15T09:11:56.420+05:30 DEBUG 2988 --- [midtier] [l-1:housekeeper] com.zaxxer.hikari.pool.HikariPool        : HikariPool-1 - keepalive: connection org.postgresql.jdbc.PgConnection@1efcff2 is alive
2025-10-15T09:12:07.169+05:30 DEBUG 2988 --- [midtier] [nnection-closer] com.zaxxer.hikari.pool.PoolBase          : HikariPool-1 - Closing connection org.postgresql.jdbc.PgConnection@68529ed8: (connection has passed maxLifetime)
2025-10-15T09:12:07.185+05:30 DEBUG 2988 --- [midtier] [onnection-adder] com.zaxxer.hikari.pool.PoolBase          : HikariPool-1 - Attempting to create/setup new connection (8e0c57d9-750f-4635-9688-fa97bbc5a29b)
2025-10-15T09:12:07.375+05:30 DEBUG 2988 --- [midtier] [onnection-adder] com.zaxxer.hikari.pool.PoolBase          : HikariPool-1 - Established new connection (8e0c57d9-750f-4635-9688-fa97bbc5a29b)
2025-10-15T09:12:07.376+05:30 DEBUG 2988 --- [midtier] [onnection-adder] com.zaxxer.hikari.pool.HikariPool        : HikariPool-1 - Added connection org.postgresql.jdbc.PgConnection@2acf9045
2025-10-15T09:40:33.838+05:30  WARN 2988 --- [midtier] [l-1:housekeeper] com.zaxxer.hikari.pool.HikariPool        : HikariPool-1 - Thread starvation or clock leap detected (housekeeper delta=28m49s977ms).
2025-10-15T09:40:33.897+05:30 DEBUG 2988 --- [midtier] [l-1:housekeeper] com.zaxxer.hikari.pool.HikariPool        : HikariPool-1 - Pool stats (total=10/10, idle=10/10, active=0, waiting=0)
2025-10-15T09:40:33.900+05:30 DEBUG 2988 --- [midtier] [l-1:housekeeper] com.zaxxer.hikari.pool.HikariPool        : HikariPool-1 - Fill pool skipped, pool has sufficient level or currently being filled.
2025-10-15T09:40:34.888+05:30 DEBUG 2988 --- [midtier] [l-1:housekeeper] com.zaxxer.hikari.pool.HikariPool        : HikariPool-1 - keepalive: connection org.postgresql.jdbc.PgConnection@3acf9ad3 is alive
2025-10-15T09:40:56.110+05:30 DEBUG 2988 --- [midtier] [l-1:housekeeper] com.zaxxer.hikari.pool.HikariPool        : HikariPool-1 - keepalive: connection org.postgresql.jdbc.PgConnection@47ff91de is alive
2025-10-15T09:40:56.603+05:30 DEBUG 2988 --- [midtier] [nnection-closer] com.zaxxer.hikari.pool.PoolBase          : HikariPool-1 - Closing connection org.postgresql.jdbc.PgConnection@6fa7cfca: (connection has passed maxLifetime)
2025-10-15T09:40:56.612+05:30 DEBUG 2988 --- [midtier] [onnection-adder] com.zaxxer.hikari.pool.PoolBase          : HikariPool-1 - Attempting to create/setup new connection (777e0f9f-dbd6-4d7c-9b79-aa64678ece3e)
2025-10-15T09:40:56.659+05:30 DEBUG 2988 --- [midtier] [onnection-adder] com.zaxxer.hikari.pool.PoolBase          : HikariPool-1 - Established new connection (777e0f9f-dbd6-4d7c-9b79-aa64678ece3e)
2025-10-15T09:40:56.659+05:30 DEBUG 2988 --- [midtier] [onnection-adder] com.zaxxer.hikari.pool.HikariPool        : HikariPool-1 - Added connection org.postgresql.jdbc.PgConnection@44be3369
2025-10-15T09:41:00.825+05:30 DEBUG 2988 --- [midtier] [l-1:housekeeper] com.zaxxer.hikari.pool.HikariPool        : HikariPool-1 - keepalive: connection org.postgresql.jdbc.PgConnection@436c38f8 is alive
2025-10-15T09:41:04.117+05:30 DEBUG 2988 --- [midtier] [l-1:housekeeper] com.zaxxer.hikari.pool.HikariPool        : HikariPool-1 - Pool stats (total=10/10, idle=10/10, active=0, waiting=0)
2025-10-15T09:41:04.117+05:30 DEBUG 2988 --- [midtier] [l-1:housekeeper] com.zaxxer.hikari.pool.HikariPool        : HikariPool-1 - Fill pool skipped, pool has sufficient level or currently being filled.
2025-10-15T09:56:35.713+05:30 DEBUG 2988 --- [midtier] [l-1:housekeeper] com.zaxxer.hikari.pool.HikariPool        : HikariPool-1 - keepalive: connection org.postgresql.jdbc.PgConnection@31fa74e0 is alive
2025-10-15T09:56:47.073+05:30 DEBUG 2988 --- [midtier] [l-1:housekeeper] com.zaxxer.hikari.pool.HikariPool        : HikariPool-1 - keepalive: connection org.postgresql.jdbc.PgConnection@3f3d8d77 is alive
2025-10-15T09:56:47.201+05:30 DEBUG 2988 --- [midtier] [l-1:housekeeper] com.zaxxer.hikari.pool.HikariPool        : HikariPool-1 - keepalive: connection org.postgresql.jdbc.PgConnection@4610227d is alive
2025-10-15T09:56:54.111+05:30  WARN 2988 --- [midtier] [l-1:housekeeper] com.zaxxer.hikari.pool.HikariPool        : HikariPool-1 - Thread starvation or clock leap detected (housekeeper delta=15m49s992ms).
2025-10-15T09:56:54.112+05:30 DEBUG 2988 --- [midtier] [l-1:housekeeper] com.zaxxer.hikari.pool.HikariPool        : HikariPool-1 - Pool stats (total=10/10, idle=10/10, active=0, waiting=0)
2025-10-15T09:56:54.113+05:30 DEBUG 2988 --- [midtier] [l-1:housekeeper] com.zaxxer.hikari.pool.HikariPool        : HikariPool-1 - Fill pool skipped, pool has sufficient level or currently being filled.
2025-10-15T09:57:09.218+05:30 DEBUG 2988 --- [midtier] [l-1:housekeeper] com.zaxxer.hikari.pool.HikariPool        : HikariPool-1 - keepalive: connection org.postgresql.jdbc.PgConnection@7f77e4d8 is alive
2025-10-15T09:57:12.136+05:30 DEBUG 2988 --- [midtier] [l-1:housekeeper] com.zaxxer.hikari.pool.HikariPool        : HikariPool-1 - keepalive: connection org.postgresql.jdbc.PgConnection@1efcff2 is alive
2025-10-15T09:57:24.115+05:30 DEBUG 2988 --- [midtier] [l-1:housekeeper] com.zaxxer.hikari.pool.HikariPool        : HikariPool-1 - Pool stats (total=10/10, idle=10/10, active=0, waiting=0)
2025-10-15T09:57:24.116+05:30 DEBUG 2988 --- [midtier] [l-1:housekeeper] com.zaxxer.hikari.pool.HikariPool        : HikariPool-1 - Fill pool skipped, pool has sufficient level or currently being filled.
2025-10-15T09:57:28.559+05:30 DEBUG 2988 --- [midtier] [l-1:housekeeper] com.zaxxer.hikari.pool.HikariPool        : HikariPool-1 - keepalive: connection org.postgresql.jdbc.PgConnection@2acf9045 is alive
2025-10-15T09:57:31.545+05:30 DEBUG 2988 --- [midtier] [l-1:housekeeper] com.zaxxer.hikari.pool.HikariPool        : HikariPool-1 - keepalive: connection org.postgresql.jdbc.PgConnection@3acf9ad3 is alive
2025-10-15T09:57:54.123+05:30 DEBUG 2988 --- [midtier] [l-1:housekeeper] com.zaxxer.hikari.pool.HikariPool        : HikariPool-1 - Pool stats (total=10/10, idle=10/10, active=0, waiting=0)
2025-10-15T09:57:54.124+05:30 DEBUG 2988 --- [midtier] [l-1:housekeeper] com.zaxxer.hikari.pool.HikariPool        : HikariPool-1 - Fill pool skipped, pool has sufficient level or currently being filled.
2025-10-15T09:58:02.620+05:30 DEBUG 2988 --- [midtier] [l-1:housekeeper] com.zaxxer.hikari.pool.HikariPool        : HikariPool-1 - keepalive: connection org.postgresql.jdbc.PgConnection@44be3369 is alive
2025-10-15T09:58:07.824+05:30 DEBUG 2988 --- [midtier] [l-1:housekeeper] com.zaxxer.hikari.pool.HikariPool        : HikariPool-1 - keepalive: connection org.postgresql.jdbc.PgConnection@436c38f8 is alive
2025-10-15T09:58:13.498+05:30 DEBUG 2988 --- [midtier] [l-1:housekeeper] com.zaxxer.hikari.pool.HikariPool        : HikariPool-1 - keepalive: connection org.postgresql.jdbc.PgConnection@47ff91de is alive
2025-10-15T09:58:18.911+05:30 DEBUG 2988 --- [midtier] [l-1:housekeeper] com.zaxxer.hikari.pool.HikariPool        : HikariPool-1 - keepalive: connection org.postgresql.jdbc.PgConnection@31fa74e0 is alive
2025-10-15T09:58:24.130+05:30 DEBUG 2988 --- [midtier] [l-1:housekeeper] com.zaxxer.hikari.pool.HikariPool        : HikariPool-1 - Pool stats (total=10/10, idle=10/10, active=0, waiting=0)
2025-10-15T09:58:24.131+05:30 DEBUG 2988 --- [midtier] [l-1:housekeeper] com.zaxxer.hikari.pool.HikariPool        : HikariPool-1 - Fill pool skipped, pool has sufficient level or currently being filled.
2025-10-15T09:58:36.521+05:30 DEBUG 2988 --- [midtier] [l-1:housekeeper] com.zaxxer.hikari.pool.HikariPool        : HikariPool-1 - keepalive: connection org.postgresql.jdbc.PgConnection@4610227d is alive
2025-10-15T09:58:40.311+05:30 DEBUG 2988 --- [midtier] [l-1:housekeeper] com.zaxxer.hikari.pool.HikariPool        : HikariPool-1 - keepalive: connection org.postgresql.jdbc.PgConnection@3f3d8d77 is alive
2025-10-15T09:58:53.824+05:30 DEBUG 2988 --- [midtier] [l-1:housekeeper] com.zaxxer.hikari.pool.HikariPool        : HikariPool-1 - keepalive: connection org.postgresql.jdbc.PgConnection@1efcff2 is alive
2025-10-15T09:58:54.133+05:30 DEBUG 2988 --- [midtier] [l-1:housekeeper] com.zaxxer.hikari.pool.HikariPool        : HikariPool-1 - Pool stats (total=10/10, idle=10/10, active=0, waiting=0)
2025-10-15T09:58:54.133+05:30 DEBUG 2988 --- [midtier] [l-1:housekeeper] com.zaxxer.hikari.pool.HikariPool        : HikariPool-1 - Fill pool skipped, pool has sufficient level or currently being filled.
2025-10-15T09:58:55.419+05:30 DEBUG 2988 --- [midtier] [l-1:housekeeper] com.zaxxer.hikari.pool.HikariPool        : HikariPool-1 - keepalive: connection org.postgresql.jdbc.PgConnection@7f77e4d8 is alive
2025-10-15T09:59:08.083+05:30 DEBUG 2988 --- [midtier] [l-1:housekeeper] com.zaxxer.hikari.pool.HikariPool        : HikariPool-1 - keepalive: connection org.postgresql.jdbc.PgConnection@3acf9ad3 is alive
2025-10-15T09:59:15.720+05:30 DEBUG 2988 --- [midtier] [l-1:housekeeper] com.zaxxer.hikari.pool.HikariPool        : HikariPool-1 - keepalive: connection org.postgresql.jdbc.PgConnection@2acf9045 is alive
